一级分类,二级分类,品名,最低价,最高价,平均价,单位,产地,规格,日期
肉禽蛋,牛肉类,整牛,32.0,33.0,32.5,斤,,,2026-09-17
肉禽蛋,牛肉类,牛前腱,38.0,39.0,38.5,斤,,,2026-09-17
肉禽蛋,牛肉类,牛后腱,38.0,39.0,38.5,斤,,,2026-09-17
肉禽蛋,牛肉类,牛前腿,32.0,33.0,32.5,斤,,,2026-09-17
肉禽蛋,牛肉类,牛后腿,32.0,33.0,32.5,斤,,,2026-09-17
肉禽蛋,牛肉类,牛腰窝,34.0,35.0,34.5,斤,,,2026-09-17
肉禽蛋,牛肉类,肥牛,26.0,37.0,31.5,斤,,,2026-09-17
肉禽蛋,牛肉类,牛柳,39.0,40.0,39.5,斤,,里脊,2026-09-17
肉禽蛋,牛肉类,精牛柳,40.0,40.0,40.0,斤,,,2026-09-17
肉禽蛋,牛肉类,牛腩,33.0,33.0,33.0,斤,,,2026-09-17
肉禽蛋,牛肉类,牛林,32.0,32.0,32.0,斤,,,2026-09-17
肉禽蛋,牛肉类,牛金钱腱,55.0,58.0,56.5,斤,,,2026-09-17
肉禽蛋,牛肉类,牛筋头巴脑,28.0,29.0,28.5,斤,,,2026-09-17
肉禽蛋,牛肉类,牛宝,17.0,18.0,17.5,斤,,,2026-09-17
肉禽蛋,牛肉类,牛鞭,45.0,48.0,46.5,斤,,,2026-09-17
肉禽蛋,牛肉类,牛油,5.0,5.0,5.0,斤,,,2026-09-17
肉禽蛋,牛肉类,牛心,6.0,6.0,6.0,斤,,,2026-09-17
肉禽蛋,牛肉类,牛舌,22.0,23.0,22.5,斤,,,2026-09-17
肉禽蛋,牛肉类,牛骨,3.5,4.0,3.75,斤,,,2026-09-17
肉禽蛋,牛肉类,牛排骨,31.0,31.0,31.0,斤,,,2026-09-17
肉禽蛋,牛肉类,牛蹄筋,22.0,23.0,22.5,斤,,,2026-09-17
肉禽蛋,牛肉类,牛板筋,28.0,28.0,28.0,斤,,,2026-09-17
肉禽蛋,牛肉类,牛心管,32.0,33.0,32.5,斤,,,2026-09-17
肉禽蛋,牛肉类,牛肚,16.0,16.0,16.0,斤,,,2026-09-17
肉禽蛋,牛肉类,牛腰子,9.0,10.0,9.5,斤,,,2026-09-17
肉禽蛋,牛肉类,牛尾,23.0,25.0,24.0,斤,,,2026-09-17
肉禽蛋,牛肉类,牛百叶,29.0,30.0,29.5,斤,,,2026-09-17
肉禽蛋,牛肉类,牛上脑,32.0,32.0,32.0,斤,,,2026-09-17
肉禽蛋,牛肉类,整牛,32.0,33.0,32.5,斤,,,2026-09-16
肉禽蛋,牛肉类,牛前腱,38.0,38.0,38.0,斤,,,2026-09-16
肉禽蛋,牛肉类,牛后腱,38.0,38.0,38.0,斤,,,2026-09-16
肉禽蛋,牛肉类,牛前腿,32.0,33.0,32.5,斤,,,2026-09-16
肉禽蛋,牛肉类,牛后腿,32.0,33.0,32.5,斤,,,2026-09-16
肉禽蛋,牛肉类,牛腰窝,34.0,35.0,34.5,斤,,,2026-09-16
肉禽蛋,牛肉类,肥牛,26.0,37.0,31.5,斤,,,2026-09-16
肉禽蛋,牛肉类,牛柳,39.0,40.0,39.5,斤,,里脊,2026-09-16
肉禽蛋,牛肉类,精牛柳,40.0,40.0,40.0,斤,,,2026-09-16
肉禽蛋,牛肉类,牛腩,33.0,33.0,33.0,斤,,,2026-09-16
肉禽蛋,牛肉类,牛林,32.0,32.0,32.0,斤,,,2026-09-16
肉禽蛋,牛肉类,牛金钱腱,55.0,55.0,55.0,斤,,,2026-09-16
肉禽蛋,牛肉类,牛筋头巴脑,28.0,29.0,28.5,斤,,,2026-09-16
肉禽蛋,牛肉类,牛宝,17.0,18.0,17.5,斤,,,2026-09-16
肉禽蛋,牛肉类,牛鞭,45.0,48.0,46.5,斤,,,2026-09-16
肉禽蛋,牛肉类,牛油,5.0,5.0,5.0,斤,,,2026-09-16
肉禽蛋,牛肉类,牛心,6.0,6.0,6.0,斤,,,2026-09-16
肉禽蛋,牛肉类,牛舌,22.0,23.0,22.5,斤,,,2026-09-16
肉禽蛋,牛肉类,牛骨,3.5,4.0,3.75,斤,,,2026-09-16
肉禽蛋,牛肉类,牛排骨,31.0,32.0,31.5,斤,,,2026-09-16
肉禽蛋,牛肉类,牛蹄筋,22.0,23.0,22.5,斤,,,2026-09-16
肉禽蛋,牛肉类,牛板筋,28.0,28.0,28.0,斤,,,2026-09-16
肉禽蛋,牛肉类,牛心管,32.0,33.0,32.5,斤,,,2026-09-16
肉禽蛋,牛肉类,牛肚,16.0,16.0,16.0,斤,,,2026-09-16
肉禽蛋,牛肉类,牛腰子,9.0,10.0,9.5,斤,,,2026-09-16
肉禽蛋,牛肉类,牛尾,23.0,25.0,24.0,斤,,,2026-09-16
肉禽蛋,牛肉类,牛百叶,29.0,30.0,29.5,斤,,,2026-09-16
肉禽蛋,牛肉类,牛上脑,32.0,32.0,32.0,斤,,,2026-09-16
肉禽蛋,牛肉类,整牛,32.0,33.0,32.5,斤,,,2026-09-15
肉禽蛋,牛肉类,牛前腱,37.0,38.0,37.5,斤,,,2026-09-15
肉禽蛋,牛肉类,牛后腱,37.0,38.0,37.5,斤,,,2026-09-15
肉禽蛋,牛肉类,牛前腿,33.0,33.0,33.0,斤,,,2026-09-15
肉禽蛋,牛肉类,牛后腿,33.0,33.0,33.0,斤,,,2026-09-15
肉禽蛋,牛肉类,牛腰窝,34.0,35.0,34.5,斤,,,2026-09-15
肉禽蛋,牛肉类,肥牛,26.0,37.0,31.5,斤,,,2026-09-15
肉禽蛋,牛肉类,牛柳,39.0,40.0,39.5,斤,,里脊,2026-09-15
肉禽蛋,牛肉类,精牛柳,39.0,40.0,39.5,斤,,,2026-09-15
肉禽蛋,牛肉类,牛腩,33.0,33.0,33.0,斤,,,2026-09-15
肉禽蛋,牛肉类,牛林,32.0,33.0,32.5,斤,,,2026-09-15
肉禽蛋,牛肉类,牛金钱腱,55.0,55.0,55.0,斤,,,2026-09-15
肉禽蛋,牛肉类,牛筋头巴脑,28.0,29.0,28.5,斤,,,2026-09-15
肉禽蛋,牛肉类,牛宝,17.0,18.0,17.5,斤,,,2026-09-15
肉禽蛋,牛肉类,牛鞭,45.0,48.0,46.5,斤,,,2026-09-15
肉禽蛋,牛肉类,牛油,5.0,5.0,5.0,斤,,,2026-09-15
肉禽蛋,牛肉类,牛心,6.0,6.0,6.0,斤,,,2026-09-15
肉禽蛋,牛肉类,牛舌,22.0,23.0,22.5,斤,,,2026-09-15
肉禽蛋,牛肉类,牛骨,3.5,4.0,3.75,斤,,,2026-09-15
肉禽蛋,牛肉类,牛排骨,31.0,32.0,31.5,斤,,,2026-09-15
肉禽蛋,牛肉类,牛蹄筋,22.0,23.0,22.5,斤,,,2026-09-15
肉禽蛋,牛肉类,牛板筋,28.0,28.0,28.0,斤,,,2026-09-15
肉禽蛋,牛肉类,牛心管,32.0,33.0,32.5,斤,,,2026-09-15
肉禽蛋,牛肉类,牛肚,16.0,16.0,16.0,斤,,,2026-09-15
肉禽蛋,牛肉类,牛腰子,9.0,10.0,9.5,斤,,,2026-09-15
肉禽蛋,牛肉类,牛尾,23.0,25.0,24.0,斤,,,2026-09-15
肉禽蛋,牛肉类,牛百叶,29.0,30.0,29.5,斤,,,2026-09-15
肉禽蛋,牛肉类,牛上脑,32.0,32.0,32.0,斤,,,2026-09-15
肉禽蛋,牛肉类,整牛,32.0,33.0,32.5,斤,,,2026-09-14
肉禽蛋,牛肉类,牛前腱,37.0,38.0,37.5,斤,,,2026-09-14
肉禽蛋,牛肉类,牛后腱,37.0,38.0,37.5,斤,,,2026-09-14
肉禽蛋,牛肉类,牛前腿,33.0,33.0,33.0,斤,,,2026-09-14
肉禽蛋,牛肉类,牛后腿,33.0,33.0,33.0,斤,,,2026-09-14
肉禽蛋,牛肉类,牛腰窝,34.0,35.0,34.5,斤,,,2026-09-14
肉禽蛋,牛肉类,肥牛,26.0,37.0,31.5,斤,,,2026-09-14
肉禽蛋,牛肉类,牛柳,39.0,40.0,39.5,斤,,里脊,2026-09-14
肉禽蛋,牛肉类,精牛柳,39.0,40.0,39.5,斤,,,2026-09-14
肉禽蛋,牛肉类,牛腩,33.0,33.0,33.0,斤,,,2026-09-14
肉禽蛋,牛肉类,牛林,32.0,33.0,32.5,斤,,,2026-09-14
肉禽蛋,牛肉类,牛金钱腱,53.0,55.0,54.0,斤,,,2026-09-14
肉禽蛋,牛肉类,牛筋头巴脑,28.0,29.0,28.5,斤,,,2026-09-14
肉禽蛋,牛肉类,牛宝,17.0,18.0,17.5,斤,,,2026-09-14
肉禽蛋,牛肉类,牛鞭,45.0,48.0,46.5,斤,,,2026-09-14
肉禽蛋,牛肉类,牛油,5.0,5.0,5.0,斤,,,2026-09-14
肉禽蛋,牛肉类,牛心,6.0,6.0,6.0,斤,,,2026-09-14
肉禽蛋,牛肉类,牛舌,22.0,23.0,22.5,斤,,,2026-09-14
肉禽蛋,牛肉类,牛骨,3.5,4.0,3.75,斤,,,2026-09-14
肉禽蛋,牛肉类,牛排骨,31.0,32.0,31.5,斤,,,2026-09-14
肉禽蛋,牛肉类,牛蹄筋,22.0,23.0,22.5,斤,,,2026-09-14
肉禽蛋,牛肉类,牛板筋,28.0,28.0,28.0,斤,,,2026-09-14
肉禽蛋,牛肉类,牛心管,32.0,33.0,32.5,斤,,,2026-09-14
肉禽蛋,牛肉类,牛肚,15.0,16.0,15.5,斤,,,2026-09-14
肉禽蛋,牛肉类,牛腰子,9.0,10.0,9.5,斤,,,2026-09-14
肉禽蛋,牛肉类,牛尾,23.0,25.0,24.0,斤,,,2026-09-14
肉禽蛋,牛肉类,牛百叶,29.0,30.0,29.5,斤,,,2026-09-14
肉禽蛋,牛肉类,牛上脑,32.0,32.0,32.0,斤,,,2026-09-14
肉禽蛋,牛肉类,整牛,32.0,33.0,32.5,斤,,,2026-09-13
肉禽蛋,牛肉类,牛前腱,37.0,38.0,37.5,斤,,,2026-09-13
肉禽蛋,牛肉类,牛后腱,37.0,38.0,37.5,斤,,,2026-09-13
肉禽蛋,牛肉类,牛前腿,32.0,33.0,32.5,斤,,,2026-09-13
肉禽蛋,牛肉类,牛后腿,32.0,33.0,32.5,斤,,,2026-09-13
肉禽蛋,牛肉类,牛腰窝,35.0,35.0,35.0,斤,,,2026-09-13
肉禽蛋,牛肉类,肥牛,26.0,36.0,31.0,斤,,,2026-09-13
肉禽蛋,牛肉类,牛柳,38.0,40.0,39.0,斤,,里脊,2026-09-13
肉禽蛋,牛肉类,精牛柳,39.0,40.0,39.5,斤,,,2026-09-13
肉禽蛋,牛肉类,牛腩,32.5,33.0,32.75,斤,,,2026-09-13
肉禽蛋,牛肉类,牛林,32.0,33.0,32.5,斤,,,2026-09-13
肉禽蛋,牛肉类,牛金钱腱,50.0,55.0,52.5,斤,,,2026-09-13
肉禽蛋,牛肉类,牛筋头巴脑,28.0,29.0,28.5,斤,,,2026-09-13
肉禽蛋,牛肉类,牛宝,17.0,18.0,17.5,斤,,,2026-09-13
肉禽蛋,牛肉类,牛鞭,45.0,48.0,46.5,斤,,,2026-09-13
肉禽蛋,牛肉类,牛油,5.0,5.0,5.0,斤,,,2026-09-13
肉禽蛋,牛肉类,牛心,6.0,6.0,6.0,斤,,,2026-09-13
肉禽蛋,牛肉类,牛舌,22.0,23.0,22.5,斤,,,2026-09-13
肉禽蛋,牛肉类,牛骨,3.5,4.0,3.75,斤,,,2026-09-13
肉禽蛋,牛肉类,牛排骨,30.0,31.0,30.5,斤,,,2026-09-13
肉禽蛋,牛肉类,牛蹄筋,23.0,23.0,23.0,斤,,,2026-09-13
肉禽蛋,牛肉类,牛板筋,28.0,28.0,28.0,斤,,,2026-09-13
肉禽蛋,牛肉类,牛心管,32.0,33.0,32.5,斤,,,2026-09-13
肉禽蛋,牛肉类,牛肚,15.0,15.0,15.0,斤,,,2026-09-13
肉禽蛋,牛肉类,牛腰子,9.0,10.0,9.5,斤,,,2026-09-13
肉禽蛋,牛肉类,牛尾,23.0,25.0,24.0,斤,,,2026-09-13
肉禽蛋,牛肉类,牛百叶,29.0,30.0,29.5,斤,,,2026-09-13
肉禽蛋,牛肉类,牛上脑,32.0,33.0,32.5,斤,,,2026-09-13
肉禽蛋,牛肉类,整牛,32.0,33.0,32.5,斤,,,2026-09-12
肉禽蛋,牛肉类,牛前腱,37.0,38.0,37.5,斤,,,2026-09-12
肉禽蛋,牛肉类,牛后腱,37.0,38.0,37.5,斤,,,2026-09-12
肉禽蛋,牛肉类,牛前腿,32.0,33.0,32.5,斤,,,2026-09-12
肉禽蛋,牛肉类,牛后腿,32.0,33.0,32.5,斤,,,2026-09-12
肉禽蛋,牛肉类,牛腰窝,35.0,35.0,35.0,斤,,,2026-09-12
肉禽蛋,牛肉类,肥牛,26.0,36.0,31.0,斤,,,2026-09-12
肉禽蛋,牛肉类,牛柳,38.0,40.0,39.0,斤,,里脊,2026-09-12
肉禽蛋,牛肉类,精牛柳,39.0,40.0,39.5,斤,,,2026-09-12
肉禽蛋,牛肉类,牛腩,32.5,33.0,32.75,斤,,,2026-09-12
肉禽蛋,牛肉类,牛林,32.0,33.0,32.5,斤,,,2026-09-12
肉禽蛋,牛肉类,牛金钱腱,50.0,55.0,52.5,斤,,,2026-09-12
肉禽蛋,牛肉类,牛筋头巴脑,28.0,29.0,28.5,斤,,,2026-09-12
肉禽蛋,牛肉类,牛宝,17.0,18.0,17.5,斤,,,2026-09-12
肉禽蛋,牛肉类,牛鞭,45.0,48.0,46.5,斤,,,2026-09-12
肉禽蛋,牛肉类,牛油,5.0,5.0,5.0,斤,,,2026-09-12
肉禽蛋,牛肉类,牛心,6.0,6.0,6.0,斤,,,2026-09-12
肉禽蛋,牛肉类,牛舌,22.0,23.0,22.5,斤,,,2026-09-12
肉禽蛋,牛肉类,牛骨,3.5,4.0,3.75,斤,,,2026-09-12
肉禽蛋,牛肉类,牛排骨,30.0,31.0,30.5,斤,,,2026-09-12
肉禽蛋,牛肉类,牛蹄筋,23.0,23.0,23.0,斤,,,2026-09-12
肉禽蛋,牛肉类,牛板筋,28.0,28.0,28.0,斤,,,2026-09-12
肉禽蛋,牛肉类,牛心管,32.0,33.0,32.5,斤,,,2026-09-12
肉禽蛋,牛肉类,牛肚,15.0,15.0,15.0,斤,,,2026-09-12
肉禽蛋,牛肉类,牛腰子,9.0,10.0,9.5,斤,,,2026-09-12
肉禽蛋,牛肉类,牛尾,23.0,25.0,24.0,斤,,,2026-09-12
肉禽蛋,牛肉类,牛百叶,29.0,30.0,29.5,斤,,,2026-09-12
肉禽蛋,牛肉类,牛上脑,32.0,33.0,32.5,斤,,,2026-09-12
肉禽蛋,牛肉类,整牛,32.0,33.0,32.5,斤,,,2026-09-11
肉禽蛋,牛肉类,牛前腱,37.0,38.0,37.5,斤,,,2026-09-11
肉禽蛋,牛肉类,牛后腱,37.0,38.0,37.5,斤,,,2026-09-11
肉禽蛋,牛肉类,牛前腿,32.0,33.0,32.5,斤,,,2026-09-11
肉禽蛋,牛肉类,牛后腿,32.0,33.0,32.5,斤,,,2026-09-11
肉禽蛋,牛肉类,牛腰窝,35.0,35.0,35.0,斤,,,2026-09-11
肉禽蛋,牛肉类,肥牛,26.0,36.0,31.0,斤,,,2026-09-11
肉禽蛋,牛肉类,牛柳,38.0,40.0,39.0,斤,,里脊,2026-09-11
肉禽蛋,牛肉类,精牛柳,39.0,40.0,39.5,斤,,,2026-09-11
肉禽蛋,牛肉类,牛腩,32.5,33.0,32.75,斤,,,2026-09-11
肉禽蛋,牛肉类,牛林,32.0,33.0,32.5,斤,,,2026-09-11
肉禽蛋,牛肉类,牛金钱腱,50.0,55.0,52.5,斤,,,2026-09-11
肉禽蛋,牛肉类,牛筋头巴脑,28.0,29.0,28.5,斤,,,2026-09-11
肉禽蛋,牛肉类,牛宝,17.0,18.0,17.5,斤,,,2026-09-11
肉禽蛋,牛肉类,牛鞭,45.0,48.0,46.5,斤,,,2026-09-11
肉禽蛋,牛肉类,牛油,5.0,5.0,5.0,斤,,,2026-09-11
肉禽蛋,牛肉类,牛心,6.0,6.0,6.0,斤,,,2026-09-11
肉禽蛋,牛肉类,牛舌,22.0,23.0,22.5,斤,,,2026-09-11
肉禽蛋,牛肉类,牛骨,3.5,4.0,3.75,斤,,,2026-09-11
肉禽蛋,牛肉类,牛排骨,30.0,31.0,30.5,斤,,,2026-09-11
肉禽蛋,牛肉类,牛蹄筋,23.0,23.0,23.0,斤,,,2026-09-11
肉禽蛋,牛肉类,牛板筋,28.0,28.0,28.0,斤,,,2026-09-11
肉禽蛋,牛肉类,牛心管,32.0,33.0,32.5,斤,,,2026-09-11
肉禽蛋,牛肉类,牛肚,15.0,15.0,15.0,斤,,,2026-09-11
肉禽蛋,牛肉类,牛腰子,9.0,10.0,9.5,斤,,,2026-09-11
肉禽蛋,牛肉类,牛尾,23.0,25.0,24.0,斤,,,2026-09-11
肉禽蛋,牛肉类,牛百叶,29.0,30.0,29.5,斤,,,2026-09-11
肉禽蛋,牛肉类,牛上脑,32.0,33.0,32.5,斤,,,2026-09-11
肉禽蛋,牛肉类,整牛,32.0,33.0,32.5,斤,,,2026-09-10
肉禽蛋,牛肉类,牛前腱,37.0,37.0,37.0,斤,,,2026-09-10
肉禽蛋,牛肉类,牛后腱,37.0,37.0,37.0,斤,,,2026-09-10
肉禽蛋,牛肉类,牛前腿,32.0,33.0,32.5,斤,,,2026-09-10
肉禽蛋,牛肉类,牛后腿,32.0,33.0,32.5,斤,,,2026-09-10
肉禽蛋,牛肉类,牛腰窝,35.0,35.0,35.0,斤,,,2026-09-10
肉禽蛋,牛肉类,肥牛,26.0,36.0,31.0,斤,,,2026-09-10
肉禽蛋,牛肉类,牛柳,38.0,40.0,39.0,斤,,里脊,2026-09-10
肉禽蛋,牛肉类,精牛柳,39.0,40.0,39.5,斤,,,2026-09-10
肉禽蛋,牛肉类,牛腩,32.5,33.0,32.75,斤,,,2026-09-10
肉禽蛋,牛肉类,牛林,32.0,33.0,32.5,斤,,,2026-09-10
肉禽蛋,牛肉类,牛金钱腱,50.0,55.0,52.5,斤,,,2026-09-10
肉禽蛋,牛肉类,牛筋头巴脑,28.0,29.0,28.5,斤,,,2026-09-10
肉禽蛋,牛肉类,牛宝,17.0,18.0,17.5,斤,,,2026-09-10
肉禽蛋,牛肉类,牛鞭,45.0,48.0,46.5,斤,,,2026-09-10
肉禽蛋,牛肉类,牛油,5.0,5.0,5.0,斤,,,2026-09-10
肉禽蛋,牛肉类,牛心,6.0,6.0,6.0,斤,,,2026-09-10
肉禽蛋,牛肉类,牛舌,22.0,23.0,22.5,斤,,,2026-09-10
肉禽蛋,牛肉类,牛骨,3.5,4.0,3.75,斤,,,2026-09-10
肉禽蛋,牛肉类,牛排骨,30.0,31.0,30.5,斤,,,2026-09-10
肉禽蛋,牛肉类,牛蹄筋,23.0,23.0,23.0,斤,,,2026-09-10
肉禽蛋,牛肉类,牛板筋,28.0,28.0,28.0,斤,,,2026-09-10
肉禽蛋,牛肉类,牛心管,32.0,33.0,32.5,斤,,,2026-09-10
肉禽蛋,牛肉类,牛肚,15.0,15.0,15.0,斤,,,2026-09-10
肉禽蛋,牛肉类,牛腰子,9.0,10.0,9.5,斤,,,2026-09-10
肉禽蛋,牛肉类,牛尾,23.0,25.0,24.0,斤,,,2026-09-10
肉禽蛋,牛肉类,牛百叶,29.0,30.0,29.5,斤,,,2026-09-10
肉禽蛋,牛肉类,牛上脑,32.0,33.0,32.5,斤,,,2026-09-10
肉禽蛋,牛肉类,整牛,32.0,33.0,32.5,斤,,,2026-09-09
肉禽蛋,牛肉类,牛前腱,36.0,37.0,36.5,斤,,,2026-09-09
肉禽蛋,牛肉类,牛后腱,36.0,37.0,36.5,斤,,,2026-09-09
肉禽蛋,牛肉类,牛前腿,32.0,33.0,32.5,斤,,,2026-09-09
肉禽蛋,牛肉类,牛后腿,32.0,33.0,32.5,斤,,,2026-09-09
肉禽蛋,牛肉类,牛腰窝,35.0,35.0,35.0,斤,,,2026-09-09
肉禽蛋,牛肉类,肥牛,26.0,36.0,31.0,斤,,,2026-09-09
肉禽蛋,牛肉类,牛柳,38.0,39.0,38.5,斤,,里脊,2026-09-09
肉禽蛋,牛肉类,精牛柳,39.0,40.0,39.5,斤,,,2026-09-09
肉禽蛋,牛肉类,牛腩,32.5,33.0,32.75,斤,,,2026-09-09
肉禽蛋,牛肉类,牛林,32.0,33.0,32.5,斤,,,2026-09-09
肉禽蛋,牛肉类,牛金钱腱,50.0,55.0,52.5,斤,,,2026-09-09
肉禽蛋,牛肉类,牛筋头巴脑,28.0,29.0,28.5,斤,,,2026-09-09
肉禽蛋,牛肉类,牛宝,17.0,18.0,17.5,斤,,,2026-09-09
肉禽蛋,牛肉类,牛鞭,45.0,48.0,46.5,斤,,,2026-09-09
肉禽蛋,牛肉类,牛油,5.0,5.0,5.0,斤,,,2026-09-09
肉禽蛋,牛肉类,牛心,6.0,6.0,6.0,斤,,,2026-09-09
肉禽蛋,牛肉类,牛舌,22.0,23.0,22.5,斤,,,2026-09-09
肉禽蛋,牛肉类,牛骨,3.5,4.0,3.75,斤,,,2026-09-09
肉禽蛋,牛肉类,牛排骨,30.0,31.0,30.5,斤,,,2026-09-09
肉禽蛋,牛肉类,牛蹄筋,23.0,23.0,23.0,斤,,,2026-09-09
肉禽蛋,牛肉类,牛板筋,28.0,28.0,28.0,斤,,,2026-09-09
肉禽蛋,牛肉类,牛心管,32.0,33.0,32.5,斤,,,2026-09-09
肉禽蛋,牛肉类,牛肚,15.0,15.0,15.0,斤,,,2026-09-09
肉禽蛋,牛肉类,牛腰子,9.0,10.0,9.5,斤,,,2026-09-09
肉禽蛋,牛肉类,牛尾,23.0,25.0,24.0,斤,,,2026-09-09
肉禽蛋,牛肉类,牛百叶,29.0,30.0,29.5,斤,,,2026-09-09
肉禽蛋,牛肉类,牛上脑,32.0,33.0,32.5,斤,,,2026-09-09
肉禽蛋,牛肉类,整牛,32.0,33.0,32.5,斤,,,2026-09-08
肉禽蛋,牛肉类,牛前腱,36.0,37.0,36.5,斤,,,2026-09-08
肉禽蛋,牛肉类,牛后腱,36.0,37.0,36.5,斤,,,2026-09-08
肉禽蛋,牛肉类,牛前腿,32.0,33.0,32.5,斤,,,2026-09-08
肉禽蛋,牛肉类,牛后腿,32.0,33.0,32.5,斤,,,2026-09-08
肉禽蛋,牛肉类,牛腰窝,35.0,35.0,35.0,斤,,,2026-09-08
肉禽蛋,牛肉类,肥牛,26.0,36.0,31.0,斤,,,2026-09-08
肉禽蛋,牛肉类,牛柳,39.0,40.0,39.5,斤,,里脊,2026-09-08
肉禽蛋,牛肉类,精牛柳,39.0,40.0,39.5,斤,,,2026-09-08
肉禽蛋,牛肉类,牛腩,32.5,33.0,32.75,斤,,,2026-09-08
肉禽蛋,牛肉类,牛林,32.0,33.0,32.5,斤,,,2026-09-08
肉禽蛋,牛肉类,牛金钱腱,50.0,55.0,52.5,斤,,,2026-09-08
肉禽蛋,牛肉类,牛筋头巴脑,28.0,29.0,28.5,斤,,,2026-09-08
肉禽蛋,牛肉类,牛宝,17.0,18.0,17.5,斤,,,2026-09-08
肉禽蛋,牛肉类,牛鞭,45.0,48.0,46.5,斤,,,2026-09-08
肉禽蛋,牛肉类,牛油,5.0,5.0,5.0,斤,,,2026-09-08
肉禽蛋,牛肉类,牛心,6.0,6.0,6.0,斤,,,2026-09-08
肉禽蛋,牛肉类,牛舌,22.0,23.0,22.5,斤,,,2026-09-08
肉禽蛋,牛肉类,牛骨,3.5,4.0,3.75,斤,,,2026-09-08
肉禽蛋,牛肉类,牛排骨,30.0,31.0,30.5,斤,,,2026-09-08
肉禽蛋,牛肉类,牛蹄筋,23.0,23.0,23.0,斤,,,2026-09-08
肉禽蛋,牛肉类,牛板筋,28.0,28.0,28.0,斤,,,2026-09-08
肉禽蛋,牛肉类,牛心管,32.0,33.0,32.5,斤,,,2026-09-08
肉禽蛋,牛肉类,牛肚,15.0,15.0,15.0,斤,,,2026-09-08
肉禽蛋,牛肉类,牛腰子,9.0,10.0,9.5,斤,,,2026-09-08
肉禽蛋,牛肉类,牛尾,23.0,25.0,24.0,斤,,,2026-09-08
肉禽蛋,牛肉类,牛百叶,29.0,30.0,29.5,斤,,,2026-09-08
肉禽蛋,牛肉类,牛上脑,32.0,33.0,32.5,斤,,,2026-09-08
肉禽蛋,牛肉类,整牛,32.0,33.0,32.5,斤,,,2026-09-07
肉禽蛋,牛肉类,牛前腱,37.0,37.0,37.0,斤,,,2026-09-07
肉禽蛋,牛肉类,牛后腱,37.0,37.0,37.0,斤,,,2026-09-07
肉禽蛋,牛肉类,牛前腿,32.0,33.0,32.5,斤,,,2026-09-07
肉禽蛋,牛肉类,牛后腿,32.0,33.0,32.5,斤,,,2026-09-07
肉禽蛋,牛肉类,牛腰窝,35.0,35.0,35.0,斤,,,2026-09-07
肉禽蛋,牛肉类,肥牛,26.0,36.0,31.0,斤,,,2026-09-07
肉禽蛋,牛肉类,牛柳,39.0,40.0,39.5,斤,,里脊,2026-09-07
肉禽蛋,牛肉类,精牛柳,40.0,40.0,40.0,斤,,,2026-09-07
肉禽蛋,牛肉类,牛腩,32.5,33.0,32.75,斤,,,2026-09-07
肉禽蛋,牛肉类,牛林,32.0,33.0,32.5,斤,,,2026-09-07
肉禽蛋,牛肉类,牛金钱腱,50.0,55.0,52.5,斤,,,2026-09-07
肉禽蛋,牛肉类,牛筋头巴脑,28.0,29.0,28.5,斤,,,2026-09-07
肉禽蛋,牛肉类,牛宝,17.0,18.0,17.5,斤,,,2026-09-07
肉禽蛋,牛肉类,牛鞭,45.0,48.0,46.5,斤,,,2026-09-07
肉禽蛋,牛肉类,牛油,5.0,5.0,5.0,斤,,,2026-09-07
肉禽蛋,牛肉类,牛心,6.0,6.0,6.0,斤,,,2026-09-07
肉禽蛋,牛肉类,牛舌,22.0,23.0,22.5,斤,,,2026-09-07
肉禽蛋,牛肉类,牛骨,3.5,4.0,3.75,斤,,,2026-09-07
肉禽蛋,牛肉类,牛排骨,30.0,31.0,30.5,斤,,,2026-09-07
肉禽蛋,牛肉类,牛蹄筋,23.0,23.0,23.0,斤,,,2026-09-07
肉禽蛋,牛肉类,牛板筋,28.0,28.0,28.0,斤,,,2026-09-07
肉禽蛋,牛肉类,牛心管,32.0,33.0,32.5,斤,,,2026-09-07
肉禽蛋,牛肉类,牛肚,15.0,15.0,15.0,斤,,,2026-09-07
肉禽蛋,牛肉类,牛腰子,9.0,10.0,9.5,斤,,,2026-09-07
肉禽蛋,牛肉类,牛尾,23.0,25.0,24.0,斤,,,2026-09-07
肉禽蛋,牛肉类,牛百叶,29.0,30.0,29.5,斤,,,2026-09-07
肉禽蛋,牛肉类,牛上脑,32.0,33.0,32.5,斤,,,2026-09-07
肉禽蛋,牛肉类,整牛,32.5,33.0,32.75,斤,,,2026-09-06
肉禽蛋,牛肉类,牛前腱,37.0,37.0,37.0,斤,,,2026-09-06
肉禽蛋,牛肉类,牛后腱,37.0,37.0,37.0,斤,,,2026-09-06
肉禽蛋,牛肉类,牛前腿,32.5,33.0,32.75,斤,,,2026-09-06
肉禽蛋,牛肉类,牛后腿,32.5,33.0,32.75,斤,,,2026-09-06
肉禽蛋,牛肉类,牛腰窝,35.0,35.0,35.0,斤,,,2026-09-06
肉禽蛋,牛肉类,肥牛,26.0,36.0,31.0,斤,,,2026-09-06
肉禽蛋,牛肉类,牛柳,39.0,40.0,39.5,斤,,里脊,2026-09-06
肉禽蛋,牛肉类,精牛柳,39.0,40.0,39.5,斤,,,2026-09-06
肉禽蛋,牛肉类,牛腩,33.0,33.0,33.0,斤,,,2026-09-06
肉禽蛋,牛肉类,牛林,32.5,33.0,32.75,斤,,,2026-09-06
肉禽蛋,牛肉类,牛金钱腱,50.0,55.0,52.5,斤,,,2026-09-06
肉禽蛋,牛肉类,牛筋头巴脑,28.0,29.0,28.5,斤,,,2026-09-06
肉禽蛋,牛肉类,牛宝,17.0,18.0,17.5,斤,,,2026-09-06
肉禽蛋,牛肉类,牛鞭,45.0,48.0,46.5,斤,,,2026-09-06
肉禽蛋,牛肉类,牛油,5.0,5.0,5.0,斤,,,2026-09-06
肉禽蛋,牛肉类,牛心,6.0,6.0,6.0,斤,,,2026-09-06
肉禽蛋,牛肉类,牛舌,22.0,23.0,22.5,斤,,,2026-09-06
肉禽蛋,牛肉类,牛骨,3.5,4.0,3.75,斤,,,2026-09-06
肉禽蛋,牛肉类,牛排骨,30.0,31.0,30.5,斤,,,2026-09-06
肉禽蛋,牛肉类,牛蹄筋,23.0,23.0,23.0,斤,,,2026-09-06
肉禽蛋,牛肉类,牛板筋,28.0,28.0,28.0,斤,,,2026-09-06
肉禽蛋,牛肉类,牛心管,32.0,33.0,32.5,斤,,,2026-09-06
肉禽蛋,牛肉类,牛肚,15.0,15.0,15.0,斤,,,2026-09-06
肉禽蛋,牛肉类,牛腰子,9.0,10.0,9.5,斤,,,2026-09-06
肉禽蛋,牛肉类,牛尾,23.0,25.0,24.0,斤,,,2026-09-06
肉禽蛋,牛肉类,牛百叶,29.0,30.0,29.5,斤,,,2026-09-06
肉禽蛋,牛肉类,牛上脑,32.5,33.0,32.75,斤,,,2026-09-06
肉禽蛋,牛肉类,整牛,32.5,33.0,32.75,斤,,,2026-09-05
肉禽蛋,牛肉类,牛前腱,37.0,37.0,37.0,斤,,,2026-09-05
肉禽蛋,牛肉类,牛后腱,37.0,37.0,37.0,斤,,,2026-09-05
肉禽蛋,牛肉类,牛前腿,32.5,33.0,32.75,斤,,,2026-09-05
肉禽蛋,牛肉类,牛后腿,32.5,33.0,32.75,斤,,,2026-09-05
肉禽蛋,牛肉类,牛腰窝,35.0,35.0,35.0,斤,,,2026-09-05
肉禽蛋,牛肉类,肥牛,26.0,36.0,31.0,斤,,,2026-09-05
肉禽蛋,牛肉类,牛柳,39.0,40.0,39.5,斤,,里脊,2026-09-05
肉禽蛋,牛肉类,精牛柳,39.0,40.0,39.5,斤,,,2026-09-05
肉禽蛋,牛肉类,牛腩,33.0,33.0,33.0,斤,,,2026-09-05
肉禽蛋,牛肉类,牛林,32.5,33.0,32.75,斤,,,2026-09-05
肉禽蛋,牛肉类,牛金钱腱,50.0,55.0,52.5,斤,,,2026-09-05
肉禽蛋,牛肉类,牛筋头巴脑,28.0,29.0,28.5,斤,,,2026-09-05
肉禽蛋,牛肉类,牛宝,17.0,18.0,17.5,斤,,,2026-09-05
肉禽蛋,牛肉类,牛鞭,45.0,48.0,46.5,斤,,,2026-09-05
肉禽蛋,牛肉类,牛油,5.0,5.0,5.0,斤,,,2026-09-05
肉禽蛋,牛肉类,牛心,6.0,6.0,6.0,斤,,,2026-09-05
肉禽蛋,牛肉类,牛舌,22.0,23.0,22.5,斤,,,2026-09-05
肉禽蛋,牛肉类,牛骨,3.5,4.0,3.75,斤,,,2026-09-05
肉禽蛋,牛肉类,牛排骨,30.0,31.0,30.5,斤,,,2026-09-05
肉禽蛋,牛肉类,牛蹄筋,23.0,23.0,23.0,斤,,,2026-09-05
肉禽蛋,牛肉类,牛板筋,28.0,28.0,28.0,斤,,,2026-09-05
肉禽蛋,牛肉类,牛心管,32.0,33.0,32.5,斤,,,2026-09-05
肉禽蛋,牛肉类,牛肚,15.0,15.0,15.0,斤,,,2026-09-05
肉禽蛋,牛肉类,牛腰子,9.0,10.0,9.5,斤,,,2026-09-05
肉禽蛋,牛肉类,牛尾,23.0,25.0,24.0,斤,,,2026-09-05
肉禽蛋,牛肉类,牛百叶,29.0,30.0,29.5,斤,,,2026-09-05
肉禽蛋,牛肉类,牛上脑,32.5,33.0,32.75,斤,,,2026-09-05
肉禽蛋,牛肉类,整牛,32.5,33.0,32.75,斤,,,2026-09-04
肉禽蛋,牛肉类,牛前腱,37.0,37.0,37.0,斤,,,2026-09-04
肉禽蛋,牛肉类,牛后腱,37.0,37.0,37.0,斤,,,2026-09-04
肉禽蛋,牛肉类,牛前腿,32.5,33.0,32.75,斤,,,2026-09-04
肉禽蛋,牛肉类,牛后腿,32.5,33.0,32.75,斤,,,2026-09-04
肉禽蛋,牛肉类,牛腰窝,35.0,35.0,35.0,斤,,,2026-09-04
肉禽蛋,牛肉类,肥牛,26.0,36.0,31.0,斤,,,2026-09-04
肉禽蛋,牛肉类,牛柳,39.0,40.0,39.5,斤,,里脊,2026-09-04
肉禽蛋,牛肉类,精牛柳,39.0,40.0,39.5,斤,,,2026-09-04
肉禽蛋,牛肉类,牛腩,33.0,33.0,33.0,斤,,,2026-09-04
肉禽蛋,牛肉类,牛林,32.5,33.0,32.75,斤,,,2026-09-04
肉禽蛋,牛肉类,牛金钱腱,50.0,55.0,52.5,斤,,,2026-09-04
肉禽蛋,牛肉类,牛筋头巴脑,28.0,29.0,28.5,斤,,,2026-09-04
肉禽蛋,牛肉类,牛宝,17.0,18.0,17.5,斤,,,2026-09-04
肉禽蛋,牛肉类,牛鞭,45.0,48.0,46.5,斤,,,2026-09-04
肉禽蛋,牛肉类,牛油,5.0,5.0,5.0,斤,,,2026-09-04
肉禽蛋,牛肉类,牛心,6.0,6.0,6.0,斤,,,2026-09-04
肉禽蛋,牛肉类,牛舌,22.0,23.0,22.5,斤,,,2026-09-04
肉禽蛋,牛肉类,牛骨,3.5,4.0,3.75,斤,,,2026-09-04
肉禽蛋,牛肉类,牛排骨,30.0,31.0,30.5,斤,,,2026-09-04
肉禽蛋,牛肉类,牛蹄筋,23.0,23.0,23.0,斤,,,2026-09-04
肉禽蛋,牛肉类,牛板筋,28.0,28.0,28.0,斤,,,2026-09-04
肉禽蛋,牛肉类,牛心管,32.0,33.0,32.5,斤,,,2026-09-04
肉禽蛋,牛肉类,牛肚,15.0,15.0,15.0,斤,,,2026-09-04
肉禽蛋,牛肉类,牛腰子,9.0,10.0,9.5,斤,,,2026-09-04
肉禽蛋,牛肉类,牛尾,23.0,25.0,24.0,斤,,,2026-09-04
肉禽蛋,牛肉类,牛百叶,29.0,30.0,29.5,斤,,,2026-09-04
肉禽蛋,牛肉类,牛上脑,32.5,33.0,32.75,斤,,,2026-09-04
肉禽蛋,牛肉类,整牛,32.5,33.0,32.75,斤,,,2026-09-03
肉禽蛋,牛肉类,牛前腱,37.0,37.0,37.0,斤,,,2026-09-03
肉禽蛋,牛肉类,牛后腱,37.0,37.0,37.0,斤,,,2026-09-03
肉禽蛋,牛肉类,牛前腿,32.5,33.0,32.75,斤,,,2026-09-03
肉禽蛋,牛肉类,牛后腿,32.5,33.0,32.75,斤,,,2026-09-03
肉禽蛋,牛肉类,牛腰窝,35.0,35.0,35.0,斤,,,2026-09-03
肉禽蛋,牛肉类,肥牛,26.0,36.0,31.0,斤,,,2026-09-03
肉禽蛋,牛肉类,牛柳,39.0,40.0,39.5,斤,,里脊,2026-09-03
肉禽蛋,牛肉类,精牛柳,39.0,40.0,39.5,斤,,,2026-09-03
肉禽蛋,牛肉类,牛腩,33.0,33.0,33.0,斤,,,2026-09-03
肉禽蛋,牛肉类,牛林,32.5,33.0,32.75,斤,,,2026-09-03
肉禽蛋,牛肉类,牛金钱腱,50.0,55.0,52.5,斤,,,2026-09-03
肉禽蛋,牛肉类,牛筋头巴脑,28.0,29.0,28.5,斤,,,2026-09-03
肉禽蛋,牛肉类,牛宝,17.0,18.0,17.5,斤,,,2026-09-03
肉禽蛋,牛肉类,牛鞭,45.0,48.0,46.5,斤,,,2026-09-03
肉禽蛋,牛肉类,牛油,5.0,5.0,5.0,斤,,,2026-09-03
肉禽蛋,牛肉类,牛心,6.0,6.0,6.0,斤,,,2026-09-03
肉禽蛋,牛肉类,牛舌,22.0,23.0,22.5,斤,,,2026-09-03
肉禽蛋,牛肉类,牛骨,3.5,4.0,3.75,斤,,,2026-09-03
肉禽蛋,牛肉类,牛排骨,30.0,31.0,30.5,斤,,,2026-09-03
肉禽蛋,牛肉类,牛蹄筋,23.0,23.0,23.0,斤,,,2026-09-03
肉禽蛋,牛肉类,牛板筋,28.0,28.0,28.0,斤,,,2026-09-03
肉禽蛋,牛肉类,牛心管,32.0,33.0,32.5,斤,,,2026-09-03
肉禽蛋,牛肉类,牛肚,15.0,15.0,15.0,斤,,,2026-09-03
肉禽蛋,牛肉类,牛腰子,9.0,10.0,9.5,斤,,,2026-09-03
肉禽蛋,牛肉类,牛尾,23.0,25.0,24.0,斤,,,2026-09-03
肉禽蛋,牛肉类,牛百叶,29.0,30.0,29.5,斤,,,2026-09-03
肉禽蛋,牛肉类,牛上脑,32.5,33.0,32.75,斤,,,2026-09-03
肉禽蛋,牛肉类,整牛,32.5,33.0,32.75,斤,,,2026-09-03
肉禽蛋,牛肉类,牛前腱,37.0,37.0,37.0,斤,,,2026-09-03
肉禽蛋,牛肉类,牛后腱,37.0,37.0,37.0,斤,,,2026-09-03
肉禽蛋,牛肉类,牛前腿,32.5,33.0,32.75,斤,,,2026-09-03
肉禽蛋,牛肉类,牛后腿,32.5,33.0,32.75,斤,,,2026-09-03
肉禽蛋,牛肉类,牛腰窝,35.0,35.0,35.0,斤,,,2026-09-03
肉禽蛋,牛肉类,肥牛,26.0,36.0,31.0,斤,,,2026-09-03
肉禽蛋,牛肉类,牛柳,39.0,40.0,39.5,斤,,里脊,2026-09-03
肉禽蛋,牛肉类,精牛柳,39.0,40.0,39.5,斤,,,2026-09-03
肉禽蛋,牛肉类,牛腩,33.0,33.0,33.0,斤,,,2026-09-03
肉禽蛋,牛肉类,牛林,32.5,33.0,32.75,斤,,,2026-09-03
肉禽蛋,牛肉类,牛金钱腱,50.0,55.0,52.5,斤,,,2026-09-03
肉禽蛋,牛肉类,牛筋头巴脑,28.0,29.0,28.5,斤,,,2026-09-03
肉禽蛋,牛肉类,牛宝,17.0,18.0,17.5,斤,,,2026-09-03
肉禽蛋,牛肉类,牛鞭,45.0,48.0,46.5,斤,,,2026-09-03
肉禽蛋,牛肉类,牛油,5.0,5.0,5.0,斤,,,2026-09-03
肉禽蛋,牛肉类,牛心,6.0,6.0,6.0,斤,,,2026-09-03
肉禽蛋,牛肉类,牛舌,22.0,23.0,22.5,斤,,,2026-09-03
肉禽蛋,牛肉类,牛骨,3.5,4.0,3.75,斤,,,2026-09-03
肉禽蛋,牛肉类,牛排骨,30.0,31.0,30.5,斤,,,2026-09-03
肉禽蛋,牛肉类,牛蹄筋,23.0,23.0,23.0,斤,,,2026-09-03
肉禽蛋,牛肉类,牛板筋,28.0,28.0,28.0,斤,,,2026-09-03
肉禽蛋,牛肉类,牛心管,32.0,33.0,32.5,斤,,,2026-09-03
肉禽蛋,牛肉类,牛肚,15.0,15.0,15.0,斤,,,2026-09-03
肉禽蛋,牛肉类,牛腰子,9.0,10.0,9.5,斤,,,2026-09-03
肉禽蛋,牛肉类,牛尾,23.0,25.0,24.0,斤,,,2026-09-03
肉禽蛋,牛肉类,牛百叶,29.0,30.0,29.5,斤,,,2026-09-03
肉禽蛋,牛肉类,牛上脑,32.5,33.0,32.75,斤,,,2026-09-03
肉禽蛋,牛肉类,整牛,32.5,33.0,32.75,斤,,,2026-09-02
肉禽蛋,牛肉类,牛前腱,37.0,37.0,37.0,斤,,,2026-09-02
肉禽蛋,牛肉类,牛后腱,37.0,37.0,37.0,斤,,,2026-09-02
肉禽蛋,牛肉类,牛前腿,33.0,33.0,33.0,斤,,,2026-09-02
肉禽蛋,牛肉类,牛后腿,33.0,33.0,33.0,斤,,,2026-09-02
肉禽蛋,牛肉类,牛腰窝,35.0,35.0,35.0,斤,,,2026-09-02
肉禽蛋,牛肉类,肥牛,26.0,36.0,31.0,斤,,,2026-09-02
肉禽蛋,牛肉类,牛柳,38.0,39.0,38.5,斤,,里脊,2026-09-02
肉禽蛋,牛肉类,精牛柳,39.0,40.0,39.5,斤,,,2026-09-02
肉禽蛋,牛肉类,牛腩,33.0,33.0,33.0,斤,,,2026-09-02
肉禽蛋,牛肉类,牛林,33.0,33.0,33.0,斤,,,2026-09-02
肉禽蛋,牛肉类,牛金钱腱,50.0,55.0,52.5,斤,,,2026-09-02
肉禽蛋,牛肉类,牛筋头巴脑,28.0,29.0,28.5,斤,,,2026-09-02
肉禽蛋,牛肉类,牛宝,17.0,18.0,17.5,斤,,,2026-09-02
肉禽蛋,牛肉类,牛鞭,45.0,48.0,46.5,斤,,,2026-09-02
肉禽蛋,牛肉类,牛油,5.0,5.0,5.0,斤,,,2026-09-02
肉禽蛋,牛肉类,牛心,6.0,6.0,6.0,斤,,,2026-09-02
肉禽蛋,牛肉类,牛舌,22.0,23.0,22.5,斤,,,2026-09-02
肉禽蛋,牛肉类,牛骨,3.5,4.0,3.75,斤,,,2026-09-02
肉禽蛋,牛肉类,牛排骨,30.0,31.0,30.5,斤,,,2026-09-02
肉禽蛋,牛肉类,牛蹄筋,23.0,23.0,23.0,斤,,,2026-09-02
肉禽蛋,牛肉类,牛板筋,28.0,28.0,28.0,斤,,,2026-09-02
肉禽蛋,牛肉类,牛心管,32.0,33.0,32.5,斤,,,2026-09-02
肉禽蛋,牛肉类,牛肚,15.0,15.0,15.0,斤,,,2026-09-02
肉禽蛋,牛肉类,牛腰子,9.0,10.0,9.5,斤,,,2026-09-02
肉禽蛋,牛肉类,牛尾,23.0,25.0,24.0,斤,,,2026-09-02
肉禽蛋,牛肉类,牛百叶,29.0,30.0,29.5,斤,,,2026-09-02
肉禽蛋,牛肉类,牛上脑,33.0,33.0,33.0,斤,,,2026-09-02
肉禽蛋,牛肉类,整牛,32.0,33.0,32.5,斤,,,2026-09-01
肉禽蛋,牛肉类,牛前腱,37.0,37.0,37.0,斤,,,2026-09-01
肉禽蛋,牛肉类,牛后腱,37.0,37.0,37.0,斤,,,2026-09-01
肉禽蛋,牛肉类,牛前腿,33.0,33.0,33.0,斤,,,2026-09-01
肉禽蛋,牛肉类,牛后腿,33.0,33.0,33.0,斤,,,2026-09-01
肉禽蛋,牛肉类,牛腰窝,35.0,35.0,35.0,斤,,,2026-09-01
肉禽蛋,牛肉类,肥牛,26.0,36.0,31.0,斤,,,2026-09-01
肉禽蛋,牛肉类,牛柳,38.0,39.0,38.5,斤,,里脊,2026-09-01
肉禽蛋,牛肉类,精牛柳,39.0,40.0,39.5,斤,,,2026-09-01
肉禽蛋,牛肉类,牛腩,33.0,33.0,33.0,斤,,,2026-09-01
肉禽蛋,牛肉类,牛林,33.0,33.0,33.0,斤,,,2026-09-01
肉禽蛋,牛肉类,牛金钱腱,50.0,55.0,52.5,斤,,,2026-09-01
肉禽蛋,牛肉类,牛筋头巴脑,28.0,29.0,28.5,斤,,,2026-09-01
肉禽蛋,牛肉类,牛宝,17.0,18.0,17.5,斤,,,2026-09-01
肉禽蛋,牛肉类,牛鞭,45.0,48.0,46.5,斤,,,2026-09-01
肉禽蛋,牛肉类,牛油,5.0,5.0,5.0,斤,,,2026-09-01
肉禽蛋,牛肉类,牛心,6.0,6.0,6.0,斤,,,2026-09-01
肉禽蛋,牛肉类,牛舌,22.0,23.0,22.5,斤,,,2026-09-01
肉禽蛋,牛肉类,牛骨,3.5,4.0,3.75,斤,,,2026-09-01
肉禽蛋,牛肉类,牛排骨,30.0,31.0,30.5,斤,,,2026-09-01
肉禽蛋,牛肉类,牛蹄筋,23.0,23.0,23.0,斤,,,2026-09-01
肉禽蛋,牛肉类,牛板筋,28.0,28.0,28.0,斤,,,2026-09-01
肉禽蛋,牛肉类,牛心管,32.0,33.0,32.5,斤,,,2026-09-01
肉禽蛋,牛肉类,牛肚,15.0,15.0,15.0,斤,,,2026-09-01
肉禽蛋,牛肉类,牛腰子,9.0,10.0,9.5,斤,,,2026-09-01
肉禽蛋,牛肉类,牛尾,23.0,25.0,24.0,斤,,,2026-09-01
肉禽蛋,牛肉类,牛百叶,29.0,30.0,29.5,斤,,,2026-09-01
肉禽蛋,牛肉类,牛上脑,33.0,33.0,33.0,斤,,,2026-09-01
肉禽蛋,牛肉类,整牛,32.0,33.0,32.5,斤,,,2026-08-31
肉禽蛋,牛肉类,牛前腱,37.0,37.0,37.0,斤,,,2026-08-31
肉禽蛋,牛肉类,牛后腱,37.0,37.0,37.0,斤,,,2026-08-31
肉禽蛋,牛肉类,牛前腿,33.0,33.0,33.0,斤,,,2026-08-31
肉禽蛋,牛肉类,牛后腿,33.0,33.0,33.0,斤,,,2026-08-31
肉禽蛋,牛肉类,牛腰窝,34.0,35.0,34.5,斤,,,2026-08-31
肉禽蛋,牛肉类,肥牛,26.0,36.0,31.0,斤,,,2026-08-31
肉禽蛋,牛肉类,牛柳,38.0,38.0,38.0,斤,,里脊,2026-08-31
肉禽蛋,牛肉类,精牛柳,39.0,40.0,39.5,斤,,,2026-08-31
肉禽蛋,牛肉类,牛腩,33.0,33.0,33.0,斤,,,2026-08-31
肉禽蛋,牛肉类,牛林,33.0,33.0,33.0,斤,,,2026-08-31
肉禽蛋,牛肉类,牛金钱腱,50.0,55.0,52.5,斤,,,2026-08-31
肉禽蛋,牛肉类,牛筋头巴脑,28.0,29.0,28.5,斤,,,2026-08-31
肉禽蛋,牛肉类,牛宝,17.0,18.0,17.5,斤,,,2026-08-31
肉禽蛋,牛肉类,牛鞭,45.0,48.0,46.5,斤,,,2026-08-31
肉禽蛋,牛肉类,牛油,5.0,5.0,5.0,斤,,,2026-08-31
肉禽蛋,牛肉类,牛心,6.0,6.0,6.0,斤,,,2026-08-31
肉禽蛋,牛肉类,牛舌,22.0,23.0,22.5,斤,,,2026-08-31
肉禽蛋,牛肉类,牛骨,3.5,4.0,3.75,斤,,,2026-08-31
肉禽蛋,牛肉类,牛排骨,30.0,31.0,30.5,斤,,,2026-08-31
肉禽蛋,牛肉类,牛蹄筋,23.0,23.0,23.0,斤,,,2026-08-31
肉禽蛋,牛肉类,牛板筋,28.0,28.0,28.0,斤,,,2026-08-31
肉禽蛋,牛肉类,牛心管,32.0,33.0,32.5,斤,,,2026-08-31
肉禽蛋,牛肉类,牛肚,15.0,15.0,15.0,斤,,,2026-08-31
肉禽蛋,牛肉类,牛腰子,9.0,10.0,9.5,斤,,,2026-08-31
肉禽蛋,牛肉类,牛尾,23.0,25.0,24.0,斤,,,2026-08-31
肉禽蛋,牛肉类,牛百叶,29.0,30.0,29.5,斤,,,2026-08-31
肉禽蛋,牛肉类,牛上脑,33.0,33.0,33.0,斤,,,2026-08-31
肉禽蛋,牛肉类,整牛,32.0,32.5,32.25,斤,,,2026-08-30
肉禽蛋,牛肉类,牛前腱,36.0,37.0,36.5,斤,,,2026-08-30
肉禽蛋,牛肉类,牛后腱,36.0,37.0,36.5,斤,,,2026-08-30
肉禽蛋,牛肉类,牛前腿,32.0,32.0,32.0,斤,,,2026-08-30
肉禽蛋,牛肉类,牛后腿,32.0,32.0,32.0,斤,,,2026-08-30
肉禽蛋,牛肉类,牛腰窝,34.0,35.0,34.5,斤,,,2026-08-30
肉禽蛋,牛肉类,肥牛,26.0,36.0,31.0,斤,,,2026-08-30
肉禽蛋,牛肉类,牛柳,37.0,38.0,37.5,斤,,里脊,2026-08-30
肉禽蛋,牛肉类,精牛柳,39.0,40.0,39.5,斤,,,2026-08-30
肉禽蛋,牛肉类,牛腩,32.0,32.0,32.0,斤,,,2026-08-30
肉禽蛋,牛肉类,牛林,32.0,32.0,32.0,斤,,,2026-08-30
肉禽蛋,牛肉类,牛金钱腱,50.0,55.0,52.5,斤,,,2026-08-30
肉禽蛋,牛肉类,牛筋头巴脑,27.0,28.0,27.5,斤,,,2026-08-30
肉禽蛋,牛肉类,牛宝,17.0,18.0,17.5,斤,,,2026-08-30
肉禽蛋,牛肉类,牛鞭,45.0,48.0,46.5,斤,,,2026-08-30
肉禽蛋,牛肉类,牛油,5.0,5.0,5.0,斤,,,2026-08-30
肉禽蛋,牛肉类,牛心,6.0,6.0,6.0,斤,,,2026-08-30
肉禽蛋,牛肉类,牛舌,22.0,23.0,22.5,斤,,,2026-08-30
肉禽蛋,牛肉类,牛骨,3.5,4.0,3.75,斤,,,2026-08-30
肉禽蛋,牛肉类,牛排骨,30.0,30.0,30.0,斤,,,2026-08-30
肉禽蛋,牛肉类,牛蹄筋,23.0,23.0,23.0,斤,,,2026-08-30
肉禽蛋,牛肉类,牛板筋,28.0,28.0,28.0,斤,,,2026-08-30
肉禽蛋,牛肉类,牛心管,32.0,33.0,32.5,斤,,,2026-08-30
肉禽蛋,牛肉类,牛肚,15.0,15.0,15.0,斤,,,2026-08-30
肉禽蛋,牛肉类,牛腰子,9.0,10.0,9.5,斤,,,2026-08-30
肉禽蛋,牛肉类,牛尾,23.0,25.0,24.0,斤,,,2026-08-30
肉禽蛋,牛肉类,牛百叶,29.0,30.0,29.5,斤,,,2026-08-30
肉禽蛋,牛肉类,牛上脑,32.0,32.0,32.0,斤,,,2026-08-30
肉禽蛋,牛肉类,整牛,32.0,32.5,32.25,斤,,,2026-08-29
肉禽蛋,牛肉类,牛前腱,36.0,37.0,36.5,斤,,,2026-08-29
肉禽蛋,牛肉类,牛后腱,36.0,37.0,36.5,斤,,,2026-08-29
肉禽蛋,牛肉类,牛前腿,32.0,32.0,32.0,斤,,,2026-08-29
肉禽蛋,牛肉类,牛后腿,32.0,32.0,32.0,斤,,,2026-08-29
肉禽蛋,牛肉类,牛腰窝,34.0,35.0,34.5,斤,,,2026-08-29
肉禽蛋,牛肉类,肥牛,26.0,36.0,31.0,斤,,,2026-08-29
肉禽蛋,牛肉类,牛柳,37.0,38.0,37.5,斤,,里脊,2026-08-29
肉禽蛋,牛肉类,精牛柳,39.0,40.0,39.5,斤,,,2026-08-29
肉禽蛋,牛肉类,牛腩,32.0,32.0,32.0,斤,,,2026-08-29
肉禽蛋,牛肉类,牛林,32.0,32.0,32.0,斤,,,2026-08-29
肉禽蛋,牛肉类,牛金钱腱,50.0,55.0,52.5,斤,,,2026-08-29
肉禽蛋,牛肉类,牛筋头巴脑,27.0,28.0,27.5,斤,,,2026-08-29
肉禽蛋,牛肉类,牛宝,17.0,18.0,17.5,斤,,,2026-08-29
肉禽蛋,牛肉类,牛鞭,45.0,48.0,46.5,斤,,,2026-08-29
肉禽蛋,牛肉类,牛油,5.0,5.0,5.0,斤,,,2026-08-29
肉禽蛋,牛肉类,牛心,6.0,6.0,6.0,斤,,,2026-08-29
肉禽蛋,牛肉类,牛舌,22.0,23.0,22.5,斤,,,2026-08-29
肉禽蛋,牛肉类,牛骨,3.5,4.0,3.75,斤,,,2026-08-29
肉禽蛋,牛肉类,牛排骨,30.0,30.0,30.0,斤,,,2026-08-29
肉禽蛋,牛肉类,牛蹄筋,23.0,23.0,23.0,斤,,,2026-08-29
肉禽蛋,牛肉类,牛板筋,28.0,28.0,28.0,斤,,,2026-08-29
肉禽蛋,牛肉类,牛心管,32.0,33.0,32.5,斤,,,2026-08-29
肉禽蛋,牛肉类,牛肚,15.0,15.0,15.0,斤,,,2026-08-29
肉禽蛋,牛肉类,牛腰子,9.0,10.0,9.5,斤,,,2026-08-29
肉禽蛋,牛肉类,牛尾,23.0,25.0,24.0,斤,,,2026-08-29
肉禽蛋,牛肉类,牛百叶,29.0,30.0,29.5,斤,,,2026-08-29
肉禽蛋,牛肉类,牛上脑,32.0,32.0,32.0,斤,,,2026-08-29
肉禽蛋,牛肉类,整牛,31.5,32.5,32.0,斤,,,2026-08-28
肉禽蛋,牛肉类,牛前腱,36.0,37.0,36.5,斤,,,2026-08-28
肉禽蛋,牛肉类,牛后腱,36.0,37.0,36.5,斤,,,2026-08-28
肉禽蛋,牛肉类,牛前腿,32.0,32.0,32.0,斤,,,2026-08-28
肉禽蛋,牛肉类,牛后腿,32.0,32.0,32.0,斤,,,2026-08-28
肉禽蛋,牛肉类,牛腰窝,34.0,35.0,34.5,斤,,,2026-08-28
肉禽蛋,牛肉类,肥牛,26.0,36.0,31.0,斤,,,2026-08-28
肉禽蛋,牛肉类,牛柳,37.0,38.0,37.5,斤,,里脊,2026-08-28
肉禽蛋,牛肉类,精牛柳,39.0,40.0,39.5,斤,,,2026-08-28
肉禽蛋,牛肉类,牛腩,32.0,32.0,32.0,斤,,,2026-08-28
肉禽蛋,牛肉类,牛林,32.0,32.0,32.0,斤,,,2026-08-28
肉禽蛋,牛肉类,牛金钱腱,50.0,55.0,52.5,斤,,,2026-08-28
肉禽蛋,牛肉类,牛筋头巴脑,27.0,28.0,27.5,斤,,,2026-08-28
肉禽蛋,牛肉类,牛宝,17.0,18.0,17.5,斤,,,2026-08-28
肉禽蛋,牛肉类,牛鞭,45.0,48.0,46.5,斤,,,2026-08-28
肉禽蛋,牛肉类,牛油,5.0,5.0,5.0,斤,,,2026-08-28
肉禽蛋,牛肉类,牛心,6.0,6.0,6.0,斤,,,2026-08-28
肉禽蛋,牛肉类,牛舌,22.0,23.0,22.5,斤,,,2026-08-28
肉禽蛋,牛肉类,牛骨,3.5,4.0,3.75,斤,,,2026-08-28
肉禽蛋,牛肉类,牛排骨,30.0,30.0,30.0,斤,,,2026-08-28
肉禽蛋,牛肉类,牛蹄筋,23.0,23.0,23.0,斤,,,2026-08-28
肉禽蛋,牛肉类,牛板筋,28.0,28.0,28.0,斤,,,2026-08-28
肉禽蛋,牛肉类,牛心管,32.0,33.0,32.5,斤,,,2026-08-28
肉禽蛋,牛肉类,牛肚,15.0,15.0,15.0,斤,,,2026-08-28
肉禽蛋,牛肉类,牛腰子,9.0,10.0,9.5,斤,,,2026-08-28
肉禽蛋,牛肉类,牛尾,23.0,25.0,24.0,斤,,,2026-08-28
肉禽蛋,牛肉类,牛百叶,29.0,30.0,29.5,斤,,,2026-08-28
肉禽蛋,牛肉类,牛上脑,32.0,32.0,32.0,斤,,,2026-08-28
肉禽蛋,牛肉类,整牛,31.5,33.0,32.25,斤,,,2026-08-27
肉禽蛋,牛肉类,牛前腱,36.0,37.0,36.5,斤,,,2026-08-27
肉禽蛋,牛肉类,牛后腱,36.0,37.0,36.5,斤,,,2026-08-27
肉禽蛋,牛肉类,牛前腿,32.0,32.0,32.0,斤,,,2026-08-27
肉禽蛋,牛肉类,牛后腿,32.0,32.0,32.0,斤,,,2026-08-27
肉禽蛋,牛肉类,牛腰窝,34.0,35.0,34.5,斤,,,2026-08-27
肉禽蛋,牛肉类,肥牛,26.0,36.0,31.0,斤,,,2026-08-27
肉禽蛋,牛肉类,牛柳,37.0,38.0,37.5,斤,,里脊,2026-08-27
肉禽蛋,牛肉类,精牛柳,38.0,40.0,39.0,斤,,,2026-08-27
肉禽蛋,牛肉类,牛腩,32.0,32.0,32.0,斤,,,2026-08-27
肉禽蛋,牛肉类,牛林,32.0,32.0,32.0,斤,,,2026-08-27
肉禽蛋,牛肉类,牛金钱腱,50.0,55.0,52.5,斤,,,2026-08-27
肉禽蛋,牛肉类,牛筋头巴脑,27.0,28.0,27.5,斤,,,2026-08-27
肉禽蛋,牛肉类,牛宝,17.0,18.0,17.5,斤,,,2026-08-27
肉禽蛋,牛肉类,牛鞭,45.0,48.0,46.5,斤,,,2026-08-27
肉禽蛋,牛肉类,牛油,5.0,5.0,5.0,斤,,,2026-08-27
肉禽蛋,牛肉类,牛心,6.0,6.0,6.0,斤,,,2026-08-27
肉禽蛋,牛肉类,牛舌,22.0,23.0,22.5,斤,,,2026-08-27
肉禽蛋,牛肉类,牛骨,3.5,4.0,3.75,斤,,,2026-08-27
肉禽蛋,牛肉类,牛排骨,30.0,30.0,30.0,斤,,,2026-08-27
肉禽蛋,牛肉类,牛蹄筋,23.0,23.0,23.0,斤,,,2026-08-27
肉禽蛋,牛肉类,牛板筋,28.0,28.0,28.0,斤,,,2026-08-27
肉禽蛋,牛肉类,牛心管,32.0,33.0,32.5,斤,,,2026-08-27
肉禽蛋,牛肉类,牛肚,15.0,15.0,15.0,斤,,,2026-08-27
肉禽蛋,牛肉类,牛腰子,9.0,10.0,9.5,斤,,,2026-08-27
肉禽蛋,牛肉类,牛尾,23.0,25.0,24.0,斤,,,2026-08-27
肉禽蛋,牛肉类,牛百叶,29.0,30.0,29.5,斤,,,2026-08-27
肉禽蛋,牛肉类,牛上脑,32.0,32.0,32.0,斤,,,2026-08-27
肉禽蛋,牛肉类,整牛,31.5,33.0,32.25,斤,,,2026-08-26
肉禽蛋,牛肉类,牛前腱,36.0,37.0,36.5,斤,,,2026-08-26
肉禽蛋,牛肉类,牛后腱,36.0,37.0,36.5,斤,,,2026-08-26
肉禽蛋,牛肉类,牛前腿,32.0,32.0,32.0,斤,,,2026-08-26
肉禽蛋,牛肉类,牛后腿,32.0,32.0,32.0,斤,,,2026-08-26
肉禽蛋,牛肉类,牛腰窝,34.0,35.0,34.5,斤,,,2026-08-26
肉禽蛋,牛肉类,肥牛,26.0,36.0,31.0,斤,,,2026-08-26
肉禽蛋,牛肉类,牛柳,37.0,38.0,37.5,斤,,里脊,2026-08-26
肉禽蛋,牛肉类,精牛柳,38.0,40.0,39.0,斤,,,2026-08-26
肉禽蛋,牛肉类,牛腩,32.0,32.0,32.0,斤,,,2026-08-26
肉禽蛋,牛肉类,牛林,32.0,32.0,32.0,斤,,,2026-08-26
肉禽蛋,牛肉类,牛金钱腱,50.0,55.0,52.5,斤,,,2026-08-26
肉禽蛋,牛肉类,牛筋头巴脑,27.0,28.0,27.5,斤,,,2026-08-26
肉禽蛋,牛肉类,牛宝,17.0,18.0,17.5,斤,,,2026-08-26
肉禽蛋,牛肉类,牛鞭,45.0,48.0,46.5,斤,,,2026-08-26
肉禽蛋,牛肉类,牛油,5.0,5.0,5.0,斤,,,2026-08-26
肉禽蛋,牛肉类,牛心,6.0,6.0,6.0,斤,,,2026-08-26
肉禽蛋,牛肉类,牛舌,22.0,23.0,22.5,斤,,,2026-08-26
肉禽蛋,牛肉类,牛骨,3.5,4.0,3.75,斤,,,2026-08-26
肉禽蛋,牛肉类,牛排骨,30.0,30.0,30.0,斤,,,2026-08-26
肉禽蛋,牛肉类,牛蹄筋,23.0,23.0,23.0,斤,,,2026-08-26
肉禽蛋,牛肉类,牛板筋,28.0,28.0,28.0,斤,,,2026-08-26
肉禽蛋,牛肉类,牛心管,32.0,33.0,32.5,斤,,,2026-08-26
肉禽蛋,牛肉类,牛肚,15.0,15.0,15.0,斤,,,2026-08-26
肉禽蛋,牛肉类,牛腰子,9.0,10.0,9.5,斤,,,2026-08-26
肉禽蛋,牛肉类,牛尾,23.0,25.0,24.0,斤,,,2026-08-26
肉禽蛋,牛肉类,牛百叶,29.0,30.0,29.5,斤,,,2026-08-26
肉禽蛋,牛肉类,牛上脑,32.0,32.0,32.0,斤,,,2026-08-26
肉禽蛋,牛肉类,整牛,31.0,32.0,31.5,斤,,,2026-08-25
肉禽蛋,牛肉类,牛前腱,36.0,36.0,36.0,斤,,,2026-08-25
肉禽蛋,牛肉类,牛后腱,36.0,36.0,36.0,斤,,,2026-08-25
肉禽蛋,牛肉类,牛前腿,31.0,31.0,31.0,斤,,,2026-08-25
肉禽蛋,牛肉类,牛后腿,31.0,31.0,31.0,斤,,,2026-08-25
肉禽蛋,牛肉类,牛腰窝,33.0,35.0,34.0,斤,,,2026-08-25
肉禽蛋,牛肉类,肥牛,26.0,36.0,31.0,斤,,,2026-08-25
肉禽蛋,牛肉类,牛柳,37.0,38.0,37.5,斤,,里脊,2026-08-25
肉禽蛋,牛肉类,精牛柳,38.0,39.0,38.5,斤,,,2026-08-25
肉禽蛋,牛肉类,牛腩,31.0,31.0,31.0,斤,,,2026-08-25
肉禽蛋,牛肉类,牛林,31.0,31.0,31.0,斤,,,2026-08-25
肉禽蛋,牛肉类,牛金钱腱,50.0,55.0,52.5,斤,,,2026-08-25
肉禽蛋,牛肉类,牛筋头巴脑,26.0,28.0,27.0,斤,,,2026-08-25
肉禽蛋,牛肉类,牛宝,17.0,18.0,17.5,斤,,,2026-08-25
肉禽蛋,牛肉类,牛鞭,45.0,48.0,46.5,斤,,,2026-08-25
肉禽蛋,牛肉类,牛油,5.0,5.0,5.0,斤,,,2026-08-25
肉禽蛋,牛肉类,牛心,6.0,6.0,6.0,斤,,,2026-08-25
肉禽蛋,牛肉类,牛舌,22.0,23.0,22.5,斤,,,2026-08-25
肉禽蛋,牛肉类,牛骨,3.5,4.0,3.75,斤,,,2026-08-25
肉禽蛋,牛肉类,牛排骨,30.0,30.0,30.0,斤,,,2026-08-25
肉禽蛋,牛肉类,牛蹄筋,23.0,23.0,23.0,斤,,,2026-08-25
肉禽蛋,牛肉类,牛板筋,28.0,28.0,28.0,斤,,,2026-08-25
肉禽蛋,牛肉类,牛心管,32.0,33.0,32.5,斤,,,2026-08-25
肉禽蛋,牛肉类,牛肚,15.0,15.0,15.0,斤,,,2026-08-25
肉禽蛋,牛肉类,牛腰子,9.0,10.0,9.5,斤,,,2026-08-25
肉禽蛋,牛肉类,牛尾,23.0,25.0,24.0,斤,,,2026-08-25
肉禽蛋,牛肉类,牛百叶,29.0,30.0,29.5,斤,,,2026-08-25
肉禽蛋,牛肉类,牛上脑,31.0,31.0,31.0,斤,,,2026-08-25
肉禽蛋,牛肉类,整牛,31.0,32.0,31.5,斤,,,2026-08-24
肉禽蛋,牛肉类,牛前腱,36.0,36.0,36.0,斤,,,2026-08-24
肉禽蛋,牛肉类,牛后腱,36.0,36.0,36.0,斤,,,2026-08-24
肉禽蛋,牛肉类,牛前腿,31.0,31.0,31.0,斤,,,2026-08-24
肉禽蛋,牛肉类,牛后腿,31.0,31.0,31.0,斤,,,2026-08-24
肉禽蛋,牛肉类,牛腰窝,33.0,35.0,34.0,斤,,,2026-08-24
肉禽蛋,牛肉类,肥牛,26.0,36.0,31.0,斤,,,2026-08-24
肉禽蛋,牛肉类,牛柳,38.0,38.0,38.0,斤,,里脊,2026-08-24
肉禽蛋,牛肉类,精牛柳,39.0,39.0,39.0,斤,,,2026-08-24
肉禽蛋,牛肉类,牛腩,31.0,31.0,31.0,斤,,,2026-08-24
肉禽蛋,牛肉类,牛林,31.0,31.0,31.0,斤,,,2026-08-24
肉禽蛋,牛肉类,牛金钱腱,50.0,55.0,52.5,斤,,,2026-08-24
肉禽蛋,牛肉类,牛筋头巴脑,26.0,28.0,27.0,斤,,,2026-08-24
肉禽蛋,牛肉类,牛宝,17.0,18.0,17.5,斤,,,2026-08-24
肉禽蛋,牛肉类,牛鞭,45.0,48.0,46.5,斤,,,2026-08-24
肉禽蛋,牛肉类,牛油,5.0,5.0,5.0,斤,,,2026-08-24
肉禽蛋,牛肉类,牛心,6.0,6.0,6.0,斤,,,2026-08-24
肉禽蛋,牛肉类,牛舌,22.0,23.0,22.5,斤,,,2026-08-24
肉禽蛋,牛肉类,牛骨,3.5,4.0,3.75,斤,,,2026-08-24
肉禽蛋,牛肉类,牛排骨,30.0,30.0,30.0,斤,,,2026-08-24
肉禽蛋,牛肉类,牛蹄筋,23.0,23.0,23.0,斤,,,2026-08-24
肉禽蛋,牛肉类,牛板筋,28.0,28.0,28.0,斤,,,2026-08-24
肉禽蛋,牛肉类,牛心管,32.0,33.0,32.5,斤,,,2026-08-24
肉禽蛋,牛肉类,牛肚,15.0,15.0,15.0,斤,,,2026-08-24
肉禽蛋,牛肉类,牛腰子,9.0,10.0,9.5,斤,,,2026-08-24
肉禽蛋,牛肉类,牛尾,23.0,25.0,24.0,斤,,,2026-08-24
肉禽蛋,牛肉类,牛百叶,29.0,30.0,29.5,斤,,,2026-08-24
肉禽蛋,牛肉类,牛上脑,31.0,31.0,31.0,斤,,,2026-08-24
肉禽蛋,牛肉类,整牛,31.0,32.0,31.5,斤,,,2026-08-23
肉禽蛋,牛肉类,牛前腱,36.0,36.0,36.0,斤,,,2026-08-23
肉禽蛋,牛肉类,牛后腱,36.0,36.0,36.0,斤,,,2026-08-23
肉禽蛋,牛肉类,牛前腿,31.0,31.0,31.0,斤,,,2026-08-23
肉禽蛋,牛肉类,牛后腿,31.0,31.0,31.0,斤,,,2026-08-23
肉禽蛋,牛肉类,牛腰窝,33.0,35.0,34.0,斤,,,2026-08-23
肉禽蛋,牛肉类,肥牛,26.0,36.0,31.0,斤,,,2026-08-23
肉禽蛋,牛肉类,牛柳,38.0,38.0,38.0,斤,,里脊,2026-08-23
肉禽蛋,牛肉类,精牛柳,39.0,39.0,39.0,斤,,,2026-08-23
肉禽蛋,牛肉类,牛腩,31.0,31.0,31.0,斤,,,2026-08-23
肉禽蛋,牛肉类,牛林,31.0,31.0,31.0,斤,,,2026-08-23
肉禽蛋,牛肉类,牛金钱腱,50.0,55.0,52.5,斤,,,2026-08-23
肉禽蛋,牛肉类,牛筋头巴脑,26.0,28.0,27.0,斤,,,2026-08-23
肉禽蛋,牛肉类,牛宝,17.0,18.0,17.5,斤,,,2026-08-23
肉禽蛋,牛肉类,牛鞭,45.0,48.0,46.5,斤,,,2026-08-23
肉禽蛋,牛肉类,牛油,5.0,5.0,5.0,斤,,,2026-08-23
肉禽蛋,牛肉类,牛心,6.0,6.0,6.0,斤,,,2026-08-23
肉禽蛋,牛肉类,牛舌,22.0,23.0,22.5,斤,,,2026-08-23
肉禽蛋,牛肉类,牛骨,3.5,4.0,3.75,斤,,,2026-08-23
肉禽蛋,牛肉类,牛排骨,29.0,30.0,29.5,斤,,,2026-08-23
肉禽蛋,牛肉类,牛蹄筋,23.0,23.0,23.0,斤,,,2026-08-23
肉禽蛋,牛肉类,牛板筋,28.0,28.0,28.0,斤,,,2026-08-23
肉禽蛋,牛肉类,牛心管,30.0,30.0,30.0,斤,,,2026-08-23
肉禽蛋,牛肉类,牛肚,15.0,16.0,15.5,斤,,,2026-08-23
肉禽蛋,牛肉类,牛腰子,9.0,10.0,9.5,斤,,,2026-08-23
肉禽蛋,牛肉类,牛尾,23.0,25.0,24.0,斤,,,2026-08-23
肉禽蛋,牛肉类,牛百叶,29.0,30.0,29.5,斤,,,2026-08-23
肉禽蛋,牛肉类,牛上脑,31.0,31.0,31.0,斤,,,2026-08-23
肉禽蛋,牛肉类,整牛,31.0,32.0,31.5,斤,,,2026-08-22
肉禽蛋,牛肉类,牛前腱,36.0,36.0,36.0,斤,,,2026-08-22
肉禽蛋,牛肉类,牛后腱,36.0,36.0,36.0,斤,,,2026-08-22
肉禽蛋,牛肉类,牛前腿,31.0,31.0,31.0,斤,,,2026-08-22
肉禽蛋,牛肉类,牛后腿,31.0,31.0,31.0,斤,,,2026-08-22
肉禽蛋,牛肉类,牛腰窝,33.0,35.0,34.0,斤,,,2026-08-22
肉禽蛋,牛肉类,肥牛,26.0,36.0,31.0,斤,,,2026-08-22
肉禽蛋,牛肉类,牛柳,38.0,38.0,38.0,斤,,里脊,2026-08-22
肉禽蛋,牛肉类,精牛柳,39.0,39.0,39.0,斤,,,2026-08-22
肉禽蛋,牛肉类,牛腩,31.0,31.0,31.0,斤,,,2026-08-22
肉禽蛋,牛肉类,牛林,31.0,31.0,31.0,斤,,,2026-08-22
肉禽蛋,牛肉类,牛金钱腱,50.0,55.0,52.5,斤,,,2026-08-22
肉禽蛋,牛肉类,牛筋头巴脑,26.0,28.0,27.0,斤,,,2026-08-22
肉禽蛋,牛肉类,牛宝,17.0,18.0,17.5,斤,,,2026-08-22
肉禽蛋,牛肉类,牛鞭,45.0,48.0,46.5,斤,,,2026-08-22
肉禽蛋,牛肉类,牛油,5.0,5.0,5.0,斤,,,2026-08-22
肉禽蛋,牛肉类,牛心,6.0,6.0,6.0,斤,,,2026-08-22
肉禽蛋,牛肉类,牛舌,22.0,23.0,22.5,斤,,,2026-08-22
肉禽蛋,牛肉类,牛骨,3.5,4.0,3.75,斤,,,2026-08-22
肉禽蛋,牛肉类,牛排骨,29.0,30.0,29.5,斤,,,2026-08-22
肉禽蛋,牛肉类,牛蹄筋,23.0,23.0,23.0,斤,,,2026-08-22
肉禽蛋,牛肉类,牛板筋,28.0,28.0,28.0,斤,,,2026-08-22
肉禽蛋,牛肉类,牛心管,30.0,30.0,30.0,斤,,,2026-08-22
肉禽蛋,牛肉类,牛肚,15.0,16.0,15.5,斤,,,2026-08-22
肉禽蛋,牛肉类,牛腰子,9.0,10.0,9.5,斤,,,2026-08-22
肉禽蛋,牛肉类,牛尾,23.0,25.0,24.0,斤,,,2026-08-22
肉禽蛋,牛肉类,牛百叶,29.0,30.0,29.5,斤,,,2026-08-22
肉禽蛋,牛肉类,牛上脑,31.0,31.0,31.0,斤,,,2026-08-22
肉禽蛋,牛肉类,整牛,31.0,32.0,31.5,斤,,,2026-08-21
肉禽蛋,牛肉类,牛前腱,36.0,36.0,36.0,斤,,,2026-08-21
肉禽蛋,牛肉类,牛后腱,36.0,36.0,36.0,斤,,,2026-08-21
肉禽蛋,牛肉类,牛前腿,31.0,31.0,31.0,斤,,,2026-08-21
肉禽蛋,牛肉类,牛后腿,31.0,31.0,31.0,斤,,,2026-08-21
肉禽蛋,牛肉类,牛腰窝,33.0,35.0,34.0,斤,,,2026-08-21
肉禽蛋,牛肉类,肥牛,26.0,36.0,31.0,斤,,,2026-08-21
肉禽蛋,牛肉类,牛柳,38.0,38.0,38.0,斤,,里脊,2026-08-21
肉禽蛋,牛肉类,精牛柳,39.0,40.0,39.5,斤,,,2026-08-21
肉禽蛋,牛肉类,牛腩,31.0,31.0,31.0,斤,,,2026-08-21
肉禽蛋,牛肉类,牛林,31.0,31.0,31.0,斤,,,2026-08-21
肉禽蛋,牛肉类,牛金钱腱,50.0,55.0,52.5,斤,,,2026-08-21
肉禽蛋,牛肉类,牛筋头巴脑,26.0,28.0,27.0,斤,,,2026-08-21
肉禽蛋,牛肉类,牛宝,17.0,18.0,17.5,斤,,,2026-08-21
肉禽蛋,牛肉类,牛鞭,45.0,48.0,46.5,斤,,,2026-08-21
肉禽蛋,牛肉类,牛油,5.0,5.0,5.0,斤,,,2026-08-21
肉禽蛋,牛肉类,牛心,6.0,6.0,6.0,斤,,,2026-08-21
肉禽蛋,牛肉类,牛舌,22.0,23.0,22.5,斤,,,2026-08-21
肉禽蛋,牛肉类,牛骨,3.5,4.0,3.75,斤,,,2026-08-21
肉禽蛋,牛肉类,牛排骨,29.0,30.0,29.5,斤,,,2026-08-21
肉禽蛋,牛肉类,牛蹄筋,23.0,23.0,23.0,斤,,,2026-08-21
肉禽蛋,牛肉类,牛板筋,28.0,28.0,28.0,斤,,,2026-08-21
肉禽蛋,牛肉类,牛心管,30.0,30.0,30.0,斤,,,2026-08-21
肉禽蛋,牛肉类,牛肚,15.0,16.0,15.5,斤,,,2026-08-21
肉禽蛋,牛肉类,牛腰子,9.0,10.0,9.5,斤,,,2026-08-21
肉禽蛋,牛肉类,牛尾,23.0,25.0,24.0,斤,,,2026-08-21
肉禽蛋,牛肉类,牛百叶,29.0,30.0,29.5,斤,,,2026-08-21
肉禽蛋,牛肉类,牛上脑,31.0,31.0,31.0,斤,,,2026-08-21
肉禽蛋,牛肉类,整牛,31.0,32.0,31.5,斤,,,2026-08-20
肉禽蛋,牛肉类,牛前腱,36.0,36.0,36.0,斤,,,2026-08-20
肉禽蛋,牛肉类,牛后腱,36.0,36.0,36.0,斤,,,2026-08-20
肉禽蛋,牛肉类,牛前腿,31.0,31.0,31.0,斤,,,2026-08-20
肉禽蛋,牛肉类,牛后腿,31.0,31.0,31.0,斤,,,2026-08-20
肉禽蛋,牛肉类,牛腰窝,33.0,35.0,34.0,斤,,,2026-08-20
肉禽蛋,牛肉类,肥牛,26.0,36.0,31.0,斤,,,2026-08-20
肉禽蛋,牛肉类,牛柳,38.0,38.0,38.0,斤,,里脊,2026-08-20
肉禽蛋,牛肉类,精牛柳,39.0,40.0,39.5,斤,,,2026-08-20
肉禽蛋,牛肉类,牛腩,31.0,32.0,31.5,斤,,,2026-08-20
肉禽蛋,牛肉类,牛林,31.0,32.0,31.5,斤,,,2026-08-20
肉禽蛋,牛肉类,牛金钱腱,50.0,55.0,52.5,斤,,,2026-08-20
肉禽蛋,牛肉类,牛筋头巴脑,26.0,28.0,27.0,斤,,,2026-08-20
肉禽蛋,牛肉类,牛宝,17.0,18.0,17.5,斤,,,2026-08-20
肉禽蛋,牛肉类,牛鞭,45.0,48.0,46.5,斤,,,2026-08-20
肉禽蛋,牛肉类,牛油,5.0,5.0,5.0,斤,,,2026-08-20
肉禽蛋,牛肉类,牛心,6.0,6.0,6.0,斤,,,2026-08-20
肉禽蛋,牛肉类,牛舌,22.0,23.0,22.5,斤,,,2026-08-20
肉禽蛋,牛肉类,牛骨,3.5,4.0,3.75,斤,,,2026-08-20
肉禽蛋,牛肉类,牛排骨,29.0,30.0,29.5,斤,,,2026-08-20
肉禽蛋,牛肉类,牛蹄筋,23.0,23.0,23.0,斤,,,2026-08-20
肉禽蛋,牛肉类,牛板筋,28.0,28.0,28.0,斤,,,2026-08-20
肉禽蛋,牛肉类,牛心管,30.0,30.0,30.0,斤,,,2026-08-20
肉禽蛋,牛肉类,牛肚,15.0,16.0,15.5,斤,,,2026-08-20
肉禽蛋,牛肉类,牛腰子,9.0,10.0,9.5,斤,,,2026-08-20
肉禽蛋,牛肉类,牛尾,23.0,25.0,24.0,斤,,,2026-08-20
肉禽蛋,牛肉类,牛百叶,28.0,30.0,29.0,斤,,,2026-08-20
肉禽蛋,牛肉类,牛上脑,31.0,31.0,31.0,斤,,,2026-08-20
肉禽蛋,牛肉类,整牛,30.5,31.5,31.0,斤,,,2026-08-19
肉禽蛋,牛肉类,牛前腱,36.0,36.0,36.0,斤,,,2026-08-19
肉禽蛋,牛肉类,牛后腱,36.0,36.0,36.0,斤,,,2026-08-19
肉禽蛋,牛肉类,牛前腿,31.0,31.0,31.0,斤,,,2026-08-19
肉禽蛋,牛肉类,牛后腿,31.0,31.0,31.0,斤,,,2026-08-19
肉禽蛋,牛肉类,牛腰窝,33.0,35.0,34.0,斤,,,2026-08-19
肉禽蛋,牛肉类,肥牛,26.0,36.0,31.0,斤,,,2026-08-19
肉禽蛋,牛肉类,牛柳,37.0,38.0,37.5,斤,,里脊,2026-08-19
肉禽蛋,牛肉类,精牛柳,38.0,40.0,39.0,斤,,,2026-08-19
肉禽蛋,牛肉类,牛腩,31.0,31.0,31.0,斤,,,2026-08-19
肉禽蛋,牛肉类,牛林,31.0,31.0,31.0,斤,,,2026-08-19
肉禽蛋,牛肉类,牛金钱腱,50.0,55.0,52.5,斤,,,2026-08-19
肉禽蛋,牛肉类,牛筋头巴脑,26.0,28.0,27.0,斤,,,2026-08-19
肉禽蛋,牛肉类,牛宝,17.0,18.0,17.5,斤,,,2026-08-19
肉禽蛋,牛肉类,牛鞭,45.0,48.0,46.5,斤,,,2026-08-19
肉禽蛋,牛肉类,牛油,5.0,5.0,5.0,斤,,,2026-08-19
肉禽蛋,牛肉类,牛心,6.0,6.0,6.0,斤,,,2026-08-19
肉禽蛋,牛肉类,牛舌,22.0,23.0,22.5,斤,,,2026-08-19
肉禽蛋,牛肉类,牛骨,3.5,4.0,3.75,斤,,,2026-08-19
肉禽蛋,牛肉类,牛排骨,29.0,30.0,29.5,斤,,,2026-08-19
肉禽蛋,牛肉类,牛蹄筋,23.0,23.0,23.0,斤,,,2026-08-19
肉禽蛋,牛肉类,牛板筋,28.0,28.0,28.0,斤,,,2026-08-19
肉禽蛋,牛肉类,牛心管,30.0,30.0,30.0,斤,,,2026-08-19
肉禽蛋,牛肉类,牛肚,15.0,16.0,15.5,斤,,,2026-08-19
肉禽蛋,牛肉类,牛腰子,9.0,10.0,9.5,斤,,,2026-08-19
肉禽蛋,牛肉类,牛尾,23.0,25.0,24.0,斤,,,2026-08-19
肉禽蛋,牛肉类,牛百叶,28.0,30.0,29.0,斤,,,2026-08-19
肉禽蛋,牛肉类,牛上脑,31.0,31.0,31.0,斤,,,2026-08-19
肉禽蛋,牛肉类,整牛,30.5,31.0,30.75,斤,,,2026-08-18
肉禽蛋,牛肉类,牛前腱,36.0,36.0,36.0,斤,,,2026-08-18
肉禽蛋,牛肉类,牛后腱,36.0,36.0,36.0,斤,,,2026-08-18
肉禽蛋,牛肉类,牛前腿,31.0,31.0,31.0,斤,,,2026-08-18
肉禽蛋,牛肉类,牛后腿,31.0,31.0,31.0,斤,,,2026-08-18
肉禽蛋,牛肉类,牛腰窝,33.0,35.0,34.0,斤,,,2026-08-18
肉禽蛋,牛肉类,肥牛,26.0,36.0,31.0,斤,,,2026-08-18
肉禽蛋,牛肉类,牛柳,38.0,38.0,38.0,斤,,里脊,2026-08-18
肉禽蛋,牛肉类,精牛柳,39.0,40.0,39.5,斤,,,2026-08-18
肉禽蛋,牛肉类,牛腩,31.0,31.0,31.0,斤,,,2026-08-18
肉禽蛋,牛肉类,牛林,31.0,31.0,31.0,斤,,,2026-08-18
肉禽蛋,牛肉类,牛金钱腱,52.0,55.0,53.5,斤,,,2026-08-18
肉禽蛋,牛肉类,牛筋头巴脑,26.0,28.0,27.0,斤,,,2026-08-18
肉禽蛋,牛肉类,牛宝,17.0,18.0,17.5,斤,,,2026-08-18
肉禽蛋,牛肉类,牛鞭,45.0,48.0,46.5,斤,,,2026-08-18
肉禽蛋,牛肉类,牛油,5.0,5.0,5.0,斤,,,2026-08-18
肉禽蛋,牛肉类,牛心,6.0,6.0,6.0,斤,,,2026-08-18
肉禽蛋,牛肉类,牛舌,22.0,23.0,22.5,斤,,,2026-08-18
肉禽蛋,牛肉类,牛骨,3.5,4.0,3.75,斤,,,2026-08-18
肉禽蛋,牛肉类,牛排骨,29.0,29.0,29.0,斤,,,2026-08-18
肉禽蛋,牛肉类,牛蹄筋,23.0,23.0,23.0,斤,,,2026-08-18
肉禽蛋,牛肉类,牛板筋,28.0,28.0,28.0,斤,,,2026-08-18
肉禽蛋,牛肉类,牛心管,30.0,30.0,30.0,斤,,,2026-08-18
肉禽蛋,牛肉类,牛肚,15.0,16.0,15.5,斤,,,2026-08-18
肉禽蛋,牛肉类,牛腰子,9.0,10.0,9.5,斤,,,2026-08-18
肉禽蛋,牛肉类,牛尾,23.0,25.0,24.0,斤,,,2026-08-18
肉禽蛋,牛肉类,牛百叶,28.0,30.0,29.0,斤,,,2026-08-18
肉禽蛋,牛肉类,牛上脑,31.0,31.0,31.0,斤,,,2026-08-18
肉禽蛋,牛肉类,整牛,30.0,31.0,30.5,斤,,,2026-08-17
肉禽蛋,牛肉类,牛前腱,36.0,36.0,36.0,斤,,,2026-08-17
肉禽蛋,牛肉类,牛后腱,36.0,36.0,36.0,斤,,,2026-08-17
肉禽蛋,牛肉类,牛前腿,30.0,30.0,30.0,斤,,,2026-08-17
肉禽蛋,牛肉类,牛后腿,30.0,31.0,30.5,斤,,,2026-08-17
肉禽蛋,牛肉类,牛腰窝,33.0,34.0,33.5,斤,,,2026-08-17
肉禽蛋,牛肉类,肥牛,26.0,36.0,31.0,斤,,,2026-08-17
肉禽蛋,牛肉类,牛柳,38.0,38.0,38.0,斤,,里脊,2026-08-17
肉禽蛋,牛肉类,精牛柳,38.0,40.0,39.0,斤,,,2026-08-17
肉禽蛋,牛肉类,牛腩,30.0,31.0,30.5,斤,,,2026-08-17
肉禽蛋,牛肉类,牛林,30.0,30.0,30.0,斤,,,2026-08-17
肉禽蛋,牛肉类,牛金钱腱,50.0,55.0,52.5,斤,,,2026-08-17
肉禽蛋,牛肉类,牛筋头巴脑,26.0,28.0,27.0,斤,,,2026-08-17
肉禽蛋,牛肉类,牛宝,17.0,18.0,17.5,斤,,,2026-08-17
肉禽蛋,牛肉类,牛鞭,45.0,48.0,46.5,斤,,,2026-08-17
肉禽蛋,牛肉类,牛油,5.0,5.0,5.0,斤,,,2026-08-17
肉禽蛋,牛肉类,牛心,6.0,6.0,6.0,斤,,,2026-08-17
肉禽蛋,牛肉类,牛舌,22.0,23.0,22.5,斤,,,2026-08-17
肉禽蛋,牛肉类,牛骨,3.5,4.0,3.75,斤,,,2026-08-17
肉禽蛋,牛肉类,牛排骨,29.0,29.0,29.0,斤,,,2026-08-17
肉禽蛋,牛肉类,牛蹄筋,23.0,23.0,23.0,斤,,,2026-08-17
肉禽蛋,牛肉类,牛板筋,28.0,28.0,28.0,斤,,,2026-08-17
肉禽蛋,牛肉类,牛心管,30.0,30.0,30.0,斤,,,2026-08-17
肉禽蛋,牛肉类,牛肚,15.0,16.0,15.5,斤,,,2026-08-17
肉禽蛋,牛肉类,牛腰子,9.0,10.0,9.5,斤,,,2026-08-17
肉禽蛋,牛肉类,牛尾,23.0,25.0,24.0,斤,,,2026-08-17
肉禽蛋,牛肉类,牛百叶,28.0,30.0,29.0,斤,,,2026-08-17
肉禽蛋,牛肉类,牛上脑,30.0,30.0,30.0,斤,,,2026-08-17
肉禽蛋,牛肉类,整牛,29.0,30.5,29.75,斤,,,2026-08-16
肉禽蛋,牛肉类,牛前腱,35.0,36.0,35.5,斤,,,2026-08-16
肉禽蛋,牛肉类,牛后腱,35.0,36.0,35.5,斤,,,2026-08-16
肉禽蛋,牛肉类,牛前腿,29.0,29.0,29.0,斤,,,2026-08-16
肉禽蛋,牛肉类,牛后腿,29.0,29.0,29.0,斤,,,2026-08-16
肉禽蛋,牛肉类,牛腰窝,32.0,33.0,32.5,斤,,,2026-08-16
肉禽蛋,牛肉类,肥牛,26.0,35.0,30.5,斤,,,2026-08-16
肉禽蛋,牛肉类,牛柳,37.0,37.0,37.0,斤,,里脊,2026-08-16
肉禽蛋,牛肉类,精牛柳,37.0,37.0,37.0,斤,,,2026-08-16
肉禽蛋,牛肉类,牛腩,29.0,30.0,29.5,斤,,,2026-08-16
肉禽蛋,牛肉类,牛林,29.0,29.0,29.0,斤,,,2026-08-16
肉禽蛋,牛肉类,牛金钱腱,50.0,55.0,52.5,斤,,,2026-08-16
肉禽蛋,牛肉类,牛筋头巴脑,26.0,27.0,26.5,斤,,,2026-08-16
肉禽蛋,牛肉类,牛宝,17.0,18.0,17.5,斤,,,2026-08-16
肉禽蛋,牛肉类,牛鞭,45.0,48.0,46.5,斤,,,2026-08-16
肉禽蛋,牛肉类,牛油,5.0,5.0,5.0,斤,,,2026-08-16
肉禽蛋,牛肉类,牛心,6.0,6.0,6.0,斤,,,2026-08-16
肉禽蛋,牛肉类,牛舌,22.0,23.0,22.5,斤,,,2026-08-16
肉禽蛋,牛肉类,牛骨,3.5,4.0,3.75,斤,,,2026-08-16
肉禽蛋,牛肉类,牛排骨,28.0,29.0,28.5,斤,,,2026-08-16
肉禽蛋,牛肉类,牛蹄筋,23.0,23.0,23.0,斤,,,2026-08-16
肉禽蛋,牛肉类,牛板筋,28.0,28.0,28.0,斤,,,2026-08-16
肉禽蛋,牛肉类,牛心管,30.0,30.0,30.0,斤,,,2026-08-16
肉禽蛋,牛肉类,牛肚,15.0,16.0,15.5,斤,,,2026-08-16
肉禽蛋,牛肉类,牛腰子,9.0,10.0,9.5,斤,,,2026-08-16
肉禽蛋,牛肉类,牛尾,23.0,25.0,24.0,斤,,,2026-08-16
肉禽蛋,牛肉类,牛百叶,28.0,30.0,29.0,斤,,,2026-08-16
肉禽蛋,牛肉类,牛上脑,29.0,29.0,29.0,斤,,,2026-08-16
肉禽蛋,牛肉类,整牛,29.0,30.5,29.75,斤,,,2026-08-15
肉禽蛋,牛肉类,牛前腱,35.0,36.0,35.5,斤,,,2026-08-15
肉禽蛋,牛肉类,牛后腱,35.0,36.0,35.5,斤,,,2026-08-15
肉禽蛋,牛肉类,牛前腿,29.0,29.0,29.0,斤,,,2026-08-15
肉禽蛋,牛肉类,牛后腿,29.0,29.0,29.0,斤,,,2026-08-15
肉禽蛋,牛肉类,牛腰窝,32.0,33.0,32.5,斤,,,2026-08-15
肉禽蛋,牛肉类,肥牛,26.0,35.0,30.5,斤,,,2026-08-15
肉禽蛋,牛肉类,牛柳,37.0,37.0,37.0,斤,,里脊,2026-08-15
肉禽蛋,牛肉类,精牛柳,37.0,37.0,37.0,斤,,,2026-08-15
肉禽蛋,牛肉类,牛腩,29.0,30.0,29.5,斤,,,2026-08-15
肉禽蛋,牛肉类,牛林,29.0,30.0,29.5,斤,,,2026-08-15
肉禽蛋,牛肉类,牛金钱腱,50.0,55.0,52.5,斤,,,2026-08-15
肉禽蛋,牛肉类,牛筋头巴脑,25.5,26.5,26.0,斤,,,2026-08-15
肉禽蛋,牛肉类,牛宝,17.0,18.0,17.5,斤,,,2026-08-15
肉禽蛋,牛肉类,牛鞭,45.0,48.0,46.5,斤,,,2026-08-15
肉禽蛋,牛肉类,牛油,5.0,5.0,5.0,斤,,,2026-08-15
肉禽蛋,牛肉类,牛心,6.0,6.0,6.0,斤,,,2026-08-15
肉禽蛋,牛肉类,牛舌,22.0,23.0,22.5,斤,,,2026-08-15
肉禽蛋,牛肉类,牛骨,3.5,4.0,3.75,斤,,,2026-08-15
肉禽蛋,牛肉类,牛排骨,28.0,29.0,28.5,斤,,,2026-08-15
肉禽蛋,牛肉类,牛蹄筋,23.0,23.0,23.0,斤,,,2026-08-15
肉禽蛋,牛肉类,牛板筋,28.0,28.0,28.0,斤,,,2026-08-15
肉禽蛋,牛肉类,牛心管,30.0,30.0,30.0,斤,,,2026-08-15
肉禽蛋,牛肉类,牛肚,15.0,16.0,15.5,斤,,,2026-08-15
肉禽蛋,牛肉类,牛腰子,9.0,10.0,9.5,斤,,,2026-08-15
肉禽蛋,牛肉类,牛尾,23.0,25.0,24.0,斤,,,2026-08-15
肉禽蛋,牛肉类,牛百叶,28.0,30.0,29.0,斤,,,2026-08-15
肉禽蛋,牛肉类,牛上脑,29.0,29.0,29.0,斤,,,2026-08-15
肉禽蛋,牛肉类,整牛,29.0,30.0,29.5,斤,,,2026-08-14
肉禽蛋,牛肉类,牛前腱,35.0,36.0,35.5,斤,,,2026-08-14
肉禽蛋,牛肉类,牛后腱,35.0,36.0,35.5,斤,,,2026-08-14
肉禽蛋,牛肉类,牛前腿,29.0,29.0,29.0,斤,,,2026-08-14
肉禽蛋,牛肉类,牛后腿,29.0,29.0,29.0,斤,,,2026-08-14
肉禽蛋,牛肉类,牛腰窝,32.0,33.0,32.5,斤,,,2026-08-14
肉禽蛋,牛肉类,肥牛,26.0,35.0,30.5,斤,,,2026-08-14
肉禽蛋,牛肉类,牛柳,37.0,37.0,37.0,斤,,里脊,2026-08-14
肉禽蛋,牛肉类,精牛柳,37.0,37.0,37.0,斤,,,2026-08-14
肉禽蛋,牛肉类,牛腩,29.0,30.0,29.5,斤,,,2026-08-14
肉禽蛋,牛肉类,牛林,29.0,30.0,29.5,斤,,,2026-08-14
肉禽蛋,牛肉类,牛金钱腱,50.0,55.0,52.5,斤,,,2026-08-14
肉禽蛋,牛肉类,牛筋头巴脑,25.5,26.5,26.0,斤,,,2026-08-14
肉禽蛋,牛肉类,牛宝,17.0,18.0,17.5,斤,,,2026-08-14
肉禽蛋,牛肉类,牛鞭,45.0,48.0,46.5,斤,,,2026-08-14
肉禽蛋,牛肉类,牛油,5.0,5.0,5.0,斤,,,2026-08-14
肉禽蛋,牛肉类,牛心,6.0,6.0,6.0,斤,,,2026-08-14
肉禽蛋,牛肉类,牛舌,22.0,23.0,22.5,斤,,,2026-08-14
肉禽蛋,牛肉类,牛骨,3.5,4.0,3.75,斤,,,2026-08-14
肉禽蛋,牛肉类,牛排骨,29.0,29.0,29.0,斤,,,2026-08-14
肉禽蛋,牛肉类,牛蹄筋,23.0,23.0,23.0,斤,,,2026-08-14
肉禽蛋,牛肉类,牛板筋,28.0,28.0,28.0,斤,,,2026-08-14
肉禽蛋,牛肉类,牛心管,30.0,30.0,30.0,斤,,,2026-08-14
肉禽蛋,牛肉类,牛肚,15.0,16.0,15.5,斤,,,2026-08-14
肉禽蛋,牛肉类,牛腰子,9.0,10.0,9.5,斤,,,2026-08-14
肉禽蛋,牛肉类,牛尾,23.0,25.0,24.0,斤,,,2026-08-14
肉禽蛋,牛肉类,牛百叶,28.0,30.0,29.0,斤,,,2026-08-14
肉禽蛋,牛肉类,牛上脑,29.0,29.0,29.0,斤,,,2026-08-14
肉禽蛋,牛肉类,整牛,29.0,30.0,29.5,斤,,,2026-08-13
肉禽蛋,牛肉类,牛前腱,35.0,36.0,35.5,斤,,,2026-08-13
肉禽蛋,牛肉类,牛后腱,35.0,36.0,35.5,斤,,,2026-08-13
肉禽蛋,牛肉类,牛前腿,29.0,30.0,29.5,斤,,,2026-08-13
肉禽蛋,牛肉类,牛后腿,29.0,30.0,29.5,斤,,,2026-08-13
肉禽蛋,牛肉类,牛腰窝,32.0,33.0,32.5,斤,,,2026-08-13
肉禽蛋,牛肉类,肥牛,26.0,35.0,30.5,斤,,,2026-08-13
肉禽蛋,牛肉类,牛柳,37.0,37.0,37.0,斤,,里脊,2026-08-13
肉禽蛋,牛肉类,精牛柳,37.0,37.0,37.0,斤,,,2026-08-13
肉禽蛋,牛肉类,牛腩,29.0,30.0,29.5,斤,,,2026-08-13
肉禽蛋,牛肉类,牛林,29.0,30.0,29.5,斤,,,2026-08-13
肉禽蛋,牛肉类,牛金钱腱,50.0,55.0,52.5,斤,,,2026-08-13
肉禽蛋,牛肉类,牛筋头巴脑,25.5,26.5,26.0,斤,,,2026-08-13
肉禽蛋,牛肉类,牛宝,17.0,18.0,17.5,斤,,,2026-08-13
肉禽蛋,牛肉类,牛鞭,45.0,48.0,46.5,斤,,,2026-08-13
肉禽蛋,牛肉类,牛油,5.0,5.0,5.0,斤,,,2026-08-13
肉禽蛋,牛肉类,牛心,6.0,6.0,6.0,斤,,,2026-08-13
肉禽蛋,牛肉类,牛舌,22.0,23.0,22.5,斤,,,2026-08-13
肉禽蛋,牛肉类,牛骨,3.5,4.0,3.75,斤,,,2026-08-13
肉禽蛋,牛肉类,牛排骨,29.0,29.0,29.0,斤,,,2026-08-13
肉禽蛋,牛肉类,牛蹄筋,23.0,23.0,23.0,斤,,,2026-08-13
肉禽蛋,牛肉类,牛板筋,28.0,28.0,28.0,斤,,,2026-08-13
肉禽蛋,牛肉类,牛心管,30.0,30.0,30.0,斤,,,2026-08-13
肉禽蛋,牛肉类,牛肚,16.0,16.0,16.0,斤,,,2026-08-13
肉禽蛋,牛肉类,牛腰子,9.0,10.0,9.5,斤,,,2026-08-13
肉禽蛋,牛肉类,牛尾,23.0,25.0,24.0,斤,,,2026-08-13
肉禽蛋,牛肉类,牛百叶,28.0,30.0,29.0,斤,,,2026-08-13
肉禽蛋,牛肉类,牛上脑,29.0,29.0,29.0,斤,,,2026-08-13
肉禽蛋,牛肉类,整牛,29.0,30.0,29.5,斤,,,2026-08-12
肉禽蛋,牛肉类,牛前腱,35.0,36.0,35.5,斤,,,2026-08-12
肉禽蛋,牛肉类,牛后腱,35.0,36.0,35.5,斤,,,2026-08-12
肉禽蛋,牛肉类,牛前腿,29.0,29.0,29.0,斤,,,2026-08-12
肉禽蛋,牛肉类,牛后腿,29.0,29.0,29.0,斤,,,2026-08-12
肉禽蛋,牛肉类,牛腰窝,32.0,33.0,32.5,斤,,,2026-08-12
肉禽蛋,牛肉类,肥牛,26.0,35.0,30.5,斤,,,2026-08-12
肉禽蛋,牛肉类,牛柳,37.0,37.0,37.0,斤,,里脊,2026-08-12
肉禽蛋,牛肉类,精牛柳,37.0,37.0,37.0,斤,,,2026-08-12
肉禽蛋,牛肉类,牛腩,29.0,29.0,29.0,斤,,,2026-08-12
肉禽蛋,牛肉类,牛林,29.0,29.0,29.0,斤,,,2026-08-12
肉禽蛋,牛肉类,牛金钱腱,50.0,55.0,52.5,斤,,,2026-08-12
肉禽蛋,牛肉类,牛筋头巴脑,25.5,26.5,26.0,斤,,,2026-08-12
肉禽蛋,牛肉类,牛宝,17.0,18.0,17.5,斤,,,2026-08-12
肉禽蛋,牛肉类,牛鞭,45.0,48.0,46.5,斤,,,2026-08-12
肉禽蛋,牛肉类,牛油,5.0,5.0,5.0,斤,,,2026-08-12
肉禽蛋,牛肉类,牛心,6.0,6.0,6.0,斤,,,2026-08-12
肉禽蛋,牛肉类,牛舌,22.0,23.0,22.5,斤,,,2026-08-12
肉禽蛋,牛肉类,牛骨,3.5,4.0,3.75,斤,,,2026-08-12
肉禽蛋,牛肉类,牛排骨,28.0,29.0,28.5,斤,,,2026-08-12
肉禽蛋,牛肉类,牛蹄筋,23.0,23.0,23.0,斤,,,2026-08-12
肉禽蛋,牛肉类,牛板筋,28.0,28.0,28.0,斤,,,2026-08-12
肉禽蛋,牛肉类,牛心管,30.0,30.0,30.0,斤,,,2026-08-12
肉禽蛋,牛肉类,牛肚,15.0,16.0,15.5,斤,,,2026-08-12
肉禽蛋,牛肉类,牛腰子,9.0,10.0,9.5,斤,,,2026-08-12
肉禽蛋,牛肉类,牛尾,23.0,25.0,24.0,斤,,,2026-08-12
肉禽蛋,牛肉类,牛百叶,28.0,30.0,29.0,斤,,,2026-08-12
肉禽蛋,牛肉类,牛上脑,29.0,29.0,29.0,斤,,,2026-08-12
肉禽蛋,牛肉类,整牛,29.0,30.0,29.5,斤,,,2026-08-11
肉禽蛋,牛肉类,牛前腱,36.0,36.0,36.0,斤,,,2026-08-11
肉禽蛋,牛肉类,牛后腱,36.0,36.0,36.0,斤,,,2026-08-11
肉禽蛋,牛肉类,牛前腿,29.0,29.0,29.0,斤,,,2026-08-11
肉禽蛋,牛肉类,牛后腿,29.0,29.0,29.0,斤,,,2026-08-11
肉禽蛋,牛肉类,牛腰窝,32.0,33.0,32.5,斤,,,2026-08-11
肉禽蛋,牛肉类,肥牛,26.0,35.0,30.5,斤,,,2026-08-11
肉禽蛋,牛肉类,牛柳,37.0,37.0,37.0,斤,,里脊,2026-08-11
肉禽蛋,牛肉类,精牛柳,37.0,37.0,37.0,斤,,,2026-08-11
肉禽蛋,牛肉类,牛腩,29.0,29.0,29.0,斤,,,2026-08-11
肉禽蛋,牛肉类,牛林,29.0,29.0,29.0,斤,,,2026-08-11
肉禽蛋,牛肉类,牛金钱腱,50.0,55.0,52.5,斤,,,2026-08-11
肉禽蛋,牛肉类,牛筋头巴脑,25.5,26.5,26.0,斤,,,2026-08-11
肉禽蛋,牛肉类,牛宝,17.0,18.0,17.5,斤,,,2026-08-11
肉禽蛋,牛肉类,牛鞭,45.0,48.0,46.5,斤,,,2026-08-11
肉禽蛋,牛肉类,牛油,5.0,5.0,5.0,斤,,,2026-08-11
肉禽蛋,牛肉类,牛心,6.0,6.0,6.0,斤,,,2026-08-11
肉禽蛋,牛肉类,牛舌,22.0,23.0,22.5,斤,,,2026-08-11
肉禽蛋,牛肉类,牛骨,3.5,4.0,3.75,斤,,,2026-08-11
肉禽蛋,牛肉类,牛排骨,28.0,29.0,28.5,斤,,,2026-08-11
肉禽蛋,牛肉类,牛蹄筋,23.0,23.0,23.0,斤,,,2026-08-11
肉禽蛋,牛肉类,牛板筋,28.0,28.0,28.0,斤,,,2026-08-11
肉禽蛋,牛肉类,牛心管,30.0,30.0,30.0,斤,,,2026-08-11
肉禽蛋,牛肉类,牛肚,15.0,16.0,15.5,斤,,,2026-08-11
肉禽蛋,牛肉类,牛腰子,9.0,10.0,9.5,斤,,,2026-08-11
肉禽蛋,牛肉类,牛尾,23.0,25.0,24.0,斤,,,2026-08-11
肉禽蛋,牛肉类,牛百叶,28.0,30.0,29.0,斤,,,2026-08-11
肉禽蛋,牛肉类,牛上脑,29.0,29.0,29.0,斤,,,2026-08-11
肉禽蛋,牛肉类,整牛,28.5,30.0,29.25,斤,,,2026-08-10
肉禽蛋,牛肉类,牛前腱,36.0,36.0,36.0,斤,,,2026-08-10
肉禽蛋,牛肉类,牛后腱,36.0,36.0,36.0,斤,,,2026-08-10
肉禽蛋,牛肉类,牛前腿,29.0,29.0,29.0,斤,,,2026-08-10
肉禽蛋,牛肉类,牛后腿,29.0,29.0,29.0,斤,,,2026-08-10
肉禽蛋,牛肉类,牛腰窝,32.0,33.0,32.5,斤,,,2026-08-10
肉禽蛋,牛肉类,肥牛,26.0,35.0,30.5,斤,,,2026-08-10
肉禽蛋,牛肉类,牛柳,37.0,37.0,37.0,斤,,里脊,2026-08-10
肉禽蛋,牛肉类,精牛柳,37.0,37.0,37.0,斤,,,2026-08-10
肉禽蛋,牛肉类,牛腩,29.0,29.0,29.0,斤,,,2026-08-10
肉禽蛋,牛肉类,牛林,29.0,29.0,29.0,斤,,,2026-08-10
肉禽蛋,牛肉类,牛金钱腱,50.0,55.0,52.5,斤,,,2026-08-10
肉禽蛋,牛肉类,牛筋头巴脑,25.5,26.0,25.75,斤,,,2026-08-10
肉禽蛋,牛肉类,牛宝,17.0,18.0,17.5,斤,,,2026-08-10
肉禽蛋,牛肉类,牛鞭,45.0,48.0,46.5,斤,,,2026-08-10
肉禽蛋,牛肉类,牛油,5.0,5.0,5.0,斤,,,2026-08-10
肉禽蛋,牛肉类,牛心,6.0,6.0,6.0,斤,,,2026-08-10
肉禽蛋,牛肉类,牛舌,22.0,23.0,22.5,斤,,,2026-08-10
肉禽蛋,牛肉类,牛骨,3.5,4.0,3.75,斤,,,2026-08-10
肉禽蛋,牛肉类,牛排骨,28.0,28.0,28.0,斤,,,2026-08-10
肉禽蛋,牛肉类,牛蹄筋,23.0,23.0,23.0,斤,,,2026-08-10
肉禽蛋,牛肉类,牛板筋,28.0,28.0,28.0,斤,,,2026-08-10
肉禽蛋,牛肉类,牛心管,30.0,30.0,30.0,斤,,,2026-08-10
肉禽蛋,牛肉类,牛肚,15.0,15.0,15.0,斤,,,2026-08-10
肉禽蛋,牛肉类,牛腰子,9.0,10.0,9.5,斤,,,2026-08-10
肉禽蛋,牛肉类,牛尾,23.0,25.0,24.0,斤,,,2026-08-10
肉禽蛋,牛肉类,牛百叶,28.0,30.0,29.0,斤,,,2026-08-10
肉禽蛋,牛肉类,牛上脑,29.0,29.0,29.0,斤,,,2026-08-10
肉禽蛋,牛肉类,整牛,28.5,30.0,29.25,斤,,,2026-08-09
肉禽蛋,牛肉类,牛前腱,35.0,36.0,35.5,斤,,,2026-08-09
肉禽蛋,牛肉类,牛后腱,35.0,36.0,35.5,斤,,,2026-08-09
肉禽蛋,牛肉类,牛前腿,28.5,29.0,28.75,斤,,,2026-08-09
肉禽蛋,牛肉类,牛后腿,28.5,29.0,28.75,斤,,,2026-08-09
肉禽蛋,牛肉类,牛腰窝,31.0,32.0,31.5,斤,,,2026-08-09
肉禽蛋,牛肉类,肥牛,26.0,35.0,30.5,斤,,,2026-08-09
肉禽蛋,牛肉类,牛柳,36.0,36.0,36.0,斤,,里脊,2026-08-09
肉禽蛋,牛肉类,精牛柳,36.0,36.0,36.0,斤,,,2026-08-09
肉禽蛋,牛肉类,牛腩,28.5,29.0,28.75,斤,,,2026-08-09
肉禽蛋,牛肉类,牛林,28.5,29.0,28.75,斤,,,2026-08-09
肉禽蛋,牛肉类,牛金钱腱,50.0,55.0,52.5,斤,,,2026-08-09
肉禽蛋,牛肉类,牛筋头巴脑,25.0,26.0,25.5,斤,,,2026-08-09
肉禽蛋,牛肉类,牛宝,17.0,18.0,17.5,斤,,,2026-08-09
肉禽蛋,牛肉类,牛鞭,45.0,48.0,46.5,斤,,,2026-08-09
肉禽蛋,牛肉类,牛油,5.0,5.0,5.0,斤,,,2026-08-09
肉禽蛋,牛肉类,牛心,6.0,6.0,6.0,斤,,,2026-08-09
肉禽蛋,牛肉类,牛舌,22.0,23.0,22.5,斤,,,2026-08-09
肉禽蛋,牛肉类,牛骨,3.5,4.0,3.75,斤,,,2026-08-09
肉禽蛋,牛肉类,牛排骨,28.0,28.5,28.25,斤,,,2026-08-09
肉禽蛋,牛肉类,牛蹄筋,23.0,23.0,23.0,斤,,,2026-08-09
肉禽蛋,牛肉类,牛板筋,28.0,28.0,28.0,斤,,,2026-08-09
肉禽蛋,牛肉类,牛心管,30.0,30.0,30.0,斤,,,2026-08-09
肉禽蛋,牛肉类,牛肚,15.0,15.0,15.0,斤,,,2026-08-09
肉禽蛋,牛肉类,牛腰子,9.0,10.0,9.5,斤,,,2026-08-09
肉禽蛋,牛肉类,牛尾,23.0,25.0,24.0,斤,,,2026-08-09
肉禽蛋,牛肉类,牛百叶,28.0,30.0,29.0,斤,,,2026-08-09
肉禽蛋,牛肉类,牛上脑,28.5,29.0,28.75,斤,,,2026-08-09
肉禽蛋,牛肉类,整牛,28.5,30.0,29.25,斤,,,2026-08-08
肉禽蛋,牛肉类,牛前腱,35.0,36.0,35.5,斤,,,2026-08-08
肉禽蛋,牛肉类,牛后腱,35.0,36.0,35.5,斤,,,2026-08-08
肉禽蛋,牛肉类,牛前腿,28.5,29.0,28.75,斤,,,2026-08-08
肉禽蛋,牛肉类,牛后腿,28.5,29.0,28.75,斤,,,2026-08-08
肉禽蛋,牛肉类,牛腰窝,31.0,32.0,31.5,斤,,,2026-08-08
肉禽蛋,牛肉类,肥牛,26.0,35.0,30.5,斤,,,2026-08-08
肉禽蛋,牛肉类,牛柳,36.0,36.0,36.0,斤,,里脊,2026-08-08
肉禽蛋,牛肉类,精牛柳,36.0,36.0,36.0,斤,,,2026-08-08
肉禽蛋,牛肉类,牛腩,28.5,29.0,28.75,斤,,,2026-08-08
肉禽蛋,牛肉类,牛林,28.5,29.0,28.75,斤,,,2026-08-08
肉禽蛋,牛肉类,牛金钱腱,50.0,55.0,52.5,斤,,,2026-08-08
肉禽蛋,牛肉类,牛筋头巴脑,25.0,26.0,25.5,斤,,,2026-08-08
肉禽蛋,牛肉类,牛宝,17.0,18.0,17.5,斤,,,2026-08-08
肉禽蛋,牛肉类,牛鞭,45.0,48.0,46.5,斤,,,2026-08-08
肉禽蛋,牛肉类,牛油,5.0,5.0,5.0,斤,,,2026-08-08
肉禽蛋,牛肉类,牛心,6.0,6.0,6.0,斤,,,2026-08-08
肉禽蛋,牛肉类,牛舌,22.0,23.0,22.5,斤,,,2026-08-08
肉禽蛋,牛肉类,牛骨,3.5,4.0,3.75,斤,,,2026-08-08
肉禽蛋,牛肉类,牛排骨,28.0,28.5,28.25,斤,,,2026-08-08
肉禽蛋,牛肉类,牛蹄筋,23.0,23.0,23.0,斤,,,2026-08-08
肉禽蛋,牛肉类,牛板筋,28.0,28.0,28.0,斤,,,2026-08-08
肉禽蛋,牛肉类,牛心管,30.0,30.0,30.0,斤,,,2026-08-08
肉禽蛋,牛肉类,牛肚,15.0,15.0,15.0,斤,,,2026-08-08
肉禽蛋,牛肉类,牛腰子,9.0,10.0,9.5,斤,,,2026-08-08
肉禽蛋,牛肉类,牛尾,23.0,25.0,24.0,斤,,,2026-08-08
肉禽蛋,牛肉类,牛百叶,28.0,30.0,29.0,斤,,,2026-08-08
肉禽蛋,牛肉类,牛上脑,28.5,29.0,28.75,斤,,,2026-08-08
肉禽蛋,牛肉类,整牛,28.5,30.0,29.25,斤,,,2026-08-07
肉禽蛋,牛肉类,牛前腱,35.0,36.0,35.5,斤,,,2026-08-07
肉禽蛋,牛肉类,牛后腱,35.0,36.0,35.5,斤,,,2026-08-07
肉禽蛋,牛肉类,牛前腿,28.5,29.0,28.75,斤,,,2026-08-07
肉禽蛋,牛肉类,牛后腿,28.5,29.0,28.75,斤,,,2026-08-07
肉禽蛋,牛肉类,牛腰窝,31.0,32.0,31.5,斤,,,2026-08-07
肉禽蛋,牛肉类,肥牛,26.0,35.0,30.5,斤,,,2026-08-07
肉禽蛋,牛肉类,牛柳,36.0,36.0,36.0,斤,,里脊,2026-08-07
肉禽蛋,牛肉类,精牛柳,36.0,36.0,36.0,斤,,,2026-08-07
肉禽蛋,牛肉类,牛腩,28.5,29.0,28.75,斤,,,2026-08-07
肉禽蛋,牛肉类,牛林,28.5,29.0,28.75,斤,,,2026-08-07
肉禽蛋,牛肉类,牛金钱腱,50.0,55.0,52.5,斤,,,2026-08-07
肉禽蛋,牛肉类,牛筋头巴脑,25.0,26.0,25.5,斤,,,2026-08-07
肉禽蛋,牛肉类,牛宝,17.0,18.0,17.5,斤,,,2026-08-07
肉禽蛋,牛肉类,牛鞭,45.0,48.0,46.5,斤,,,2026-08-07
肉禽蛋,牛肉类,牛油,5.0,5.0,5.0,斤,,,2026-08-07
肉禽蛋,牛肉类,牛心,6.0,6.0,6.0,斤,,,2026-08-07
肉禽蛋,牛肉类,牛舌,22.0,23.0,22.5,斤,,,2026-08-07
肉禽蛋,牛肉类,牛骨,3.5,4.0,3.75,斤,,,2026-08-07
肉禽蛋,牛肉类,牛排骨,28.0,28.5,28.25,斤,,,2026-08-07
肉禽蛋,牛肉类,牛蹄筋,23.0,23.0,23.0,斤,,,2026-08-07
肉禽蛋,牛肉类,牛板筋,28.0,28.0,28.0,斤,,,2026-08-07
肉禽蛋,牛肉类,牛心管,30.0,30.0,30.0,斤,,,2026-08-07
肉禽蛋,牛肉类,牛肚,15.0,15.0,15.0,斤,,,2026-08-07
肉禽蛋,牛肉类,牛腰子,9.0,10.0,9.5,斤,,,2026-08-07
肉禽蛋,牛肉类,牛尾,23.0,25.0,24.0,斤,,,2026-08-07
肉禽蛋,牛肉类,牛百叶,28.0,30.0,29.0,斤,,,2026-08-07
肉禽蛋,牛肉类,牛上脑,28.5,29.0,28.75,斤,,,2026-08-07
肉禽蛋,牛肉类,整牛,28.5,29.5,29.0,斤,,,2026-08-06
肉禽蛋,牛肉类,牛前腱,35.0,35.0,35.0,斤,,,2026-08-06
肉禽蛋,牛肉类,牛后腱,35.0,35.0,35.0,斤,,,2026-08-06
肉禽蛋,牛肉类,牛前腿,28.5,29.0,28.75,斤,,,2026-08-06
肉禽蛋,牛肉类,牛后腿,28.5,29.0,28.75,斤,,,2026-08-06
肉禽蛋,牛肉类,牛腰窝,31.0,32.0,31.5,斤,,,2026-08-06
肉禽蛋,牛肉类,肥牛,26.0,35.0,30.5,斤,,,2026-08-06
肉禽蛋,牛肉类,牛柳,35.0,36.0,35.5,斤,,里脊,2026-08-06
肉禽蛋,牛肉类,精牛柳,36.0,36.0,36.0,斤,,,2026-08-06
肉禽蛋,牛肉类,牛腩,28.5,29.0,28.75,斤,,,2026-08-06
肉禽蛋,牛肉类,牛林,28.5,29.0,28.75,斤,,,2026-08-06
肉禽蛋,牛肉类,牛金钱腱,50.0,52.0,51.0,斤,,,2026-08-06
肉禽蛋,牛肉类,牛筋头巴脑,25.0,26.0,25.5,斤,,,2026-08-06
肉禽蛋,牛肉类,牛宝,17.0,18.0,17.5,斤,,,2026-08-06
肉禽蛋,牛肉类,牛鞭,45.0,48.0,46.5,斤,,,2026-08-06
肉禽蛋,牛肉类,牛油,5.0,5.0,5.0,斤,,,2026-08-06
肉禽蛋,牛肉类,牛心,6.0,6.0,6.0,斤,,,2026-08-06
肉禽蛋,牛肉类,牛舌,22.0,23.0,22.5,斤,,,2026-08-06
肉禽蛋,牛肉类,牛骨,3.5,4.0,3.75,斤,,,2026-08-06
肉禽蛋,牛肉类,牛排骨,28.0,28.0,28.0,斤,,,2026-08-06
肉禽蛋,牛肉类,牛蹄筋,23.0,23.0,23.0,斤,,,2026-08-06
肉禽蛋,牛肉类,牛板筋,27.5,28.0,27.75,斤,,,2026-08-06
肉禽蛋,牛肉类,牛心管,30.0,30.0,30.0,斤,,,2026-08-06
肉禽蛋,牛肉类,牛肚,15.0,15.0,15.0,斤,,,2026-08-06
肉禽蛋,牛肉类,牛腰子,9.0,10.0,9.5,斤,,,2026-08-06
肉禽蛋,牛肉类,牛尾,23.0,25.0,24.0,斤,,,2026-08-06
肉禽蛋,牛肉类,牛百叶,28.0,30.0,29.0,斤,,,2026-08-06
肉禽蛋,牛肉类,牛上脑,28.5,29.0,28.75,斤,,,2026-08-06
肉禽蛋,牛肉类,整牛,28.5,29.5,29.0,斤,,,2026-08-05
肉禽蛋,牛肉类,牛前腱,35.0,35.0,35.0,斤,,,2026-08-05
肉禽蛋,牛肉类,牛后腱,35.0,35.0,35.0,斤,,,2026-08-05
肉禽蛋,牛肉类,牛前腿,28.5,29.0,28.75,斤,,,2026-08-05
肉禽蛋,牛肉类,牛后腿,28.5,29.0,28.75,斤,,,2026-08-05
肉禽蛋,牛肉类,牛腰窝,31.0,32.0,31.5,斤,,,2026-08-05
肉禽蛋,牛肉类,肥牛,26.0,35.0,30.5,斤,,,2026-08-05
肉禽蛋,牛肉类,牛柳,35.0,36.0,35.5,斤,,里脊,2026-08-05
肉禽蛋,牛肉类,精牛柳,36.0,36.0,36.0,斤,,,2026-08-05
肉禽蛋,牛肉类,牛腩,28.5,29.0,28.75,斤,,,2026-08-05
肉禽蛋,牛肉类,牛林,28.5,29.0,28.75,斤,,,2026-08-05
肉禽蛋,牛肉类,牛金钱腱,50.0,52.0,51.0,斤,,,2026-08-05
肉禽蛋,牛肉类,牛筋头巴脑,25.0,26.0,25.5,斤,,,2026-08-05
肉禽蛋,牛肉类,牛宝,17.0,18.0,17.5,斤,,,2026-08-05
肉禽蛋,牛肉类,牛鞭,45.0,48.0,46.5,斤,,,2026-08-05
肉禽蛋,牛肉类,牛油,5.0,5.0,5.0,斤,,,2026-08-05
肉禽蛋,牛肉类,牛心,6.0,6.0,6.0,斤,,,2026-08-05
肉禽蛋,牛肉类,牛舌,22.0,23.0,22.5,斤,,,2026-08-05
肉禽蛋,牛肉类,牛骨,3.5,4.0,3.75,斤,,,2026-08-05
肉禽蛋,牛肉类,牛排骨,28.0,28.0,28.0,斤,,,2026-08-05
肉禽蛋,牛肉类,牛蹄筋,23.0,23.0,23.0,斤,,,2026-08-05
肉禽蛋,牛肉类,牛板筋,27.5,28.0,27.75,斤,,,2026-08-05
肉禽蛋,牛肉类,牛心管,30.0,30.0,30.0,斤,,,2026-08-05
肉禽蛋,牛肉类,牛肚,15.0,15.0,15.0,斤,,,2026-08-05
肉禽蛋,牛肉类,牛腰子,9.0,10.0,9.5,斤,,,2026-08-05
肉禽蛋,牛肉类,牛尾,23.0,25.0,24.0,斤,,,2026-08-05
肉禽蛋,牛肉类,牛百叶,28.0,30.0,29.0,斤,,,2026-08-05
肉禽蛋,牛肉类,牛上脑,28.5,29.0,28.75,斤,,,2026-08-05
肉禽蛋,牛肉类,整牛,28.5,29.5,29.0,斤,,,2026-08-04
肉禽蛋,牛肉类,牛前腱,35.0,35.0,35.0,斤,,,2026-08-04
肉禽蛋,牛肉类,牛后腱,35.0,35.0,35.0,斤,,,2026-08-04
肉禽蛋,牛肉类,牛前腿,28.5,29.0,28.75,斤,,,2026-08-04
肉禽蛋,牛肉类,牛后腿,28.5,29.0,28.75,斤,,,2026-08-04
肉禽蛋,牛肉类,牛腰窝,31.0,32.0,31.5,斤,,,2026-08-04
肉禽蛋,牛肉类,肥牛,26.0,35.0,30.5,斤,,,2026-08-04
肉禽蛋,牛肉类,牛柳,34.0,34.0,34.0,斤,,里脊,2026-08-04
肉禽蛋,牛肉类,精牛柳,35.0,36.0,35.5,斤,,,2026-08-04
肉禽蛋,牛肉类,牛腩,28.5,29.0,28.75,斤,,,2026-08-04
肉禽蛋,牛肉类,牛林,28.5,29.0,28.75,斤,,,2026-08-04
肉禽蛋,牛肉类,牛金钱腱,50.0,55.0,52.5,斤,,,2026-08-04
肉禽蛋,牛肉类,牛筋头巴脑,25.0,26.0,25.5,斤,,,2026-08-04
肉禽蛋,牛肉类,牛宝,17.0,18.0,17.5,斤,,,2026-08-04
肉禽蛋,牛肉类,牛鞭,45.0,48.0,46.5,斤,,,2026-08-04
肉禽蛋,牛肉类,牛油,5.0,5.0,5.0,斤,,,2026-08-04
肉禽蛋,牛肉类,牛心,6.0,6.0,6.0,斤,,,2026-08-04
肉禽蛋,牛肉类,牛舌,22.0,23.0,22.5,斤,,,2026-08-04
肉禽蛋,牛肉类,牛骨,3.5,4.0,3.75,斤,,,2026-08-04
肉禽蛋,牛肉类,牛排骨,28.0,28.0,28.0,斤,,,2026-08-04
肉禽蛋,牛肉类,牛蹄筋,23.0,23.0,23.0,斤,,,2026-08-04
肉禽蛋,牛肉类,牛板筋,27.5,28.0,27.75,斤,,,2026-08-04
肉禽蛋,牛肉类,牛心管,30.0,30.0,30.0,斤,,,2026-08-04
肉禽蛋,牛肉类,牛肚,15.0,15.0,15.0,斤,,,2026-08-04
肉禽蛋,牛肉类,牛腰子,9.0,10.0,9.5,斤,,,2026-08-04
肉禽蛋,牛肉类,牛尾,23.0,25.0,24.0,斤,,,2026-08-04
肉禽蛋,牛肉类,牛百叶,28.0,30.0,29.0,斤,,,2026-08-04
肉禽蛋,牛肉类,牛上脑,28.5,29.0,28.75,斤,,,2026-08-04
肉禽蛋,牛肉类,整牛,28.75,29.5,29.13,斤,,,2026-08-03
肉禽蛋,牛肉类,牛前腱,35.0,36.0,35.5,斤,,,2026-08-03
肉禽蛋,牛肉类,牛后腱,35.0,36.0,35.5,斤,,,2026-08-03
肉禽蛋,牛肉类,牛前腿,28.5,29.0,28.75,斤,,,2026-08-03
肉禽蛋,牛肉类,牛后腿,28.5,29.0,28.75,斤,,,2026-08-03
肉禽蛋,牛肉类,牛腰窝,31.0,32.0,31.5,斤,,,2026-08-03
肉禽蛋,牛肉类,肥牛,26.0,35.0,30.5,斤,,,2026-08-03
肉禽蛋,牛肉类,牛柳,34.0,34.0,34.0,斤,,里脊,2026-08-03
肉禽蛋,牛肉类,精牛柳,35.0,36.0,35.5,斤,,,2026-08-03
肉禽蛋,牛肉类,牛腩,28.5,29.0,28.75,斤,,,2026-08-03
肉禽蛋,牛肉类,牛林,28.5,29.0,28.75,斤,,,2026-08-03
肉禽蛋,牛肉类,牛金钱腱,50.0,55.0,52.5,斤,,,2026-08-03
肉禽蛋,牛肉类,牛筋头巴脑,25.0,26.0,25.5,斤,,,2026-08-03
肉禽蛋,牛肉类,牛宝,17.0,18.0,17.5,斤,,,2026-08-03
肉禽蛋,牛肉类,牛鞭,45.0,48.0,46.5,斤,,,2026-08-03
肉禽蛋,牛肉类,牛油,5.0,5.0,5.0,斤,,,2026-08-03
肉禽蛋,牛肉类,牛心,6.0,6.0,6.0,斤,,,2026-08-03
肉禽蛋,牛肉类,牛舌,22.0,23.0,22.5,斤,,,2026-08-03
肉禽蛋,牛肉类,牛骨,3.5,4.0,3.75,斤,,,2026-08-03
肉禽蛋,牛肉类,牛排骨,28.0,28.5,28.25,斤,,,2026-08-03
肉禽蛋,牛肉类,牛蹄筋,23.0,23.0,23.0,斤,,,2026-08-03
肉禽蛋,牛肉类,牛板筋,27.0,28.0,27.5,斤,,,2026-08-03
肉禽蛋,牛肉类,牛心管,30.0,30.0,30.0,斤,,,2026-08-03
肉禽蛋,牛肉类,牛肚,15.0,15.0,15.0,斤,,,2026-08-03
肉禽蛋,牛肉类,牛腰子,9.0,10.0,9.5,斤,,,2026-08-03
肉禽蛋,牛肉类,牛尾,23.0,25.0,24.0,斤,,,2026-08-03
肉禽蛋,牛肉类,牛百叶,28.0,30.0,29.0,斤,,,2026-08-03
肉禽蛋,牛肉类,牛上脑,28.0,29.0,28.5,斤,,,2026-08-03
肉禽蛋,牛肉类,整牛,28.75,29.5,29.13,斤,,,2026-08-02
肉禽蛋,牛肉类,牛前腱,35.0,36.0,35.5,斤,,,2026-08-02
肉禽蛋,牛肉类,牛后腱,35.0,36.0,35.5,斤,,,2026-08-02
肉禽蛋,牛肉类,牛前腿,28.5,29.0,28.75,斤,,,2026-08-02
肉禽蛋,牛肉类,牛后腿,28.5,29.0,28.75,斤,,,2026-08-02
肉禽蛋,牛肉类,牛腰窝,31.0,32.0,31.5,斤,,,2026-08-02
肉禽蛋,牛肉类,肥牛,26.0,35.0,30.5,斤,,,2026-08-02
肉禽蛋,牛肉类,牛柳,34.0,34.0,34.0,斤,,里脊,2026-08-02
肉禽蛋,牛肉类,精牛柳,35.0,36.0,35.5,斤,,,2026-08-02
肉禽蛋,牛肉类,牛腩,28.5,29.0,28.75,斤,,,2026-08-02
肉禽蛋,牛肉类,牛林,28.5,29.0,28.75,斤,,,2026-08-02
肉禽蛋,牛肉类,牛金钱腱,50.0,52.0,51.0,斤,,,2026-08-02
肉禽蛋,牛肉类,牛筋头巴脑,25.0,26.0,25.5,斤,,,2026-08-02
肉禽蛋,牛肉类,牛宝,17.0,18.0,17.5,斤,,,2026-08-02
肉禽蛋,牛肉类,牛鞭,45.0,48.0,46.5,斤,,,2026-08-02
肉禽蛋,牛肉类,牛油,5.0,5.0,5.0,斤,,,2026-08-02
肉禽蛋,牛肉类,牛心,6.0,6.0,6.0,斤,,,2026-08-02
肉禽蛋,牛肉类,牛舌,22.0,23.0,22.5,斤,,,2026-08-02
肉禽蛋,牛肉类,牛骨,3.5,4.0,3.75,斤,,,2026-08-02
肉禽蛋,牛肉类,牛排骨,28.0,28.5,28.25,斤,,,2026-08-02
肉禽蛋,牛肉类,牛蹄筋,23.0,23.0,23.0,斤,,,2026-08-02
肉禽蛋,牛肉类,牛板筋,27.0,28.0,27.5,斤,,,2026-08-02
肉禽蛋,牛肉类,牛心管,30.0,30.0,30.0,斤,,,2026-08-02
肉禽蛋,牛肉类,牛肚,15.0,15.0,15.0,斤,,,2026-08-02
肉禽蛋,牛肉类,牛腰子,9.0,10.0,9.5,斤,,,2026-08-02
肉禽蛋,牛肉类,牛尾,23.0,25.0,24.0,斤,,,2026-08-02
肉禽蛋,牛肉类,牛百叶,28.0,30.0,29.0,斤,,,2026-08-02
肉禽蛋,牛肉类,牛上脑,28.0,29.0,28.5,斤,,,2026-08-02
肉禽蛋,牛肉类,整牛,28.75,29.5,29.13,斤,,,2026-08-01
肉禽蛋,牛肉类,牛前腱,35.0,36.0,35.5,斤,,,2026-08-01
肉禽蛋,牛肉类,牛后腱,35.0,36.0,35.5,斤,,,2026-08-01
肉禽蛋,牛肉类,牛前腿,28.5,29.0,28.75,斤,,,2026-08-01
肉禽蛋,牛肉类,牛后腿,28.5,29.0,28.75,斤,,,2026-08-01
肉禽蛋,牛肉类,牛腰窝,31.0,32.0,31.5,斤,,,2026-08-01
肉禽蛋,牛肉类,肥牛,26.0,35.0,30.5,斤,,,2026-08-01
肉禽蛋,牛肉类,牛柳,34.0,34.0,34.0,斤,,里脊,2026-08-01
肉禽蛋,牛肉类,精牛柳,35.0,36.0,35.5,斤,,,2026-08-01
肉禽蛋,牛肉类,牛腩,28.5,29.0,28.75,斤,,,2026-08-01
肉禽蛋,牛肉类,牛林,28.5,29.0,28.75,斤,,,2026-08-01
肉禽蛋,牛肉类,牛金钱腱,50.0,52.0,51.0,斤,,,2026-08-01
肉禽蛋,牛肉类,牛筋头巴脑,25.0,26.0,25.5,斤,,,2026-08-01
肉禽蛋,牛肉类,牛宝,17.0,18.0,17.5,斤,,,2026-08-01
肉禽蛋,牛肉类,牛鞭,45.0,48.0,46.5,斤,,,2026-08-01
肉禽蛋,牛肉类,牛油,5.0,5.0,5.0,斤,,,2026-08-01
肉禽蛋,牛肉类,牛心,6.0,6.0,6.0,斤,,,2026-08-01
肉禽蛋,牛肉类,牛舌,22.0,23.0,22.5,斤,,,2026-08-01
肉禽蛋,牛肉类,牛骨,3.5,4.0,3.75,斤,,,2026-08-01
肉禽蛋,牛肉类,牛排骨,28.0,28.5,28.25,斤,,,2026-08-01
肉禽蛋,牛肉类,牛蹄筋,23.0,23.0,23.0,斤,,,2026-08-01
肉禽蛋,牛肉类,牛板筋,27.0,28.0,27.5,斤,,,2026-08-01
肉禽蛋,牛肉类,牛心管,30.0,30.0,30.0,斤,,,2026-08-01
肉禽蛋,牛肉类,牛肚,15.0,15.0,15.0,斤,,,2026-08-01
肉禽蛋,牛肉类,牛腰子,9.0,10.0,9.5,斤,,,2026-08-01
肉禽蛋,牛肉类,牛尾,23.0,25.0,24.0,斤,,,2026-08-01
肉禽蛋,牛肉类,牛百叶,28.0,30.0,29.0,斤,,,2026-08-01
肉禽蛋,牛肉类,牛上脑,28.0,29.0,28.5,斤,,,2026-08-01
肉禽蛋,牛肉类,整牛,28.75,29.5,29.13,斤,,,2026-07-31
肉禽蛋,牛肉类,牛前腱,35.0,36.0,35.5,斤,,,2026-07-31
肉禽蛋,牛肉类,牛后腱,35.0,36.0,35.5,斤,,,2026-07-31
肉禽蛋,牛肉类,牛前腿,28.5,29.0,28.75,斤,,,2026-07-31
肉禽蛋,牛肉类,牛后腿,28.5,29.0,28.75,斤,,,2026-07-31
肉禽蛋,牛肉类,牛腰窝,31.0,32.0,31.5,斤,,,2026-07-31
肉禽蛋,牛肉类,肥牛,26.0,35.0,30.5,斤,,,2026-07-31
肉禽蛋,牛肉类,牛柳,34.0,34.0,34.0,斤,,里脊,2026-07-31
肉禽蛋,牛肉类,精牛柳,35.0,36.0,35.5,斤,,,2026-07-31
肉禽蛋,牛肉类,牛腩,28.5,29.0,28.75,斤,,,2026-07-31
肉禽蛋,牛肉类,牛林,28.5,29.0,28.75,斤,,,2026-07-31
肉禽蛋,牛肉类,牛金钱腱,50.0,52.0,51.0,斤,,,2026-07-31
肉禽蛋,牛肉类,牛筋头巴脑,25.0,26.0,25.5,斤,,,2026-07-31
肉禽蛋,牛肉类,牛宝,17.0,18.0,17.5,斤,,,2026-07-31
肉禽蛋,牛肉类,牛鞭,45.0,48.0,46.5,斤,,,2026-07-31
肉禽蛋,牛肉类,牛油,5.0,5.0,5.0,斤,,,2026-07-31
肉禽蛋,牛肉类,牛心,6.0,6.0,6.0,斤,,,2026-07-31
肉禽蛋,牛肉类,牛舌,22.0,23.0,22.5,斤,,,2026-07-31
肉禽蛋,牛肉类,牛骨,3.5,4.0,3.75,斤,,,2026-07-31
肉禽蛋,牛肉类,牛排骨,28.0,28.5,28.25,斤,,,2026-07-31
肉禽蛋,牛肉类,牛蹄筋,23.0,23.0,23.0,斤,,,2026-07-31
肉禽蛋,牛肉类,牛板筋,27.0,28.0,27.5,斤,,,2026-07-31
肉禽蛋,牛肉类,牛心管,30.0,30.0,30.0,斤,,,2026-07-31
肉禽蛋,牛肉类,牛肚,15.0,15.0,15.0,斤,,,2026-07-31
肉禽蛋,牛肉类,牛腰子,9.0,10.0,9.5,斤,,,2026-07-31
肉禽蛋,牛肉类,牛尾,23.0,25.0,24.0,斤,,,2026-07-31
肉禽蛋,牛肉类,牛百叶,28.0,30.0,29.0,斤,,,2026-07-31
肉禽蛋,牛肉类,牛上脑,28.0,29.0,28.5,斤,,,2026-07-31
肉禽蛋,牛肉类,整牛,28.75,29.5,29.13,斤,,,2026-07-30
肉禽蛋,牛肉类,牛前腱,35.0,36.0,35.5,斤,,,2026-07-30
肉禽蛋,牛肉类,牛后腱,35.0,36.0,35.5,斤,,,2026-07-30
肉禽蛋,牛肉类,牛前腿,28.5,29.0,28.75,斤,,,2026-07-30
肉禽蛋,牛肉类,牛后腿,28.5,29.0,28.75,斤,,,2026-07-30
肉禽蛋,牛肉类,牛腰窝,31.0,32.0,31.5,斤,,,2026-07-30
肉禽蛋,牛肉类,肥牛,26.0,35.0,30.5,斤,,,2026-07-30
肉禽蛋,牛肉类,牛柳,34.0,34.0,34.0,斤,,里脊,2026-07-30
肉禽蛋,牛肉类,精牛柳,35.0,36.0,35.5,斤,,,2026-07-30
肉禽蛋,牛肉类,牛腩,28.5,29.0,28.75,斤,,,2026-07-30
肉禽蛋,牛肉类,牛林,28.0,29.0,28.5,斤,,,2026-07-30
肉禽蛋,牛肉类,牛金钱腱,50.0,52.0,51.0,斤,,,2026-07-30
肉禽蛋,牛肉类,牛筋头巴脑,25.0,26.0,25.5,斤,,,2026-07-30
肉禽蛋,牛肉类,牛宝,17.0,18.0,17.5,斤,,,2026-07-30
肉禽蛋,牛肉类,牛鞭,45.0,48.0,46.5,斤,,,2026-07-30
肉禽蛋,牛肉类,牛油,5.0,5.0,5.0,斤,,,2026-07-30
肉禽蛋,牛肉类,牛心,6.0,6.0,6.0,斤,,,2026-07-30
肉禽蛋,牛肉类,牛舌,22.0,23.0,22.5,斤,,,2026-07-30
肉禽蛋,牛肉类,牛骨,3.5,4.0,3.75,斤,,,2026-07-30
肉禽蛋,牛肉类,牛排骨,28.0,28.5,28.25,斤,,,2026-07-30
肉禽蛋,牛肉类,牛蹄筋,23.0,23.0,23.0,斤,,,2026-07-30
肉禽蛋,牛肉类,牛板筋,27.0,28.0,27.5,斤,,,2026-07-30
肉禽蛋,牛肉类,牛心管,30.0,30.0,30.0,斤,,,2026-07-30
肉禽蛋,牛肉类,牛肚,15.0,15.0,15.0,斤,,,2026-07-30
肉禽蛋,牛肉类,牛腰子,9.0,10.0,9.5,斤,,,2026-07-30
肉禽蛋,牛肉类,牛尾,23.0,25.0,24.0,斤,,,2026-07-30
肉禽蛋,牛肉类,牛百叶,28.0,30.0,29.0,斤,,,2026-07-30
肉禽蛋,牛肉类,牛上脑,28.0,29.0,28.5,斤,,,2026-07-30
肉禽蛋,牛肉类,整牛,28.75,29.5,29.13,斤,,,2026-07-29
肉禽蛋,牛肉类,牛前腱,35.0,36.0,35.5,斤,,,2026-07-29
肉禽蛋,牛肉类,牛后腱,35.0,36.0,35.5,斤,,,2026-07-29
肉禽蛋,牛肉类,牛前腿,28.0,29.0,28.5,斤,,,2026-07-29
肉禽蛋,牛肉类,牛后腿,28.0,29.0,28.5,斤,,,2026-07-29
肉禽蛋,牛肉类,牛腰窝,31.0,32.0,31.5,斤,,,2026-07-29
肉禽蛋,牛肉类,肥牛,26.0,35.0,30.5,斤,,,2026-07-29
肉禽蛋,牛肉类,牛柳,34.0,35.0,34.5,斤,,里脊,2026-07-29
肉禽蛋,牛肉类,精牛柳,35.0,36.0,35.5,斤,,,2026-07-29
肉禽蛋,牛肉类,牛腩,28.0,29.0,28.5,斤,,,2026-07-29
肉禽蛋,牛肉类,牛林,28.0,29.0,28.5,斤,,,2026-07-29
肉禽蛋,牛肉类,牛金钱腱,50.0,50.0,50.0,斤,,,2026-07-29
肉禽蛋,牛肉类,牛筋头巴脑,25.0,26.0,25.5,斤,,,2026-07-29
肉禽蛋,牛肉类,牛宝,17.0,18.0,17.5,斤,,,2026-07-29
肉禽蛋,牛肉类,牛鞭,45.0,48.0,46.5,斤,,,2026-07-29
肉禽蛋,牛肉类,牛油,5.0,5.0,5.0,斤,,,2026-07-29
肉禽蛋,牛肉类,牛心,6.0,6.0,6.0,斤,,,2026-07-29
肉禽蛋,牛肉类,牛舌,22.0,23.0,22.5,斤,,,2026-07-29
肉禽蛋,牛肉类,牛骨,3.5,4.0,3.75,斤,,,2026-07-29
肉禽蛋,牛肉类,牛排骨,28.0,28.5,28.25,斤,,,2026-07-29
肉禽蛋,牛肉类,牛蹄筋,23.0,23.0,23.0,斤,,,2026-07-29
肉禽蛋,牛肉类,牛板筋,27.0,28.0,27.5,斤,,,2026-07-29
肉禽蛋,牛肉类,牛心管,30.0,30.0,30.0,斤,,,2026-07-29
肉禽蛋,牛肉类,牛肚,15.0,15.0,15.0,斤,,,2026-07-29
肉禽蛋,牛肉类,牛腰子,9.0,10.0,9.5,斤,,,2026-07-29
肉禽蛋,牛肉类,牛尾,23.0,25.0,24.0,斤,,,2026-07-29
肉禽蛋,牛肉类,牛百叶,28.0,30.0,29.0,斤,,,2026-07-29
肉禽蛋,牛肉类,牛上脑,28.0,29.0,28.5,斤,,,2026-07-29
肉禽蛋,牛肉类,整牛,28.75,29.5,29.13,斤,,,2026-07-28
肉禽蛋,牛肉类,牛前腱,35.0,35.0,35.0,斤,,,2026-07-28
肉禽蛋,牛肉类,牛后腱,35.0,35.0,35.0,斤,,,2026-07-28
肉禽蛋,牛肉类,牛前腿,28.0,29.0,28.5,斤,,,2026-07-28
肉禽蛋,牛肉类,牛后腿,28.0,29.0,28.5,斤,,,2026-07-28
肉禽蛋,牛肉类,牛腰窝,31.0,32.0,31.5,斤,,,2026-07-28
肉禽蛋,牛肉类,肥牛,26.0,35.0,30.5,斤,,,2026-07-28
肉禽蛋,牛肉类,牛柳,34.0,35.0,34.5,斤,,里脊,2026-07-28
肉禽蛋,牛肉类,精牛柳,35.0,36.0,35.5,斤,,,2026-07-28
肉禽蛋,牛肉类,牛腩,28.5,29.0,28.75,斤,,,2026-07-28
肉禽蛋,牛肉类,牛林,28.0,29.0,28.5,斤,,,2026-07-28
肉禽蛋,牛肉类,牛金钱腱,50.0,50.0,50.0,斤,,,2026-07-28
肉禽蛋,牛肉类,牛筋头巴脑,25.0,26.0,25.5,斤,,,2026-07-28
肉禽蛋,牛肉类,牛宝,17.0,18.0,17.5,斤,,,2026-07-28
肉禽蛋,牛肉类,牛鞭,45.0,48.0,46.5,斤,,,2026-07-28
肉禽蛋,牛肉类,牛油,5.0,5.0,5.0,斤,,,2026-07-28
肉禽蛋,牛肉类,牛心,6.0,6.0,6.0,斤,,,2026-07-28
肉禽蛋,牛肉类,牛舌,22.0,23.0,22.5,斤,,,2026-07-28
肉禽蛋,牛肉类,牛骨,3.5,4.0,3.75,斤,,,2026-07-28
肉禽蛋,牛肉类,牛排骨,28.0,28.0,28.0,斤,,,2026-07-28
肉禽蛋,牛肉类,牛蹄筋,23.0,23.0,23.0,斤,,,2026-07-28
肉禽蛋,牛肉类,牛板筋,27.0,28.0,27.5,斤,,,2026-07-28
肉禽蛋,牛肉类,牛心管,30.0,30.0,30.0,斤,,,2026-07-28
肉禽蛋,牛肉类,牛肚,15.0,15.0,15.0,斤,,,2026-07-28
肉禽蛋,牛肉类,牛腰子,9.0,10.0,9.5,斤,,,2026-07-28
肉禽蛋,牛肉类,牛尾,23.0,25.0,24.0,斤,,,2026-07-28
肉禽蛋,牛肉类,牛百叶,28.0,30.0,29.0,斤,,,2026-07-28
肉禽蛋,牛肉类,牛上脑,28.0,29.0,28.5,斤,,,2026-07-28
肉禽蛋,牛肉类,整牛,28.5,29.5,29.0,斤,,,2026-07-27
肉禽蛋,牛肉类,牛前腱,35.0,35.0,35.0,斤,,,2026-07-27
肉禽蛋,牛肉类,牛后腱,35.0,35.0,35.0,斤,,,2026-07-27
肉禽蛋,牛肉类,牛前腿,28.0,28.5,28.25,斤,,,2026-07-27
肉禽蛋,牛肉类,牛后腿,28.0,28.5,28.25,斤,,,2026-07-27
肉禽蛋,牛肉类,牛腰窝,31.0,32.0,31.5,斤,,,2026-07-27
肉禽蛋,牛肉类,肥牛,26.0,35.0,30.5,斤,,,2026-07-27
肉禽蛋,牛肉类,牛柳,34.0,35.0,34.5,斤,,里脊,2026-07-27
肉禽蛋,牛肉类,精牛柳,35.0,36.0,35.5,斤,,,2026-07-27
肉禽蛋,牛肉类,牛腩,28.0,28.5,28.25,斤,,,2026-07-27
肉禽蛋,牛肉类,牛林,28.0,28.5,28.25,斤,,,2026-07-27
肉禽蛋,牛肉类,牛金钱腱,50.0,50.0,50.0,斤,,,2026-07-27
肉禽蛋,牛肉类,牛筋头巴脑,25.0,26.0,25.5,斤,,,2026-07-27
肉禽蛋,牛肉类,牛宝,17.0,18.0,17.5,斤,,,2026-07-27
肉禽蛋,牛肉类,牛鞭,45.0,48.0,46.5,斤,,,2026-07-27
肉禽蛋,牛肉类,牛油,5.0,5.0,5.0,斤,,,2026-07-27
肉禽蛋,牛肉类,牛心,6.0,6.0,6.0,斤,,,2026-07-27
肉禽蛋,牛肉类,牛舌,22.0,23.0,22.5,斤,,,2026-07-27
肉禽蛋,牛肉类,牛骨,3.5,4.0,3.75,斤,,,2026-07-27
肉禽蛋,牛肉类,牛排骨,27.0,28.0,27.5,斤,,,2026-07-27
肉禽蛋,牛肉类,牛蹄筋,23.0,23.0,23.0,斤,,,2026-07-27
肉禽蛋,牛肉类,牛板筋,27.0,27.0,27.0,斤,,,2026-07-27
肉禽蛋,牛肉类,牛心管,30.0,30.0,30.0,斤,,,2026-07-27
肉禽蛋,牛肉类,牛肚,15.0,15.0,15.0,斤,,,2026-07-27
肉禽蛋,牛肉类,牛腰子,9.0,10.0,9.5,斤,,,2026-07-27
肉禽蛋,牛肉类,牛尾,23.0,25.0,24.0,斤,,,2026-07-27
肉禽蛋,牛肉类,牛百叶,28.0,30.0,29.0,斤,,,2026-07-27
肉禽蛋,牛肉类,牛上脑,28.0,28.5,28.25,斤,,,2026-07-27
肉禽蛋,牛肉类,整牛,28.5,29.0,28.75,斤,,,2026-07-26
肉禽蛋,牛肉类,牛前腱,35.0,35.0,35.0,斤,,,2026-07-26
肉禽蛋,牛肉类,牛后腱,35.0,35.0,35.0,斤,,,2026-07-26
肉禽蛋,牛肉类,牛前腿,28.0,28.0,28.0,斤,,,2026-07-26
肉禽蛋,牛肉类,牛后腿,28.0,28.0,28.0,斤,,,2026-07-26
肉禽蛋,牛肉类,牛腰窝,30.0,31.0,30.5,斤,,,2026-07-26
肉禽蛋,牛肉类,肥牛,26.0,35.0,30.5,斤,,,2026-07-26
肉禽蛋,牛肉类,牛柳,33.0,33.0,33.0,斤,,里脊,2026-07-26
肉禽蛋,牛肉类,精牛柳,35.0,35.0,35.0,斤,,,2026-07-26
肉禽蛋,牛肉类,牛腩,28.0,28.0,28.0,斤,,,2026-07-26
肉禽蛋,牛肉类,牛林,28.0,28.0,28.0,斤,,,2026-07-26
肉禽蛋,牛肉类,牛金钱腱,48.0,50.0,49.0,斤,,,2026-07-26
肉禽蛋,牛肉类,牛筋头巴脑,25.0,26.0,25.5,斤,,,2026-07-26
肉禽蛋,牛肉类,牛宝,17.0,18.0,17.5,斤,,,2026-07-26
肉禽蛋,牛肉类,牛鞭,45.0,48.0,46.5,斤,,,2026-07-26
肉禽蛋,牛肉类,牛油,5.0,5.0,5.0,斤,,,2026-07-26
肉禽蛋,牛肉类,牛心,6.0,6.0,6.0,斤,,,2026-07-26
肉禽蛋,牛肉类,牛舌,22.0,23.0,22.5,斤,,,2026-07-26
肉禽蛋,牛肉类,牛骨,3.5,4.0,3.75,斤,,,2026-07-26
肉禽蛋,牛肉类,牛排骨,27.0,28.0,27.5,斤,,,2026-07-26
肉禽蛋,牛肉类,牛蹄筋,23.0,23.0,23.0,斤,,,2026-07-26
肉禽蛋,牛肉类,牛板筋,27.0,27.0,27.0,斤,,,2026-07-26
肉禽蛋,牛肉类,牛心管,30.0,30.0,30.0,斤,,,2026-07-26
肉禽蛋,牛肉类,牛肚,15.0,15.0,15.0,斤,,,2026-07-26
肉禽蛋,牛肉类,牛腰子,9.0,10.0,9.5,斤,,,2026-07-26
肉禽蛋,牛肉类,牛尾,23.0,25.0,24.0,斤,,,2026-07-26
肉禽蛋,牛肉类,牛百叶,28.0,30.0,29.0,斤,,,2026-07-26
肉禽蛋,牛肉类,牛上脑,28.0,28.0,28.0,斤,,,2026-07-26
肉禽蛋,牛肉类,整牛,28.5,29.0,28.75,斤,,,2026-07-25
肉禽蛋,牛肉类,牛前腱,35.0,35.0,35.0,斤,,,2026-07-25
肉禽蛋,牛肉类,牛后腱,35.0,35.0,35.0,斤,,,2026-07-25
肉禽蛋,牛肉类,牛前腿,28.0,28.0,28.0,斤,,,2026-07-25
肉禽蛋,牛肉类,牛后腿,28.0,28.0,28.0,斤,,,2026-07-25
肉禽蛋,牛肉类,牛腰窝,30.0,31.0,30.5,斤,,,2026-07-25
肉禽蛋,牛肉类,肥牛,26.0,35.0,30.5,斤,,,2026-07-25
肉禽蛋,牛肉类,牛柳,33.0,33.0,33.0,斤,,里脊,2026-07-25
肉禽蛋,牛肉类,精牛柳,35.0,35.0,35.0,斤,,,2026-07-25
肉禽蛋,牛肉类,牛腩,28.0,28.0,28.0,斤,,,2026-07-25
肉禽蛋,牛肉类,牛林,28.0,28.0,28.0,斤,,,2026-07-25
肉禽蛋,牛肉类,牛金钱腱,48.0,50.0,49.0,斤,,,2026-07-25
肉禽蛋,牛肉类,牛筋头巴脑,25.0,26.0,25.5,斤,,,2026-07-25
肉禽蛋,牛肉类,牛宝,17.0,18.0,17.5,斤,,,2026-07-25
肉禽蛋,牛肉类,牛鞭,45.0,48.0,46.5,斤,,,2026-07-25
肉禽蛋,牛肉类,牛油,5.0,5.0,5.0,斤,,,2026-07-25
肉禽蛋,牛肉类,牛心,6.0,6.0,6.0,斤,,,2026-07-25
肉禽蛋,牛肉类,牛舌,22.0,23.0,22.5,斤,,,2026-07-25
肉禽蛋,牛肉类,牛骨,3.5,4.0,3.75,斤,,,2026-07-25
肉禽蛋,牛肉类,牛排骨,27.0,28.0,27.5,斤,,,2026-07-25
肉禽蛋,牛肉类,牛蹄筋,23.0,23.0,23.0,斤,,,2026-07-25
肉禽蛋,牛肉类,牛板筋,27.0,27.0,27.0,斤,,,2026-07-25
肉禽蛋,牛肉类,牛心管,30.0,30.0,30.0,斤,,,2026-07-25
肉禽蛋,牛肉类,牛肚,15.0,15.0,15.0,斤,,,2026-07-25
肉禽蛋,牛肉类,牛腰子,9.0,10.0,9.5,斤,,,2026-07-25
肉禽蛋,牛肉类,牛尾,23.0,25.0,24.0,斤,,,2026-07-25
肉禽蛋,牛肉类,牛百叶,28.0,30.0,29.0,斤,,,2026-07-25
肉禽蛋,牛肉类,牛上脑,28.0,28.0,28.0,斤,,,2026-07-25
肉禽蛋,牛肉类,整牛,28.5,29.0,28.75,斤,,,2026-07-24
肉禽蛋,牛肉类,牛前腱,35.0,35.0,35.0,斤,,,2026-07-24
肉禽蛋,牛肉类,牛后腱,35.0,35.0,35.0,斤,,,2026-07-24
肉禽蛋,牛肉类,牛前腿,28.0,28.0,28.0,斤,,,2026-07-24
肉禽蛋,牛肉类,牛后腿,28.0,28.0,28.0,斤,,,2026-07-24
肉禽蛋,牛肉类,牛腰窝,30.0,31.0,30.5,斤,,,2026-07-24
肉禽蛋,牛肉类,肥牛,26.0,35.0,30.5,斤,,,2026-07-24
肉禽蛋,牛肉类,牛柳,33.0,33.0,33.0,斤,,里脊,2026-07-24
肉禽蛋,牛肉类,精牛柳,35.0,35.0,35.0,斤,,,2026-07-24
肉禽蛋,牛肉类,牛腩,28.0,28.0,28.0,斤,,,2026-07-24
肉禽蛋,牛肉类,牛林,28.0,28.0,28.0,斤,,,2026-07-24
肉禽蛋,牛肉类,牛金钱腱,48.0,50.0,49.0,斤,,,2026-07-24
肉禽蛋,牛肉类,牛筋头巴脑,25.0,26.0,25.5,斤,,,2026-07-24
肉禽蛋,牛肉类,牛宝,17.0,18.0,17.5,斤,,,2026-07-24
肉禽蛋,牛肉类,牛鞭,45.0,48.0,46.5,斤,,,2026-07-24
肉禽蛋,牛肉类,牛油,5.0,5.0,5.0,斤,,,2026-07-24
肉禽蛋,牛肉类,牛心,6.0,6.0,6.0,斤,,,2026-07-24
肉禽蛋,牛肉类,牛舌,22.0,23.0,22.5,斤,,,2026-07-24
肉禽蛋,牛肉类,牛骨,3.5,4.0,3.75,斤,,,2026-07-24
肉禽蛋,牛肉类,牛排骨,27.0,28.0,27.5,斤,,,2026-07-24
肉禽蛋,牛肉类,牛蹄筋,23.0,23.0,23.0,斤,,,2026-07-24
肉禽蛋,牛肉类,牛板筋,27.0,27.0,27.0,斤,,,2026-07-24
肉禽蛋,牛肉类,牛心管,30.0,30.0,30.0,斤,,,2026-07-24
肉禽蛋,牛肉类,牛肚,15.0,15.0,15.0,斤,,,2026-07-24
肉禽蛋,牛肉类,牛腰子,9.0,10.0,9.5,斤,,,2026-07-24
肉禽蛋,牛肉类,牛尾,23.0,25.0,24.0,斤,,,2026-07-24
肉禽蛋,牛肉类,牛百叶,28.0,30.0,29.0,斤,,,2026-07-24
肉禽蛋,牛肉类,牛上脑,28.0,28.0,28.0,斤,,,2026-07-24
肉禽蛋,牛肉类,整牛,28.5,29.0,28.75,斤,,,2026-07-23
肉禽蛋,牛肉类,牛前腱,34.0,35.0,34.5,斤,,,2026-07-23
肉禽蛋,牛肉类,牛后腱,34.0,35.0,34.5,斤,,,2026-07-23
肉禽蛋,牛肉类,牛前腿,28.0,28.0,28.0,斤,,,2026-07-23
肉禽蛋,牛肉类,牛后腿,28.0,28.0,28.0,斤,,,2026-07-23
肉禽蛋,牛肉类,牛腰窝,30.0,31.0,30.5,斤,,,2026-07-23
肉禽蛋,牛肉类,肥牛,26.0,35.0,30.5,斤,,,2026-07-23
肉禽蛋,牛肉类,牛柳,33.0,33.0,33.0,斤,,里脊,2026-07-23
肉禽蛋,牛肉类,精牛柳,35.0,35.0,35.0,斤,,,2026-07-23
肉禽蛋,牛肉类,牛腩,28.0,28.0,28.0,斤,,,2026-07-23
肉禽蛋,牛肉类,牛林,28.0,28.0,28.0,斤,,,2026-07-23
肉禽蛋,牛肉类,牛金钱腱,48.0,50.0,49.0,斤,,,2026-07-23
肉禽蛋,牛肉类,牛筋头巴脑,25.0,26.0,25.5,斤,,,2026-07-23
肉禽蛋,牛肉类,牛宝,17.0,18.0,17.5,斤,,,2026-07-23
肉禽蛋,牛肉类,牛鞭,45.0,48.0,46.5,斤,,,2026-07-23
肉禽蛋,牛肉类,牛油,5.0,5.0,5.0,斤,,,2026-07-23
肉禽蛋,牛肉类,牛心,6.0,6.0,6.0,斤,,,2026-07-23
肉禽蛋,牛肉类,牛舌,22.0,23.0,22.5,斤,,,2026-07-23
肉禽蛋,牛肉类,牛骨,3.5,4.0,3.75,斤,,,2026-07-23
肉禽蛋,牛肉类,牛排骨,27.0,28.0,27.5,斤,,,2026-07-23
肉禽蛋,牛肉类,牛蹄筋,23.0,23.0,23.0,斤,,,2026-07-23
肉禽蛋,牛肉类,牛板筋,28.0,28.0,28.0,斤,,,2026-07-23
肉禽蛋,牛肉类,牛心管,30.0,30.0,30.0,斤,,,2026-07-23
肉禽蛋,牛肉类,牛肚,15.0,15.0,15.0,斤,,,2026-07-23
肉禽蛋,牛肉类,牛腰子,9.0,10.0,9.5,斤,,,2026-07-23
肉禽蛋,牛肉类,牛尾,23.0,25.0,24.0,斤,,,2026-07-23
肉禽蛋,牛肉类,牛百叶,28.0,30.0,29.0,斤,,,2026-07-23
肉禽蛋,牛肉类,牛上脑,28.0,28.0,28.0,斤,,,2026-07-23
肉禽蛋,牛肉类,整牛,28.5,29.0,28.75,斤,,,2026-07-22
肉禽蛋,牛肉类,牛前腱,34.0,35.0,34.5,斤,,,2026-07-22
肉禽蛋,牛肉类,牛后腱,34.0,35.0,34.5,斤,,,2026-07-22
肉禽蛋,牛肉类,牛前腿,28.0,28.0,28.0,斤,,,2026-07-22
肉禽蛋,牛肉类,牛后腿,28.0,28.0,28.0,斤,,,2026-07-22
肉禽蛋,牛肉类,牛腰窝,30.0,31.0,30.5,斤,,,2026-07-22
肉禽蛋,牛肉类,肥牛,26.0,35.0,30.5,斤,,,2026-07-22
肉禽蛋,牛肉类,牛柳,33.0,33.0,33.0,斤,,里脊,2026-07-22
肉禽蛋,牛肉类,精牛柳,35.0,36.0,35.5,斤,,,2026-07-22
肉禽蛋,牛肉类,牛腩,28.0,28.0,28.0,斤,,,2026-07-22
肉禽蛋,牛肉类,牛林,28.0,28.0,28.0,斤,,,2026-07-22
肉禽蛋,牛肉类,牛金钱腱,48.0,50.0,49.0,斤,,,2026-07-22
肉禽蛋,牛肉类,牛筋头巴脑,26.0,26.0,26.0,斤,,,2026-07-22
肉禽蛋,牛肉类,牛宝,17.0,18.0,17.5,斤,,,2026-07-22
肉禽蛋,牛肉类,牛鞭,45.0,48.0,46.5,斤,,,2026-07-22
肉禽蛋,牛肉类,牛油,5.0,5.0,5.0,斤,,,2026-07-22
肉禽蛋,牛肉类,牛心,6.0,6.0,6.0,斤,,,2026-07-22
肉禽蛋,牛肉类,牛舌,22.0,23.0,22.5,斤,,,2026-07-22
肉禽蛋,牛肉类,牛骨,3.5,4.0,3.75,斤,,,2026-07-22
肉禽蛋,牛肉类,牛排骨,27.0,28.0,27.5,斤,,,2026-07-22
肉禽蛋,牛肉类,牛蹄筋,23.0,23.0,23.0,斤,,,2026-07-22
肉禽蛋,牛肉类,牛板筋,28.0,28.0,28.0,斤,,,2026-07-22
肉禽蛋,牛肉类,牛心管,30.0,30.0,30.0,斤,,,2026-07-22
肉禽蛋,牛肉类,牛肚,15.0,15.0,15.0,斤,,,2026-07-22
肉禽蛋,牛肉类,牛腰子,9.0,10.0,9.5,斤,,,2026-07-22
肉禽蛋,牛肉类,牛尾,23.0,25.0,24.0,斤,,,2026-07-22
肉禽蛋,牛肉类,牛百叶,28.0,30.0,29.0,斤,,,2026-07-22
肉禽蛋,牛肉类,牛上脑,28.0,28.0,28.0,斤,,,2026-07-22
肉禽蛋,牛肉类,整牛,28.5,29.0,28.75,斤,,,2026-07-21
肉禽蛋,牛肉类,牛前腱,34.0,35.0,34.5,斤,,,2026-07-21
肉禽蛋,牛肉类,牛后腱,34.0,35.0,34.5,斤,,,2026-07-21
肉禽蛋,牛肉类,牛前腿,28.0,28.0,28.0,斤,,,2026-07-21
肉禽蛋,牛肉类,牛后腿,28.0,28.0,28.0,斤,,,2026-07-21
肉禽蛋,牛肉类,牛腰窝,30.0,31.0,30.5,斤,,,2026-07-21
肉禽蛋,牛肉类,肥牛,26.0,35.0,30.5,斤,,,2026-07-21
肉禽蛋,牛肉类,牛柳,33.0,33.0,33.0,斤,,里脊,2026-07-21
肉禽蛋,牛肉类,精牛柳,35.0,36.0,35.5,斤,,,2026-07-21
肉禽蛋,牛肉类,牛腩,28.0,28.0,28.0,斤,,,2026-07-21
肉禽蛋,牛肉类,牛林,28.0,28.0,28.0,斤,,,2026-07-21
肉禽蛋,牛肉类,牛金钱腱,48.0,50.0,49.0,斤,,,2026-07-21
肉禽蛋,牛肉类,牛筋头巴脑,26.0,26.0,26.0,斤,,,2026-07-21
肉禽蛋,牛肉类,牛宝,17.0,18.0,17.5,斤,,,2026-07-21
肉禽蛋,牛肉类,牛鞭,45.0,48.0,46.5,斤,,,2026-07-21
肉禽蛋,牛肉类,牛油,5.0,5.0,5.0,斤,,,2026-07-21
肉禽蛋,牛肉类,牛心,6.0,6.0,6.0,斤,,,2026-07-21
肉禽蛋,牛肉类,牛舌,22.0,23.0,22.5,斤,,,2026-07-21
肉禽蛋,牛肉类,牛骨,3.5,4.0,3.75,斤,,,2026-07-21
肉禽蛋,牛肉类,牛排骨,27.0,28.0,27.5,斤,,,2026-07-21
肉禽蛋,牛肉类,牛蹄筋,23.0,23.0,23.0,斤,,,2026-07-21
肉禽蛋,牛肉类,牛板筋,28.0,28.0,28.0,斤,,,2026-07-21
肉禽蛋,牛肉类,牛心管,30.0,30.0,30.0,斤,,,2026-07-21
肉禽蛋,牛肉类,牛肚,15.0,15.0,15.0,斤,,,2026-07-21
肉禽蛋,牛肉类,牛腰子,9.0,10.0,9.5,斤,,,2026-07-21
肉禽蛋,牛肉类,牛尾,23.0,25.0,24.0,斤,,,2026-07-21
肉禽蛋,牛肉类,牛百叶,28.0,30.0,29.0,斤,,,2026-07-21
肉禽蛋,牛肉类,牛上脑,28.0,28.0,28.0,斤,,,2026-07-21
肉禽蛋,牛肉类,整牛,28.5,29.0,28.75,斤,,,2026-07-20
肉禽蛋,牛肉类,牛前腱,35.0,35.0,35.0,斤,,,2026-07-20
肉禽蛋,牛肉类,牛后腱,35.0,35.0,35.0,斤,,,2026-07-20
肉禽蛋,牛肉类,牛前腿,28.0,28.0,28.0,斤,,,2026-07-20
肉禽蛋,牛肉类,牛后腿,28.0,28.0,28.0,斤,,,2026-07-20
肉禽蛋,牛肉类,牛腰窝,30.0,31.0,30.5,斤,,,2026-07-20
肉禽蛋,牛肉类,肥牛,26.0,35.0,30.5,斤,,,2026-07-20
肉禽蛋,牛肉类,牛柳,33.0,33.0,33.0,斤,,里脊,2026-07-20
肉禽蛋,牛肉类,精牛柳,35.0,36.0,35.5,斤,,,2026-07-20
肉禽蛋,牛肉类,牛腩,28.0,28.0,28.0,斤,,,2026-07-20
肉禽蛋,牛肉类,牛林,28.0,28.0,28.0,斤,,,2026-07-20
肉禽蛋,牛肉类,牛金钱腱,48.0,50.0,49.0,斤,,,2026-07-20
肉禽蛋,牛肉类,牛筋头巴脑,26.0,26.0,26.0,斤,,,2026-07-20
肉禽蛋,牛肉类,牛宝,17.0,18.0,17.5,斤,,,2026-07-20
肉禽蛋,牛肉类,牛鞭,45.0,48.0,46.5,斤,,,2026-07-20
肉禽蛋,牛肉类,牛油,5.0,5.0,5.0,斤,,,2026-07-20
肉禽蛋,牛肉类,牛心,6.0,6.0,6.0,斤,,,2026-07-20
肉禽蛋,牛肉类,牛舌,22.0,23.0,22.5,斤,,,2026-07-20
肉禽蛋,牛肉类,牛骨,3.5,4.0,3.75,斤,,,2026-07-20
肉禽蛋,牛肉类,牛排骨,27.0,28.0,27.5,斤,,,2026-07-20
肉禽蛋,牛肉类,牛蹄筋,23.0,23.0,23.0,斤,,,2026-07-20
肉禽蛋,牛肉类,牛板筋,28.0,28.0,28.0,斤,,,2026-07-20
肉禽蛋,牛肉类,牛心管,30.0,30.0,30.0,斤,,,2026-07-20
肉禽蛋,牛肉类,牛肚,15.0,15.0,15.0,斤,,,2026-07-20
肉禽蛋,牛肉类,牛腰子,9.0,10.0,9.5,斤,,,2026-07-20
肉禽蛋,牛肉类,牛尾,23.0,25.0,24.0,斤,,,2026-07-20
肉禽蛋,牛肉类,牛百叶,28.0,30.0,29.0,斤,,,2026-07-20
肉禽蛋,牛肉类,牛上脑,28.0,28.0,28.0,斤,,,2026-07-20
肉禽蛋,牛肉类,整牛,28.5,29.0,28.75,斤,,,2026-07-19
肉禽蛋,牛肉类,牛前腱,35.0,35.0,35.0,斤,,,2026-07-19
肉禽蛋,牛肉类,牛后腱,35.0,35.0,35.0,斤,,,2026-07-19
肉禽蛋,牛肉类,牛前腿,28.0,28.0,28.0,斤,,,2026-07-19
肉禽蛋,牛肉类,牛后腿,28.0,28.0,28.0,斤,,,2026-07-19
肉禽蛋,牛肉类,牛腰窝,30.0,31.0,30.5,斤,,,2026-07-19
肉禽蛋,牛肉类,肥牛,26.0,35.0,30.5,斤,,,2026-07-19
肉禽蛋,牛肉类,牛柳,33.0,34.0,33.5,斤,,里脊,2026-07-19
肉禽蛋,牛肉类,精牛柳,35.0,36.0,35.5,斤,,,2026-07-19
肉禽蛋,牛肉类,牛腩,28.0,28.0,28.0,斤,,,2026-07-19
肉禽蛋,牛肉类,牛林,28.0,28.0,28.0,斤,,,2026-07-19
肉禽蛋,牛肉类,牛金钱腱,48.0,50.0,49.0,斤,,,2026-07-19
肉禽蛋,牛肉类,牛筋头巴脑,25.0,26.0,25.5,斤,,,2026-07-19
肉禽蛋,牛肉类,牛宝,17.0,18.0,17.5,斤,,,2026-07-19
肉禽蛋,牛肉类,牛鞭,45.0,48.0,46.5,斤,,,2026-07-19
肉禽蛋,牛肉类,牛油,5.0,5.0,5.0,斤,,,2026-07-19
肉禽蛋,牛肉类,牛心,6.0,6.0,6.0,斤,,,2026-07-19
肉禽蛋,牛肉类,牛舌,22.0,23.0,22.5,斤,,,2026-07-19
肉禽蛋,牛肉类,牛骨,3.5,4.0,3.75,斤,,,2026-07-19
肉禽蛋,牛肉类,牛排骨,27.0,28.0,27.5,斤,,,2026-07-19
肉禽蛋,牛肉类,牛蹄筋,23.0,23.0,23.0,斤,,,2026-07-19
肉禽蛋,牛肉类,牛板筋,27.0,28.0,27.5,斤,,,2026-07-19
肉禽蛋,牛肉类,牛心管,30.0,30.0,30.0,斤,,,2026-07-19
肉禽蛋,牛肉类,牛肚,15.0,15.0,15.0,斤,,,2026-07-19
肉禽蛋,牛肉类,牛腰子,9.0,10.0,9.5,斤,,,2026-07-19
肉禽蛋,牛肉类,牛尾,23.0,25.0,24.0,斤,,,2026-07-19
肉禽蛋,牛肉类,牛百叶,28.0,30.0,29.0,斤,,,2026-07-19
肉禽蛋,牛肉类,牛上脑,28.0,28.0,28.0,斤,,,2026-07-19
肉禽蛋,牛肉类,整牛,28.5,29.0,28.75,斤,,,2026-07-18
肉禽蛋,牛肉类,牛前腱,35.0,35.0,35.0,斤,,,2026-07-18
肉禽蛋,牛肉类,牛后腱,35.0,35.0,35.0,斤,,,2026-07-18
肉禽蛋,牛肉类,牛前腿,28.0,28.0,28.0,斤,,,2026-07-18
肉禽蛋,牛肉类,牛后腿,28.0,28.0,28.0,斤,,,2026-07-18
肉禽蛋,牛肉类,牛腰窝,30.0,31.0,30.5,斤,,,2026-07-18
肉禽蛋,牛肉类,肥牛,26.0,35.0,30.5,斤,,,2026-07-18
肉禽蛋,牛肉类,牛柳,33.0,34.0,33.5,斤,,里脊,2026-07-18
肉禽蛋,牛肉类,精牛柳,35.0,36.0,35.5,斤,,,2026-07-18
肉禽蛋,牛肉类,牛腩,28.0,28.0,28.0,斤,,,2026-07-18
肉禽蛋,牛肉类,牛林,28.0,28.0,28.0,斤,,,2026-07-18
肉禽蛋,牛肉类,牛金钱腱,48.0,50.0,49.0,斤,,,2026-07-18
肉禽蛋,牛肉类,牛筋头巴脑,25.0,26.0,25.5,斤,,,2026-07-18
肉禽蛋,牛肉类,牛宝,17.0,18.0,17.5,斤,,,2026-07-18
肉禽蛋,牛肉类,牛鞭,45.0,48.0,46.5,斤,,,2026-07-18
肉禽蛋,牛肉类,牛油,5.0,5.0,5.0,斤,,,2026-07-18
肉禽蛋,牛肉类,牛心,6.0,6.0,6.0,斤,,,2026-07-18
肉禽蛋,牛肉类,牛舌,22.0,23.0,22.5,斤,,,2026-07-18
肉禽蛋,牛肉类,牛骨,3.5,4.0,3.75,斤,,,2026-07-18
肉禽蛋,牛肉类,牛排骨,27.0,28.0,27.5,斤,,,2026-07-18
肉禽蛋,牛肉类,牛蹄筋,23.0,23.0,23.0,斤,,,2026-07-18
肉禽蛋,牛肉类,牛板筋,27.0,28.0,27.5,斤,,,2026-07-18
肉禽蛋,牛肉类,牛心管,30.0,30.0,30.0,斤,,,2026-07-18
肉禽蛋,牛肉类,牛肚,15.0,15.0,15.0,斤,,,2026-07-18
肉禽蛋,牛肉类,牛腰子,9.0,10.0,9.5,斤,,,2026-07-18
肉禽蛋,牛肉类,牛尾,23.0,25.0,24.0,斤,,,2026-07-18
肉禽蛋,牛肉类,牛百叶,28.0,30.0,29.0,斤,,,2026-07-18
肉禽蛋,牛肉类,牛上脑,28.0,28.0,28.0,斤,,,2026-07-18
肉禽蛋,牛肉类,整牛,28.5,29.0,28.75,斤,,,2026-07-17
肉禽蛋,牛肉类,牛前腱,35.0,35.0,35.0,斤,,,2026-07-17
肉禽蛋,牛肉类,牛后腱,35.0,35.0,35.0,斤,,,2026-07-17
肉禽蛋,牛肉类,牛前腿,28.0,28.0,28.0,斤,,,2026-07-17
肉禽蛋,牛肉类,牛后腿,28.0,28.0,28.0,斤,,,2026-07-17
肉禽蛋,牛肉类,牛腰窝,30.0,31.0,30.5,斤,,,2026-07-17
肉禽蛋,牛肉类,肥牛,26.0,35.0,30.5,斤,,,2026-07-17
肉禽蛋,牛肉类,牛柳,33.0,34.0,33.5,斤,,里脊,2026-07-17
肉禽蛋,牛肉类,精牛柳,35.0,36.0,35.5,斤,,,2026-07-17
肉禽蛋,牛肉类,牛腩,28.0,28.0,28.0,斤,,,2026-07-17
肉禽蛋,牛肉类,牛林,28.0,28.0,28.0,斤,,,2026-07-17
肉禽蛋,牛肉类,牛金钱腱,48.0,50.0,49.0,斤,,,2026-07-17
肉禽蛋,牛肉类,牛筋头巴脑,25.0,26.0,25.5,斤,,,2026-07-17
肉禽蛋,牛肉类,牛宝,17.0,18.0,17.5,斤,,,2026-07-17
肉禽蛋,牛肉类,牛鞭,45.0,48.0,46.5,斤,,,2026-07-17
肉禽蛋,牛肉类,牛油,5.0,5.0,5.0,斤,,,2026-07-17
肉禽蛋,牛肉类,牛心,6.0,6.0,6.0,斤,,,2026-07-17
肉禽蛋,牛肉类,牛舌,22.0,23.0,22.5,斤,,,2026-07-17
肉禽蛋,牛肉类,牛骨,3.5,4.0,3.75,斤,,,2026-07-17
肉禽蛋,牛肉类,牛排骨,27.0,28.0,27.5,斤,,,2026-07-17
肉禽蛋,牛肉类,牛蹄筋,23.0,23.0,23.0,斤,,,2026-07-17
肉禽蛋,牛肉类,牛板筋,27.0,28.0,27.5,斤,,,2026-07-17
肉禽蛋,牛肉类,牛心管,30.0,30.0,30.0,斤,,,2026-07-17
肉禽蛋,牛肉类,牛肚,15.0,15.0,15.0,斤,,,2026-07-17
肉禽蛋,牛肉类,牛腰子,9.0,10.0,9.5,斤,,,2026-07-17
肉禽蛋,牛肉类,牛尾,23.0,25.0,24.0,斤,,,2026-07-17
肉禽蛋,牛肉类,牛百叶,28.0,30.0,29.0,斤,,,2026-07-17
肉禽蛋,牛肉类,牛上脑,28.0,28.0,28.0,斤,,,2026-07-17
肉禽蛋,牛肉类,整牛,28.5,29.0,28.75,斤,,,2026-07-16
肉禽蛋,牛肉类,牛前腱,35.0,35.0,35.0,斤,,,2026-07-16
肉禽蛋,牛肉类,牛后腱,35.0,35.0,35.0,斤,,,2026-07-16
肉禽蛋,牛肉类,牛前腿,28.0,28.0,28.0,斤,,,2026-07-16
肉禽蛋,牛肉类,牛后腿,28.0,28.0,28.0,斤,,,2026-07-16
肉禽蛋,牛肉类,牛腰窝,30.0,31.0,30.5,斤,,,2026-07-16
肉禽蛋,牛肉类,肥牛,26.0,35.0,30.5,斤,,,2026-07-16
肉禽蛋,牛肉类,牛柳,33.0,34.0,33.5,斤,,里脊,2026-07-16
肉禽蛋,牛肉类,精牛柳,35.0,36.0,35.5,斤,,,2026-07-16
肉禽蛋,牛肉类,牛腩,28.0,28.0,28.0,斤,,,2026-07-16
肉禽蛋,牛肉类,牛林,28.0,28.0,28.0,斤,,,2026-07-16
肉禽蛋,牛肉类,牛金钱腱,48.0,50.0,49.0,斤,,,2026-07-16
肉禽蛋,牛肉类,牛筋头巴脑,25.0,26.0,25.5,斤,,,2026-07-16
肉禽蛋,牛肉类,牛宝,17.0,18.0,17.5,斤,,,2026-07-16
肉禽蛋,牛肉类,牛鞭,45.0,48.0,46.5,斤,,,2026-07-16
肉禽蛋,牛肉类,牛油,5.0,5.0,5.0,斤,,,2026-07-16
肉禽蛋,牛肉类,牛心,6.0,6.0,6.0,斤,,,2026-07-16
肉禽蛋,牛肉类,牛舌,22.0,23.0,22.5,斤,,,2026-07-16
肉禽蛋,牛肉类,牛骨,3.5,4.0,3.75,斤,,,2026-07-16
肉禽蛋,牛肉类,牛排骨,27.0,28.0,27.5,斤,,,2026-07-16
肉禽蛋,牛肉类,牛蹄筋,23.0,23.0,23.0,斤,,,2026-07-16
肉禽蛋,牛肉类,牛板筋,27.0,28.0,27.5,斤,,,2026-07-16
肉禽蛋,牛肉类,牛心管,30.0,30.0,30.0,斤,,,2026-07-16
肉禽蛋,牛肉类,牛肚,15.0,15.0,15.0,斤,,,2026-07-16
肉禽蛋,牛肉类,牛腰子,9.0,10.0,9.5,斤,,,2026-07-16
肉禽蛋,牛肉类,牛尾,23.0,25.0,24.0,斤,,,2026-07-16
肉禽蛋,牛肉类,牛百叶,28.0,30.0,29.0,斤,,,2026-07-16
肉禽蛋,牛肉类,牛上脑,28.0,28.0,28.0,斤,,,2026-07-16
肉禽蛋,牛肉类,整牛,28.5,29.0,28.75,斤,,,2026-07-15
肉禽蛋,牛肉类,牛前腱,35.0,35.0,35.0,斤,,,2026-07-15
肉禽蛋,牛肉类,牛后腱,35.0,35.0,35.0,斤,,,2026-07-15
肉禽蛋,牛肉类,牛前腿,28.0,28.0,28.0,斤,,,2026-07-15
肉禽蛋,牛肉类,牛后腿,28.0,28.0,28.0,斤,,,2026-07-15
肉禽蛋,牛肉类,牛腰窝,30.0,31.0,30.5,斤,,,2026-07-15
肉禽蛋,牛肉类,肥牛,26.0,35.0,30.5,斤,,,2026-07-15
肉禽蛋,牛肉类,牛柳,33.0,34.0,33.5,斤,,里脊,2026-07-15
肉禽蛋,牛肉类,精牛柳,35.0,36.0,35.5,斤,,,2026-07-15
肉禽蛋,牛肉类,牛腩,28.0,28.0,28.0,斤,,,2026-07-15
肉禽蛋,牛肉类,牛林,28.0,28.0,28.0,斤,,,2026-07-15
肉禽蛋,牛肉类,牛金钱腱,48.0,50.0,49.0,斤,,,2026-07-15
肉禽蛋,牛肉类,牛筋头巴脑,25.0,26.0,25.5,斤,,,2026-07-15
肉禽蛋,牛肉类,牛宝,17.0,18.0,17.5,斤,,,2026-07-15
肉禽蛋,牛肉类,牛鞭,45.0,48.0,46.5,斤,,,2026-07-15
肉禽蛋,牛肉类,牛油,5.0,5.0,5.0,斤,,,2026-07-15
肉禽蛋,牛肉类,牛心,6.0,6.0,6.0,斤,,,2026-07-15
肉禽蛋,牛肉类,牛舌,22.0,23.0,22.5,斤,,,2026-07-15
肉禽蛋,牛肉类,牛骨,3.5,4.0,3.75,斤,,,2026-07-15
肉禽蛋,牛肉类,牛排骨,27.0,28.0,27.5,斤,,,2026-07-15
肉禽蛋,牛肉类,牛蹄筋,23.0,23.0,23.0,斤,,,2026-07-15
肉禽蛋,牛肉类,牛板筋,27.0,28.0,27.5,斤,,,2026-07-15
肉禽蛋,牛肉类,牛心管,30.0,30.0,30.0,斤,,,2026-07-15
肉禽蛋,牛肉类,牛肚,15.0,15.0,15.0,斤,,,2026-07-15
肉禽蛋,牛肉类,牛腰子,9.0,10.0,9.5,斤,,,2026-07-15
肉禽蛋,牛肉类,牛尾,23.0,25.0,24.0,斤,,,2026-07-15
肉禽蛋,牛肉类,牛百叶,28.0,30.0,29.0,斤,,,2026-07-15
肉禽蛋,牛肉类,牛上脑,28.0,28.0,28.0,斤,,,2026-07-15
肉禽蛋,牛肉类,整牛,28.0,29.0,28.5,斤,,,2026-07-14
肉禽蛋,牛肉类,牛前腱,35.0,35.0,35.0,斤,,,2026-07-14
肉禽蛋,牛肉类,牛后腱,35.0,35.0,35.0,斤,,,2026-07-14
肉禽蛋,牛肉类,牛前腿,28.0,29.0,28.5,斤,,,2026-07-14
肉禽蛋,牛肉类,牛后腿,28.0,29.0,28.5,斤,,,2026-07-14
肉禽蛋,牛肉类,牛腰窝,30.0,31.0,30.5,斤,,,2026-07-14
肉禽蛋,牛肉类,肥牛,26.0,35.0,30.5,斤,,,2026-07-14
肉禽蛋,牛肉类,牛柳,33.0,34.0,33.5,斤,,里脊,2026-07-14
肉禽蛋,牛肉类,精牛柳,35.0,35.0,35.0,斤,,,2026-07-14
肉禽蛋,牛肉类,牛腩,28.0,28.0,28.0,斤,,,2026-07-14
肉禽蛋,牛肉类,牛林,28.0,28.0,28.0,斤,,,2026-07-14
肉禽蛋,牛肉类,牛金钱腱,48.0,50.0,49.0,斤,,,2026-07-14
肉禽蛋,牛肉类,牛筋头巴脑,25.0,26.0,25.5,斤,,,2026-07-14
肉禽蛋,牛肉类,牛宝,17.0,18.0,17.5,斤,,,2026-07-14
肉禽蛋,牛肉类,牛鞭,45.0,48.0,46.5,斤,,,2026-07-14
肉禽蛋,牛肉类,牛油,5.0,5.0,5.0,斤,,,2026-07-14
肉禽蛋,牛肉类,牛心,6.0,6.0,6.0,斤,,,2026-07-14
肉禽蛋,牛肉类,牛舌,22.0,23.0,22.5,斤,,,2026-07-14
肉禽蛋,牛肉类,牛骨,3.5,4.0,3.75,斤,,,2026-07-14
肉禽蛋,牛肉类,牛排骨,27.0,28.0,27.5,斤,,,2026-07-14
肉禽蛋,牛肉类,牛蹄筋,23.0,23.0,23.0,斤,,,2026-07-14
肉禽蛋,牛肉类,牛板筋,27.0,28.0,27.5,斤,,,2026-07-14
肉禽蛋,牛肉类,牛心管,30.0,30.0,30.0,斤,,,2026-07-14
肉禽蛋,牛肉类,牛肚,15.0,15.0,15.0,斤,,,2026-07-14
肉禽蛋,牛肉类,牛腰子,9.0,10.0,9.5,斤,,,2026-07-14
肉禽蛋,牛肉类,牛尾,23.0,25.0,24.0,斤,,,2026-07-14
肉禽蛋,牛肉类,牛百叶,28.0,30.0,29.0,斤,,,2026-07-14
肉禽蛋,牛肉类,牛上脑,28.0,28.0,28.0,斤,,,2026-07-14
肉禽蛋,牛肉类,整牛,28.0,29.0,28.5,斤,,,2026-07-13
肉禽蛋,牛肉类,牛前腱,35.0,35.0,35.0,斤,,,2026-07-13
肉禽蛋,牛肉类,牛后腱,35.0,35.0,35.0,斤,,,2026-07-13
肉禽蛋,牛肉类,牛前腿,28.0,28.0,28.0,斤,,,2026-07-13
肉禽蛋,牛肉类,牛后腿,28.0,28.0,28.0,斤,,,2026-07-13
肉禽蛋,牛肉类,牛腰窝,30.0,31.0,30.5,斤,,,2026-07-13
肉禽蛋,牛肉类,肥牛,26.0,35.0,30.5,斤,,,2026-07-13
肉禽蛋,牛肉类,牛柳,33.0,33.0,33.0,斤,,里脊,2026-07-13
肉禽蛋,牛肉类,精牛柳,35.0,35.0,35.0,斤,,,2026-07-13
肉禽蛋,牛肉类,牛腩,28.0,28.0,28.0,斤,,,2026-07-13
肉禽蛋,牛肉类,牛林,28.0,28.0,28.0,斤,,,2026-07-13
肉禽蛋,牛肉类,牛金钱腱,48.0,50.0,49.0,斤,,,2026-07-13
肉禽蛋,牛肉类,牛筋头巴脑,25.0,26.0,25.5,斤,,,2026-07-13
肉禽蛋,牛肉类,牛宝,17.0,18.0,17.5,斤,,,2026-07-13
肉禽蛋,牛肉类,牛鞭,45.0,48.0,46.5,斤,,,2026-07-13
肉禽蛋,牛肉类,牛油,5.0,5.0,5.0,斤,,,2026-07-13
肉禽蛋,牛肉类,牛心,6.0,6.0,6.0,斤,,,2026-07-13
肉禽蛋,牛肉类,牛舌,22.0,23.0,22.5,斤,,,2026-07-13
肉禽蛋,牛肉类,牛骨,3.5,4.0,3.75,斤,,,2026-07-13
肉禽蛋,牛肉类,牛排骨,27.0,28.0,27.5,斤,,,2026-07-13
肉禽蛋,牛肉类,牛蹄筋,23.0,23.0,23.0,斤,,,2026-07-13
肉禽蛋,牛肉类,牛板筋,27.0,28.0,27.5,斤,,,2026-07-13
肉禽蛋,牛肉类,牛心管,30.0,30.0,30.0,斤,,,2026-07-13
肉禽蛋,牛肉类,牛肚,14.0,15.0,14.5,斤,,,2026-07-13
肉禽蛋,牛肉类,牛腰子,9.0,10.0,9.5,斤,,,2026-07-13
肉禽蛋,牛肉类,牛尾,23.0,25.0,24.0,斤,,,2026-07-13
肉禽蛋,牛肉类,牛百叶,28.0,30.0,29.0,斤,,,2026-07-13
肉禽蛋,牛肉类,牛上脑,28.0,28.0,28.0,斤,,,2026-07-13
肉禽蛋,牛肉类,整牛,28.5,29.0,28.75,斤,,,2026-07-12
肉禽蛋,牛肉类,牛前腱,35.0,35.0,35.0,斤,,,2026-07-12
肉禽蛋,牛肉类,牛后腱,35.0,35.0,35.0,斤,,,2026-07-12
肉禽蛋,牛肉类,牛前腿,28.0,28.0,28.0,斤,,,2026-07-12
肉禽蛋,牛肉类,牛后腿,28.0,28.0,28.0,斤,,,2026-07-12
肉禽蛋,牛肉类,牛腰窝,30.0,31.0,30.5,斤,,,2026-07-12
肉禽蛋,牛肉类,肥牛,26.0,35.0,30.5,斤,,,2026-07-12
肉禽蛋,牛肉类,牛柳,33.0,33.0,33.0,斤,,里脊,2026-07-12
肉禽蛋,牛肉类,精牛柳,35.0,35.0,35.0,斤,,,2026-07-12
肉禽蛋,牛肉类,牛腩,28.0,28.0,28.0,斤,,,2026-07-12
肉禽蛋,牛肉类,牛林,28.0,28.0,28.0,斤,,,2026-07-12
肉禽蛋,牛肉类,牛金钱腱,48.0,50.0,49.0,斤,,,2026-07-12
肉禽蛋,牛肉类,牛筋头巴脑,25.0,26.0,25.5,斤,,,2026-07-12
肉禽蛋,牛肉类,牛宝,17.0,18.0,17.5,斤,,,2026-07-12
肉禽蛋,牛肉类,牛鞭,45.0,48.0,46.5,斤,,,2026-07-12
肉禽蛋,牛肉类,牛油,5.0,5.0,5.0,斤,,,2026-07-12
肉禽蛋,牛肉类,牛心,6.0,6.0,6.0,斤,,,2026-07-12
肉禽蛋,牛肉类,牛舌,22.0,23.0,22.5,斤,,,2026-07-12
肉禽蛋,牛肉类,牛骨,3.5,4.0,3.75,斤,,,2026-07-12
肉禽蛋,牛肉类,牛排骨,27.0,28.0,27.5,斤,,,2026-07-12
肉禽蛋,牛肉类,牛蹄筋,23.0,23.0,23.0,斤,,,2026-07-12
肉禽蛋,牛肉类,牛板筋,27.0,28.0,27.5,斤,,,2026-07-12
肉禽蛋,牛肉类,牛心管,30.0,30.0,30.0,斤,,,2026-07-12
肉禽蛋,牛肉类,牛肚,14.0,15.0,14.5,斤,,,2026-07-12
肉禽蛋,牛肉类,牛腰子,9.0,10.0,9.5,斤,,,2026-07-12
肉禽蛋,牛肉类,牛尾,23.0,25.0,24.0,斤,,,2026-07-12
肉禽蛋,牛肉类,牛百叶,28.0,30.0,29.0,斤,,,2026-07-12
肉禽蛋,牛肉类,牛上脑,28.0,28.0,28.0,斤,,,2026-07-12
肉禽蛋,牛肉类,整牛,28.5,29.0,28.75,斤,,,2026-07-11
肉禽蛋,牛肉类,牛前腱,35.0,35.0,35.0,斤,,,2026-07-11
肉禽蛋,牛肉类,牛后腱,35.0,35.0,35.0,斤,,,2026-07-11
肉禽蛋,牛肉类,牛前腿,28.0,28.0,28.0,斤,,,2026-07-11
肉禽蛋,牛肉类,牛后腿,28.0,28.0,28.0,斤,,,2026-07-11
肉禽蛋,牛肉类,牛腰窝,30.0,31.0,30.5,斤,,,2026-07-11
肉禽蛋,牛肉类,肥牛,26.0,35.0,30.5,斤,,,2026-07-11
肉禽蛋,牛肉类,牛柳,33.0,33.0,33.0,斤,,里脊,2026-07-11
肉禽蛋,牛肉类,精牛柳,35.0,35.0,35.0,斤,,,2026-07-11
肉禽蛋,牛肉类,牛腩,28.0,28.0,28.0,斤,,,2026-07-11
肉禽蛋,牛肉类,牛林,28.0,28.0,28.0,斤,,,2026-07-11
肉禽蛋,牛肉类,牛金钱腱,48.0,50.0,49.0,斤,,,2026-07-11
肉禽蛋,牛肉类,牛筋头巴脑,25.0,26.0,25.5,斤,,,2026-07-11
肉禽蛋,牛肉类,牛宝,17.0,18.0,17.5,斤,,,2026-07-11
肉禽蛋,牛肉类,牛鞭,45.0,48.0,46.5,斤,,,2026-07-11
肉禽蛋,牛肉类,牛油,5.0,5.0,5.0,斤,,,2026-07-11
肉禽蛋,牛肉类,牛心,6.0,6.0,6.0,斤,,,2026-07-11
肉禽蛋,牛肉类,牛舌,22.0,23.0,22.5,斤,,,2026-07-11
肉禽蛋,牛肉类,牛骨,3.5,4.0,3.75,斤,,,2026-07-11
肉禽蛋,牛肉类,牛排骨,27.0,28.0,27.5,斤,,,2026-07-11
肉禽蛋,牛肉类,牛蹄筋,23.0,23.0,23.0,斤,,,2026-07-11
肉禽蛋,牛肉类,牛板筋,27.0,28.0,27.5,斤,,,2026-07-11
肉禽蛋,牛肉类,牛心管,30.0,30.0,30.0,斤,,,2026-07-11
肉禽蛋,牛肉类,牛肚,14.0,15.0,14.5,斤,,,2026-07-11
肉禽蛋,牛肉类,牛腰子,9.0,10.0,9.5,斤,,,2026-07-11
肉禽蛋,牛肉类,牛尾,23.0,25.0,24.0,斤,,,2026-07-11
肉禽蛋,牛肉类,牛百叶,28.0,30.0,29.0,斤,,,2026-07-11
肉禽蛋,牛肉类,牛上脑,28.0,28.0,28.0,斤,,,2026-07-11
肉禽蛋,牛肉类,整牛,28.5,29.0,28.75,斤,,,2026-07-10
肉禽蛋,牛肉类,牛前腱,35.0,35.0,35.0,斤,,,2026-07-10
肉禽蛋,牛肉类,牛后腱,35.0,35.0,35.0,斤,,,2026-07-10
肉禽蛋,牛肉类,牛前腿,28.0,28.0,28.0,斤,,,2026-07-10
肉禽蛋,牛肉类,牛后腿,28.0,28.0,28.0,斤,,,2026-07-10
肉禽蛋,牛肉类,牛腰窝,30.0,31.0,30.5,斤,,,2026-07-10
肉禽蛋,牛肉类,肥牛,26.0,35.0,30.5,斤,,,2026-07-10
肉禽蛋,牛肉类,牛柳,33.0,33.0,33.0,斤,,里脊,2026-07-10
肉禽蛋,牛肉类,精牛柳,35.0,35.0,35.0,斤,,,2026-07-10
肉禽蛋,牛肉类,牛腩,28.0,28.0,28.0,斤,,,2026-07-10
肉禽蛋,牛肉类,牛林,28.0,28.0,28.0,斤,,,2026-07-10
肉禽蛋,牛肉类,牛金钱腱,48.0,50.0,49.0,斤,,,2026-07-10
肉禽蛋,牛肉类,牛筋头巴脑,25.0,26.0,25.5,斤,,,2026-07-10
肉禽蛋,牛肉类,牛宝,17.0,18.0,17.5,斤,,,2026-07-10
肉禽蛋,牛肉类,牛鞭,45.0,48.0,46.5,斤,,,2026-07-10
肉禽蛋,牛肉类,牛油,5.0,5.0,5.0,斤,,,2026-07-10
肉禽蛋,牛肉类,牛心,6.0,6.0,6.0,斤,,,2026-07-10
肉禽蛋,牛肉类,牛舌,22.0,23.0,22.5,斤,,,2026-07-10
肉禽蛋,牛肉类,牛骨,3.5,4.0,3.75,斤,,,2026-07-10
肉禽蛋,牛肉类,牛排骨,27.0,28.0,27.5,斤,,,2026-07-10
肉禽蛋,牛肉类,牛蹄筋,23.0,23.0,23.0,斤,,,2026-07-10
肉禽蛋,牛肉类,牛板筋,27.0,28.0,27.5,斤,,,2026-07-10
肉禽蛋,牛肉类,牛心管,30.0,30.0,30.0,斤,,,2026-07-10
肉禽蛋,牛肉类,牛肚,14.0,15.0,14.5,斤,,,2026-07-10
肉禽蛋,牛肉类,牛腰子,9.0,10.0,9.5,斤,,,2026-07-10
肉禽蛋,牛肉类,牛尾,23.0,25.0,24.0,斤,,,2026-07-10
肉禽蛋,牛肉类,牛百叶,28.0,30.0,29.0,斤,,,2026-07-10
肉禽蛋,牛肉类,牛上脑,28.0,28.0,28.0,斤,,,2026-07-10
肉禽蛋,牛肉类,整牛,28.5,29.0,28.75,斤,,,2026-07-09
肉禽蛋,牛肉类,牛前腱,35.0,35.0,35.0,斤,,,2026-07-09
肉禽蛋,牛肉类,牛后腱,35.0,35.0,35.0,斤,,,2026-07-09
肉禽蛋,牛肉类,牛前腿,28.0,28.0,28.0,斤,,,2026-07-09
肉禽蛋,牛肉类,牛后腿,28.0,28.0,28.0,斤,,,2026-07-09
肉禽蛋,牛肉类,牛腰窝,30.0,31.0,30.5,斤,,,2026-07-09
肉禽蛋,牛肉类,肥牛,27.0,35.0,31.0,斤,,,2026-07-09
肉禽蛋,牛肉类,牛柳,33.0,33.0,33.0,斤,,里脊,2026-07-09
肉禽蛋,牛肉类,精牛柳,35.0,35.0,35.0,斤,,,2026-07-09
肉禽蛋,牛肉类,牛腩,28.0,28.0,28.0,斤,,,2026-07-09
肉禽蛋,牛肉类,牛林,28.0,28.0,28.0,斤,,,2026-07-09
肉禽蛋,牛肉类,牛金钱腱,48.0,50.0,49.0,斤,,,2026-07-09
肉禽蛋,牛肉类,牛筋头巴脑,25.0,26.0,25.5,斤,,,2026-07-09
肉禽蛋,牛肉类,牛宝,17.0,18.0,17.5,斤,,,2026-07-09
肉禽蛋,牛肉类,牛鞭,45.0,48.0,46.5,斤,,,2026-07-09
肉禽蛋,牛肉类,牛油,5.0,5.0,5.0,斤,,,2026-07-09
肉禽蛋,牛肉类,牛心,6.0,6.0,6.0,斤,,,2026-07-09
肉禽蛋,牛肉类,牛舌,22.0,23.0,22.5,斤,,,2026-07-09
肉禽蛋,牛肉类,牛骨,3.5,4.0,3.75,斤,,,2026-07-09
肉禽蛋,牛肉类,牛排骨,27.0,28.0,27.5,斤,,,2026-07-09
肉禽蛋,牛肉类,牛蹄筋,23.0,23.0,23.0,斤,,,2026-07-09
肉禽蛋,牛肉类,牛板筋,27.0,28.0,27.5,斤,,,2026-07-09
肉禽蛋,牛肉类,牛心管,30.0,30.0,30.0,斤,,,2026-07-09
肉禽蛋,牛肉类,牛肚,14.0,15.0,14.5,斤,,,2026-07-09
肉禽蛋,牛肉类,牛腰子,9.0,10.0,9.5,斤,,,2026-07-09
肉禽蛋,牛肉类,牛尾,23.0,25.0,24.0,斤,,,2026-07-09
肉禽蛋,牛肉类,牛百叶,28.0,30.0,29.0,斤,,,2026-07-09
肉禽蛋,牛肉类,牛上脑,28.0,28.0,28.0,斤,,,2026-07-09
肉禽蛋,牛肉类,整牛,28.5,29.0,28.75,斤,,,2026-07-08
肉禽蛋,牛肉类,牛前腱,35.0,35.0,35.0,斤,,,2026-07-08
肉禽蛋,牛肉类,牛后腱,35.0,35.0,35.0,斤,,,2026-07-08
肉禽蛋,牛肉类,牛前腿,28.0,28.0,28.0,斤,,,2026-07-08
肉禽蛋,牛肉类,牛后腿,28.0,28.0,28.0,斤,,,2026-07-08
肉禽蛋,牛肉类,牛腰窝,30.0,31.0,30.5,斤,,,2026-07-08
肉禽蛋,牛肉类,肥牛,27.0,35.0,31.0,斤,,,2026-07-08
肉禽蛋,牛肉类,牛柳,33.0,33.0,33.0,斤,,里脊,2026-07-08
肉禽蛋,牛肉类,精牛柳,35.0,35.0,35.0,斤,,,2026-07-08
肉禽蛋,牛肉类,牛腩,28.0,28.0,28.0,斤,,,2026-07-08
肉禽蛋,牛肉类,牛林,28.0,28.0,28.0,斤,,,2026-07-08
肉禽蛋,牛肉类,牛金钱腱,48.0,50.0,49.0,斤,,,2026-07-08
肉禽蛋,牛肉类,牛筋头巴脑,25.0,26.0,25.5,斤,,,2026-07-08
肉禽蛋,牛肉类,牛宝,17.0,18.0,17.5,斤,,,2026-07-08
肉禽蛋,牛肉类,牛鞭,45.0,48.0,46.5,斤,,,2026-07-08
肉禽蛋,牛肉类,牛油,5.0,5.0,5.0,斤,,,2026-07-08
肉禽蛋,牛肉类,牛心,6.0,6.0,6.0,斤,,,2026-07-08
肉禽蛋,牛肉类,牛舌,22.0,23.0,22.5,斤,,,2026-07-08
肉禽蛋,牛肉类,牛骨,3.5,4.0,3.75,斤,,,2026-07-08
肉禽蛋,牛肉类,牛排骨,27.0,28.0,27.5,斤,,,2026-07-08
肉禽蛋,牛肉类,牛蹄筋,23.0,23.0,23.0,斤,,,2026-07-08
肉禽蛋,牛肉类,牛板筋,27.0,28.0,27.5,斤,,,2026-07-08
肉禽蛋,牛肉类,牛心管,30.0,30.0,30.0,斤,,,2026-07-08
肉禽蛋,牛肉类,牛肚,14.0,15.0,14.5,斤,,,2026-07-08
肉禽蛋,牛肉类,牛腰子,9.0,10.0,9.5,斤,,,2026-07-08
肉禽蛋,牛肉类,牛尾,23.0,25.0,24.0,斤,,,2026-07-08
肉禽蛋,牛肉类,牛百叶,28.0,30.0,29.0,斤,,,2026-07-08
肉禽蛋,牛肉类,牛上脑,28.0,28.0,28.0,斤,,,2026-07-08
肉禽蛋,牛肉类,整牛,28.5,29.0,28.75,斤,,,2026-07-07
肉禽蛋,牛肉类,牛前腱,35.0,35.0,35.0,斤,,,2026-07-07
肉禽蛋,牛肉类,牛后腱,35.0,35.0,35.0,斤,,,2026-07-07
肉禽蛋,牛肉类,牛前腿,28.0,28.0,28.0,斤,,,2026-07-07
肉禽蛋,牛肉类,牛后腿,28.0,28.0,28.0,斤,,,2026-07-07
肉禽蛋,牛肉类,牛腰窝,30.0,31.0,30.5,斤,,,2026-07-07
肉禽蛋,牛肉类,肥牛,27.0,35.0,31.0,斤,,,2026-07-07
肉禽蛋,牛肉类,牛柳,33.0,33.0,33.0,斤,,里脊,2026-07-07
肉禽蛋,牛肉类,精牛柳,35.0,35.0,35.0,斤,,,2026-07-07
肉禽蛋,牛肉类,牛腩,28.0,28.0,28.0,斤,,,2026-07-07
肉禽蛋,牛肉类,牛林,28.0,28.0,28.0,斤,,,2026-07-07
肉禽蛋,牛肉类,牛金钱腱,48.0,50.0,49.0,斤,,,2026-07-07
肉禽蛋,牛肉类,牛筋头巴脑,25.0,26.0,25.5,斤,,,2026-07-07
肉禽蛋,牛肉类,牛宝,17.0,18.0,17.5,斤,,,2026-07-07
肉禽蛋,牛肉类,牛鞭,45.0,48.0,46.5,斤,,,2026-07-07
肉禽蛋,牛肉类,牛油,5.0,5.0,5.0,斤,,,2026-07-07
肉禽蛋,牛肉类,牛心,6.0,6.0,6.0,斤,,,2026-07-07
肉禽蛋,牛肉类,牛舌,22.0,23.0,22.5,斤,,,2026-07-07
肉禽蛋,牛肉类,牛骨,3.5,4.0,3.75,斤,,,2026-07-07
肉禽蛋,牛肉类,牛排骨,27.0,28.0,27.5,斤,,,2026-07-07
肉禽蛋,牛肉类,牛蹄筋,23.0,23.0,23.0,斤,,,2026-07-07
肉禽蛋,牛肉类,牛板筋,27.0,28.0,27.5,斤,,,2026-07-07
肉禽蛋,牛肉类,牛心管,30.0,30.0,30.0,斤,,,2026-07-07
肉禽蛋,牛肉类,牛肚,14.0,15.0,14.5,斤,,,2026-07-07
肉禽蛋,牛肉类,牛腰子,9.0,10.0,9.5,斤,,,2026-07-07
肉禽蛋,牛肉类,牛尾,23.0,25.0,24.0,斤,,,2026-07-07
肉禽蛋,牛肉类,牛百叶,28.0,30.0,29.0,斤,,,2026-07-07
肉禽蛋,牛肉类,牛上脑,28.0,28.0,28.0,斤,,,2026-07-07
肉禽蛋,牛肉类,整牛,28.5,29.0,28.75,斤,,,2026-07-06
肉禽蛋,牛肉类,牛前腱,35.0,37.0,36.0,斤,,,2026-07-06
肉禽蛋,牛肉类,牛后腱,35.0,37.0,36.0,斤,,,2026-07-06
肉禽蛋,牛肉类,牛前腿,28.0,28.0,28.0,斤,,,2026-07-06
肉禽蛋,牛肉类,牛后腿,28.0,28.0,28.0,斤,,,2026-07-06
肉禽蛋,牛肉类,牛腰窝,30.0,31.0,30.5,斤,,,2026-07-06
肉禽蛋,牛肉类,肥牛,27.0,35.0,31.0,斤,,,2026-07-06
肉禽蛋,牛肉类,牛柳,33.0,33.0,33.0,斤,,里脊,2026-07-06
肉禽蛋,牛肉类,精牛柳,35.0,35.0,35.0,斤,,,2026-07-06
肉禽蛋,牛肉类,牛腩,28.0,28.0,28.0,斤,,,2026-07-06
肉禽蛋,牛肉类,牛林,28.0,28.0,28.0,斤,,,2026-07-06
肉禽蛋,牛肉类,牛金钱腱,50.0,50.0,50.0,斤,,,2026-07-06
肉禽蛋,牛肉类,牛筋头巴脑,25.0,26.0,25.5,斤,,,2026-07-06
肉禽蛋,牛肉类,牛宝,17.0,18.0,17.5,斤,,,2026-07-06
肉禽蛋,牛肉类,牛鞭,45.0,48.0,46.5,斤,,,2026-07-06
肉禽蛋,牛肉类,牛油,5.0,5.0,5.0,斤,,,2026-07-06
肉禽蛋,牛肉类,牛心,6.0,6.0,6.0,斤,,,2026-07-06
肉禽蛋,牛肉类,牛舌,22.0,23.0,22.5,斤,,,2026-07-06
肉禽蛋,牛肉类,牛骨,3.5,4.0,3.75,斤,,,2026-07-06
肉禽蛋,牛肉类,牛排骨,27.0,28.0,27.5,斤,,,2026-07-06
肉禽蛋,牛肉类,牛蹄筋,23.0,23.0,23.0,斤,,,2026-07-06
肉禽蛋,牛肉类,牛板筋,28.0,28.0,28.0,斤,,,2026-07-06
肉禽蛋,牛肉类,牛心管,30.0,30.0,30.0,斤,,,2026-07-06
肉禽蛋,牛肉类,牛肚,14.0,15.0,14.5,斤,,,2026-07-06
肉禽蛋,牛肉类,牛腰子,9.0,10.0,9.5,斤,,,2026-07-06
肉禽蛋,牛肉类,牛尾,23.0,25.0,24.0,斤,,,2026-07-06
肉禽蛋,牛肉类,牛百叶,28.0,30.0,29.0,斤,,,2026-07-06
肉禽蛋,牛肉类,牛上脑,28.0,28.0,28.0,斤,,,2026-07-06
肉禽蛋,牛肉类,整牛,28.5,29.0,28.75,斤,,,2026-07-05
肉禽蛋,牛肉类,牛前腱,35.0,36.0,35.5,斤,,,2026-07-05
肉禽蛋,牛肉类,牛后腱,35.0,36.0,35.5,斤,,,2026-07-05
肉禽蛋,牛肉类,牛前腿,28.0,28.0,28.0,斤,,,2026-07-05
肉禽蛋,牛肉类,牛后腿,28.0,28.0,28.0,斤,,,2026-07-05
肉禽蛋,牛肉类,牛腰窝,30.0,31.0,30.5,斤,,,2026-07-05
肉禽蛋,牛肉类,肥牛,27.0,35.0,31.0,斤,,,2026-07-05
肉禽蛋,牛肉类,牛柳,33.0,33.0,33.0,斤,,里脊,2026-07-05
肉禽蛋,牛肉类,精牛柳,35.0,35.0,35.0,斤,,,2026-07-05
肉禽蛋,牛肉类,牛腩,28.0,28.0,28.0,斤,,,2026-07-05
肉禽蛋,牛肉类,牛林,28.0,28.0,28.0,斤,,,2026-07-05
肉禽蛋,牛肉类,牛金钱腱,50.0,50.0,50.0,斤,,,2026-07-05
肉禽蛋,牛肉类,牛筋头巴脑,26.0,26.0,26.0,斤,,,2026-07-05
肉禽蛋,牛肉类,牛宝,17.0,18.0,17.5,斤,,,2026-07-05
肉禽蛋,牛肉类,牛鞭,45.0,48.0,46.5,斤,,,2026-07-05
肉禽蛋,牛肉类,牛油,5.0,5.0,5.0,斤,,,2026-07-05
肉禽蛋,牛肉类,牛心,6.0,6.0,6.0,斤,,,2026-07-05
肉禽蛋,牛肉类,牛舌,22.0,23.0,22.5,斤,,,2026-07-05
肉禽蛋,牛肉类,牛骨,3.5,4.0,3.75,斤,,,2026-07-05
肉禽蛋,牛肉类,牛排骨,27.0,28.0,27.5,斤,,,2026-07-05
肉禽蛋,牛肉类,牛蹄筋,22.0,23.0,22.5,斤,,,2026-07-05
肉禽蛋,牛肉类,牛板筋,28.0,28.0,28.0,斤,,,2026-07-05
肉禽蛋,牛肉类,牛心管,30.0,30.0,30.0,斤,,,2026-07-05
肉禽蛋,牛肉类,牛肚,14.0,15.0,14.5,斤,,,2026-07-05
肉禽蛋,牛肉类,牛腰子,9.0,10.0,9.5,斤,,,2026-07-05
肉禽蛋,牛肉类,牛尾,22.0,25.0,23.5,斤,,,2026-07-05
肉禽蛋,牛肉类,牛百叶,28.0,30.0,29.0,斤,,,2026-07-05
肉禽蛋,牛肉类,牛上脑,28.0,28.0,28.0,斤,,,2026-07-05
肉禽蛋,牛肉类,整牛,28.5,29.0,28.75,斤,,,2026-07-04
肉禽蛋,牛肉类,牛前腱,35.0,36.0,35.5,斤,,,2026-07-04
肉禽蛋,牛肉类,牛后腱,35.0,36.0,35.5,斤,,,2026-07-04
肉禽蛋,牛肉类,牛前腿,28.0,28.0,28.0,斤,,,2026-07-04
肉禽蛋,牛肉类,牛后腿,28.0,28.0,28.0,斤,,,2026-07-04
肉禽蛋,牛肉类,牛腰窝,30.0,31.0,30.5,斤,,,2026-07-04
肉禽蛋,牛肉类,肥牛,27.0,35.0,31.0,斤,,,2026-07-04
肉禽蛋,牛肉类,牛柳,33.0,33.0,33.0,斤,,里脊,2026-07-04
肉禽蛋,牛肉类,精牛柳,35.0,35.0,35.0,斤,,,2026-07-04
肉禽蛋,牛肉类,牛腩,28.0,28.0,28.0,斤,,,2026-07-04
肉禽蛋,牛肉类,牛林,28.0,28.0,28.0,斤,,,2026-07-04
肉禽蛋,牛肉类,牛金钱腱,50.0,50.0,50.0,斤,,,2026-07-04
肉禽蛋,牛肉类,牛筋头巴脑,26.0,26.0,26.0,斤,,,2026-07-04
肉禽蛋,牛肉类,牛宝,17.0,18.0,17.5,斤,,,2026-07-04
肉禽蛋,牛肉类,牛鞭,45.0,48.0,46.5,斤,,,2026-07-04
肉禽蛋,牛肉类,牛油,5.0,5.0,5.0,斤,,,2026-07-04
肉禽蛋,牛肉类,牛心,6.0,6.0,6.0,斤,,,2026-07-04
肉禽蛋,牛肉类,牛舌,22.0,23.0,22.5,斤,,,2026-07-04
肉禽蛋,牛肉类,牛骨,3.5,4.0,3.75,斤,,,2026-07-04
肉禽蛋,牛肉类,牛排骨,27.0,28.0,27.5,斤,,,2026-07-04
肉禽蛋,牛肉类,牛蹄筋,22.0,23.0,22.5,斤,,,2026-07-04
肉禽蛋,牛肉类,牛板筋,28.0,28.0,28.0,斤,,,2026-07-04
肉禽蛋,牛肉类,牛心管,30.0,30.0,30.0,斤,,,2026-07-04
肉禽蛋,牛肉类,牛肚,14.0,15.0,14.5,斤,,,2026-07-04
肉禽蛋,牛肉类,牛腰子,9.0,10.0,9.5,斤,,,2026-07-04
肉禽蛋,牛肉类,牛尾,22.0,25.0,23.5,斤,,,2026-07-04
肉禽蛋,牛肉类,牛百叶,28.0,30.0,29.0,斤,,,2026-07-04
肉禽蛋,牛肉类,牛上脑,28.0,28.0,28.0,斤,,,2026-07-04
肉禽蛋,牛肉类,整牛,28.5,29.0,28.75,斤,,,2026-07-03
肉禽蛋,牛肉类,牛前腱,35.0,36.0,35.5,斤,,,2026-07-03
肉禽蛋,牛肉类,牛后腱,35.0,36.0,35.5,斤,,,2026-07-03
肉禽蛋,牛肉类,牛前腿,28.0,28.0,28.0,斤,,,2026-07-03
肉禽蛋,牛肉类,牛后腿,28.0,28.0,28.0,斤,,,2026-07-03
肉禽蛋,牛肉类,牛腰窝,30.0,31.0,30.5,斤,,,2026-07-03
肉禽蛋,牛肉类,肥牛,27.0,35.0,31.0,斤,,,2026-07-03
肉禽蛋,牛肉类,牛柳,33.0,33.0,33.0,斤,,里脊,2026-07-03
肉禽蛋,牛肉类,精牛柳,35.0,35.0,35.0,斤,,,2026-07-03
肉禽蛋,牛肉类,牛腩,28.0,28.0,28.0,斤,,,2026-07-03
肉禽蛋,牛肉类,牛林,28.0,28.0,28.0,斤,,,2026-07-03
肉禽蛋,牛肉类,牛金钱腱,50.0,50.0,50.0,斤,,,2026-07-03
肉禽蛋,牛肉类,牛筋头巴脑,26.0,26.0,26.0,斤,,,2026-07-03
肉禽蛋,牛肉类,牛宝,17.0,18.0,17.5,斤,,,2026-07-03
肉禽蛋,牛肉类,牛鞭,45.0,48.0,46.5,斤,,,2026-07-03
肉禽蛋,牛肉类,牛油,5.0,5.0,5.0,斤,,,2026-07-03
肉禽蛋,牛肉类,牛心,6.0,6.0,6.0,斤,,,2026-07-03
肉禽蛋,牛肉类,牛舌,22.0,23.0,22.5,斤,,,2026-07-03
肉禽蛋,牛肉类,牛骨,3.5,4.0,3.75,斤,,,2026-07-03
肉禽蛋,牛肉类,牛排骨,27.0,28.0,27.5,斤,,,2026-07-03
肉禽蛋,牛肉类,牛蹄筋,22.0,23.0,22.5,斤,,,2026-07-03
肉禽蛋,牛肉类,牛板筋,28.0,28.0,28.0,斤,,,2026-07-03
肉禽蛋,牛肉类,牛心管,30.0,30.0,30.0,斤,,,2026-07-03
肉禽蛋,牛肉类,牛肚,14.0,15.0,14.5,斤,,,2026-07-03
肉禽蛋,牛肉类,牛腰子,9.0,10.0,9.5,斤,,,2026-07-03
肉禽蛋,牛肉类,牛尾,22.0,25.0,23.5,斤,,,2026-07-03
肉禽蛋,牛肉类,牛百叶,28.0,30.0,29.0,斤,,,2026-07-03
肉禽蛋,牛肉类,牛上脑,28.0,28.0,28.0,斤,,,2026-07-03
肉禽蛋,牛肉类,整牛,28.5,29.0,28.75,斤,,,2026-07-02
肉禽蛋,牛肉类,牛前腱,35.0,35.0,35.0,斤,,,2026-07-02
肉禽蛋,牛肉类,牛后腱,35.0,35.0,35.0,斤,,,2026-07-02
肉禽蛋,牛肉类,牛前腿,28.0,28.0,28.0,斤,,,2026-07-02
肉禽蛋,牛肉类,牛后腿,28.0,28.0,28.0,斤,,,2026-07-02
肉禽蛋,牛肉类,牛腰窝,30.0,31.0,30.5,斤,,,2026-07-02
肉禽蛋,牛肉类,肥牛,27.0,35.0,31.0,斤,,,2026-07-02
肉禽蛋,牛肉类,牛柳,33.0,33.0,33.0,斤,,里脊,2026-07-02
肉禽蛋,牛肉类,精牛柳,35.0,35.0,35.0,斤,,,2026-07-02
肉禽蛋,牛肉类,牛腩,28.0,28.0,28.0,斤,,,2026-07-02
肉禽蛋,牛肉类,牛林,28.0,28.0,28.0,斤,,,2026-07-02
肉禽蛋,牛肉类,牛金钱腱,48.0,50.0,49.0,斤,,,2026-07-02
肉禽蛋,牛肉类,牛筋头巴脑,26.0,26.0,26.0,斤,,,2026-07-02
肉禽蛋,牛肉类,牛宝,17.0,18.0,17.5,斤,,,2026-07-02
肉禽蛋,牛肉类,牛鞭,45.0,48.0,46.5,斤,,,2026-07-02
肉禽蛋,牛肉类,牛油,5.0,5.0,5.0,斤,,,2026-07-02
肉禽蛋,牛肉类,牛心,6.0,6.0,6.0,斤,,,2026-07-02
肉禽蛋,牛肉类,牛舌,22.0,23.0,22.5,斤,,,2026-07-02
肉禽蛋,牛肉类,牛骨,3.5,4.0,3.75,斤,,,2026-07-02
肉禽蛋,牛肉类,牛排骨,27.0,28.0,27.5,斤,,,2026-07-02
肉禽蛋,牛肉类,牛蹄筋,22.0,23.0,22.5,斤,,,2026-07-02
肉禽蛋,牛肉类,牛板筋,28.0,28.0,28.0,斤,,,2026-07-02
肉禽蛋,牛肉类,牛心管,30.0,30.0,30.0,斤,,,2026-07-02
肉禽蛋,牛肉类,牛肚,14.0,15.0,14.5,斤,,,2026-07-02
肉禽蛋,牛肉类,牛腰子,9.0,10.0,9.5,斤,,,2026-07-02
肉禽蛋,牛肉类,牛尾,22.0,25.0,23.5,斤,,,2026-07-02
肉禽蛋,牛肉类,牛百叶,28.0,30.0,29.0,斤,,,2026-07-02
肉禽蛋,牛肉类,牛上脑,28.0,28.0,28.0,斤,,,2026-07-02
肉禽蛋,牛肉类,整牛,28.5,29.0,28.75,斤,,,2026-07-01
肉禽蛋,牛肉类,牛前腱,35.0,35.0,35.0,斤,,,2026-07-01
肉禽蛋,牛肉类,牛后腱,35.0,35.0,35.0,斤,,,2026-07-01
肉禽蛋,牛肉类,牛前腿,28.0,28.0,28.0,斤,,,2026-07-01
肉禽蛋,牛肉类,牛后腿,28.0,28.0,28.0,斤,,,2026-07-01
肉禽蛋,牛肉类,牛腰窝,30.0,31.0,30.5,斤,,,2026-07-01
肉禽蛋,牛肉类,肥牛,27.0,35.0,31.0,斤,,,2026-07-01
肉禽蛋,牛肉类,牛柳,33.0,33.0,33.0,斤,,里脊,2026-07-01
肉禽蛋,牛肉类,精牛柳,35.0,35.0,35.0,斤,,,2026-07-01
肉禽蛋,牛肉类,牛腩,28.0,28.0,28.0,斤,,,2026-07-01
肉禽蛋,牛肉类,牛林,28.0,28.0,28.0,斤,,,2026-07-01
肉禽蛋,牛肉类,牛金钱腱,48.0,50.0,49.0,斤,,,2026-07-01
肉禽蛋,牛肉类,牛筋头巴脑,26.0,26.0,26.0,斤,,,2026-07-01
肉禽蛋,牛肉类,牛宝,17.0,18.0,17.5,斤,,,2026-07-01
肉禽蛋,牛肉类,牛鞭,45.0,48.0,46.5,斤,,,2026-07-01
肉禽蛋,牛肉类,牛油,5.0,5.0,5.0,斤,,,2026-07-01
肉禽蛋,牛肉类,牛心,6.0,6.0,6.0,斤,,,2026-07-01
肉禽蛋,牛肉类,牛舌,22.0,23.0,22.5,斤,,,2026-07-01
肉禽蛋,牛肉类,牛骨,3.5,4.0,3.75,斤,,,2026-07-01
肉禽蛋,牛肉类,牛排骨,27.0,28.0,27.5,斤,,,2026-07-01
肉禽蛋,牛肉类,牛蹄筋,22.0,23.0,22.5,斤,,,2026-07-01
肉禽蛋,牛肉类,牛板筋,28.0,28.0,28.0,斤,,,2026-07-01
肉禽蛋,牛肉类,牛心管,30.0,30.0,30.0,斤,,,2026-07-01
肉禽蛋,牛肉类,牛肚,14.0,15.0,14.5,斤,,,2026-07-01
肉禽蛋,牛肉类,牛腰子,9.0,10.0,9.5,斤,,,2026-07-01
肉禽蛋,牛肉类,牛尾,22.0,25.0,23.5,斤,,,2026-07-01
肉禽蛋,牛肉类,牛百叶,28.0,30.0,29.0,斤,,,2026-07-01
肉禽蛋,牛肉类,牛上脑,28.0,28.0,28.0,斤,,,2026-07-01
肉禽蛋,牛肉类,整牛,28.5,29.0,28.75,斤,,,2026-06-30
肉禽蛋,牛肉类,牛前腱,35.0,35.0,35.0,斤,,,2026-06-30
肉禽蛋,牛肉类,牛后腱,35.0,35.0,35.0,斤,,,2026-06-30
肉禽蛋,牛肉类,牛前腿,28.0,28.0,28.0,斤,,,2026-06-30
肉禽蛋,牛肉类,牛后腿,28.0,28.0,28.0,斤,,,2026-06-30
肉禽蛋,牛肉类,牛腰窝,30.0,31.0,30.5,斤,,,2026-06-30
肉禽蛋,牛肉类,肥牛,27.0,35.0,31.0,斤,,,2026-06-30
肉禽蛋,牛肉类,牛柳,33.0,33.0,33.0,斤,,里脊,2026-06-30
肉禽蛋,牛肉类,精牛柳,35.0,35.0,35.0,斤,,,2026-06-30
肉禽蛋,牛肉类,牛腩,28.0,28.0,28.0,斤,,,2026-06-30
肉禽蛋,牛肉类,牛林,28.0,28.0,28.0,斤,,,2026-06-30
肉禽蛋,牛肉类,牛金钱腱,48.0,50.0,49.0,斤,,,2026-06-30
肉禽蛋,牛肉类,牛筋头巴脑,26.0,26.0,26.0,斤,,,2026-06-30
肉禽蛋,牛肉类,牛宝,17.0,18.0,17.5,斤,,,2026-06-30
肉禽蛋,牛肉类,牛鞭,45.0,48.0,46.5,斤,,,2026-06-30
肉禽蛋,牛肉类,牛油,5.0,5.0,5.0,斤,,,2026-06-30
肉禽蛋,牛肉类,牛心,6.0,6.0,6.0,斤,,,2026-06-30
肉禽蛋,牛肉类,牛舌,22.0,23.0,22.5,斤,,,2026-06-30
肉禽蛋,牛肉类,牛骨,3.5,4.0,3.75,斤,,,2026-06-30
肉禽蛋,牛肉类,牛排骨,27.0,28.0,27.5,斤,,,2026-06-30
肉禽蛋,牛肉类,牛蹄筋,22.0,23.0,22.5,斤,,,2026-06-30
肉禽蛋,牛肉类,牛板筋,28.0,28.0,28.0,斤,,,2026-06-30
肉禽蛋,牛肉类,牛心管,30.0,30.0,30.0,斤,,,2026-06-30
肉禽蛋,牛肉类,牛肚,14.0,15.0,14.5,斤,,,2026-06-30
肉禽蛋,牛肉类,牛腰子,9.0,10.0,9.5,斤,,,2026-06-30
肉禽蛋,牛肉类,牛尾,22.0,25.0,23.5,斤,,,2026-06-30
肉禽蛋,牛肉类,牛百叶,28.0,30.0,29.0,斤,,,2026-06-30
肉禽蛋,牛肉类,牛上脑,28.0,28.0,28.0,斤,,,2026-06-30
肉禽蛋,牛肉类,整牛,27.5,29.0,28.25,斤,,,2026-06-29
肉禽蛋,牛肉类,牛前腱,35.0,35.0,35.0,斤,,,2026-06-29
肉禽蛋,牛肉类,牛后腱,35.0,35.0,35.0,斤,,,2026-06-29
肉禽蛋,牛肉类,牛前腿,28.0,28.0,28.0,斤,,,2026-06-29
肉禽蛋,牛肉类,牛后腿,28.0,28.0,28.0,斤,,,2026-06-29
肉禽蛋,牛肉类,牛腰窝,30.0,31.0,30.5,斤,,,2026-06-29
肉禽蛋,牛肉类,肥牛,27.0,35.0,31.0,斤,,,2026-06-29
肉禽蛋,牛肉类,牛柳,33.0,33.0,33.0,斤,,里脊,2026-06-29
肉禽蛋,牛肉类,精牛柳,35.0,35.0,35.0,斤,,,2026-06-29
肉禽蛋,牛肉类,牛腩,28.0,28.5,28.25,斤,,,2026-06-29
肉禽蛋,牛肉类,牛林,28.0,28.0,28.0,斤,,,2026-06-29
肉禽蛋,牛肉类,牛金钱腱,48.0,50.0,49.0,斤,,,2026-06-29
肉禽蛋,牛肉类,牛筋头巴脑,26.0,26.0,26.0,斤,,,2026-06-29
肉禽蛋,牛肉类,牛宝,17.0,18.0,17.5,斤,,,2026-06-29
肉禽蛋,牛肉类,牛鞭,45.0,48.0,46.5,斤,,,2026-06-29
肉禽蛋,牛肉类,牛油,5.0,5.0,5.0,斤,,,2026-06-29
肉禽蛋,牛肉类,牛心,6.0,6.0,6.0,斤,,,2026-06-29
肉禽蛋,牛肉类,牛舌,22.0,23.0,22.5,斤,,,2026-06-29
肉禽蛋,牛肉类,牛骨,3.5,4.0,3.75,斤,,,2026-06-29
肉禽蛋,牛肉类,牛排骨,27.0,28.0,27.5,斤,,,2026-06-29
肉禽蛋,牛肉类,牛蹄筋,22.0,23.0,22.5,斤,,,2026-06-29
肉禽蛋,牛肉类,牛板筋,28.0,28.0,28.0,斤,,,2026-06-29
肉禽蛋,牛肉类,牛心管,30.0,30.0,30.0,斤,,,2026-06-29
肉禽蛋,牛肉类,牛肚,14.0,15.0,14.5,斤,,,2026-06-29
肉禽蛋,牛肉类,牛腰子,9.0,10.0,9.5,斤,,,2026-06-29
肉禽蛋,牛肉类,牛尾,22.0,25.0,23.5,斤,,,2026-06-29
肉禽蛋,牛肉类,牛百叶,28.0,30.0,29.0,斤,,,2026-06-29
肉禽蛋,牛肉类,牛上脑,28.0,28.0,28.0,斤,,,2026-06-29
肉禽蛋,牛肉类,整牛,28.5,29.0,28.75,斤,,,2026-06-28
肉禽蛋,牛肉类,牛前腱,34.0,35.0,34.5,斤,,,2026-06-28
肉禽蛋,牛肉类,牛后腱,34.0,35.0,34.5,斤,,,2026-06-28
肉禽蛋,牛肉类,牛前腿,28.0,28.0,28.0,斤,,,2026-06-28
肉禽蛋,牛肉类,牛后腿,28.0,28.5,28.25,斤,,,2026-06-28
肉禽蛋,牛肉类,牛腰窝,30.0,32.0,31.0,斤,,,2026-06-28
肉禽蛋,牛肉类,肥牛,27.0,35.0,31.0,斤,,,2026-06-28
肉禽蛋,牛肉类,牛柳,33.0,33.0,33.0,斤,,里脊,2026-06-28
肉禽蛋,牛肉类,精牛柳,35.0,35.0,35.0,斤,,,2026-06-28
肉禽蛋,牛肉类,牛腩,28.0,28.5,28.25,斤,,,2026-06-28
肉禽蛋,牛肉类,牛林,28.0,28.0,28.0,斤,,,2026-06-28
肉禽蛋,牛肉类,牛金钱腱,48.0,50.0,49.0,斤,,,2026-06-28
肉禽蛋,牛肉类,牛筋头巴脑,26.0,26.0,26.0,斤,,,2026-06-28
肉禽蛋,牛肉类,牛宝,17.0,18.0,17.5,斤,,,2026-06-28
肉禽蛋,牛肉类,牛鞭,45.0,48.0,46.5,斤,,,2026-06-28
肉禽蛋,牛肉类,牛油,5.0,5.0,5.0,斤,,,2026-06-28
肉禽蛋,牛肉类,牛心,6.0,6.0,6.0,斤,,,2026-06-28
肉禽蛋,牛肉类,牛舌,22.0,23.0,22.5,斤,,,2026-06-28
肉禽蛋,牛肉类,牛骨,3.5,4.0,3.75,斤,,,2026-06-28
肉禽蛋,牛肉类,牛排骨,27.0,28.0,27.5,斤,,,2026-06-28
肉禽蛋,牛肉类,牛蹄筋,22.0,23.0,22.5,斤,,,2026-06-28
肉禽蛋,牛肉类,牛板筋,28.0,28.0,28.0,斤,,,2026-06-28
肉禽蛋,牛肉类,牛心管,30.0,30.0,30.0,斤,,,2026-06-28
肉禽蛋,牛肉类,牛肚,14.0,15.0,14.5,斤,,,2026-06-28
肉禽蛋,牛肉类,牛腰子,9.0,10.0,9.5,斤,,,2026-06-28
肉禽蛋,牛肉类,牛尾,22.0,25.0,23.5,斤,,,2026-06-28
肉禽蛋,牛肉类,牛百叶,28.0,30.0,29.0,斤,,,2026-06-28
肉禽蛋,牛肉类,牛上脑,28.0,28.0,28.0,斤,,,2026-06-28
肉禽蛋,牛肉类,整牛,28.5,29.0,28.75,斤,,,2026-06-27
肉禽蛋,牛肉类,牛前腱,34.0,35.0,34.5,斤,,,2026-06-27
肉禽蛋,牛肉类,牛后腱,34.0,35.0,34.5,斤,,,2026-06-27
肉禽蛋,牛肉类,牛前腿,28.0,28.0,28.0,斤,,,2026-06-27
肉禽蛋,牛肉类,牛后腿,28.0,28.5,28.25,斤,,,2026-06-27
肉禽蛋,牛肉类,牛腰窝,30.0,32.0,31.0,斤,,,2026-06-27
肉禽蛋,牛肉类,肥牛,27.0,35.0,31.0,斤,,,2026-06-27
肉禽蛋,牛肉类,牛柳,33.0,33.0,33.0,斤,,里脊,2026-06-27
肉禽蛋,牛肉类,精牛柳,35.0,35.0,35.0,斤,,,2026-06-27
肉禽蛋,牛肉类,牛腩,28.0,28.5,28.25,斤,,,2026-06-27
肉禽蛋,牛肉类,牛林,28.0,28.0,28.0,斤,,,2026-06-27
肉禽蛋,牛肉类,牛金钱腱,48.0,50.0,49.0,斤,,,2026-06-27
肉禽蛋,牛肉类,牛筋头巴脑,26.0,26.0,26.0,斤,,,2026-06-27
肉禽蛋,牛肉类,牛宝,17.0,18.0,17.5,斤,,,2026-06-27
肉禽蛋,牛肉类,牛鞭,45.0,48.0,46.5,斤,,,2026-06-27
肉禽蛋,牛肉类,牛油,5.0,5.0,5.0,斤,,,2026-06-27
肉禽蛋,牛肉类,牛心,6.0,6.0,6.0,斤,,,2026-06-27
肉禽蛋,牛肉类,牛舌,22.0,23.0,22.5,斤,,,2026-06-27
肉禽蛋,牛肉类,牛骨,3.5,4.0,3.75,斤,,,2026-06-27
肉禽蛋,牛肉类,牛排骨,27.0,28.0,27.5,斤,,,2026-06-27
肉禽蛋,牛肉类,牛蹄筋,22.0,23.0,22.5,斤,,,2026-06-27
肉禽蛋,牛肉类,牛板筋,28.0,28.0,28.0,斤,,,2026-06-27
肉禽蛋,牛肉类,牛心管,30.0,30.0,30.0,斤,,,2026-06-27
肉禽蛋,牛肉类,牛肚,14.0,15.0,14.5,斤,,,2026-06-27
肉禽蛋,牛肉类,牛腰子,9.0,10.0,9.5,斤,,,2026-06-27
肉禽蛋,牛肉类,牛尾,22.0,25.0,23.5,斤,,,2026-06-27
肉禽蛋,牛肉类,牛百叶,28.0,30.0,29.0,斤,,,2026-06-27
肉禽蛋,牛肉类,牛上脑,28.0,28.0,28.0,斤,,,2026-06-27
肉禽蛋,牛肉类,整牛,28.5,29.0,28.75,斤,,,2026-06-26
肉禽蛋,牛肉类,牛前腱,34.0,35.0,34.5,斤,,,2026-06-26
肉禽蛋,牛肉类,牛后腱,34.0,35.0,34.5,斤,,,2026-06-26
肉禽蛋,牛肉类,牛前腿,28.0,28.0,28.0,斤,,,2026-06-26
肉禽蛋,牛肉类,牛后腿,28.0,28.5,28.25,斤,,,2026-06-26
肉禽蛋,牛肉类,牛腰窝,30.0,32.0,31.0,斤,,,2026-06-26
肉禽蛋,牛肉类,肥牛,27.0,35.0,31.0,斤,,,2026-06-26
肉禽蛋,牛肉类,牛柳,33.0,33.0,33.0,斤,,里脊,2026-06-26
肉禽蛋,牛肉类,精牛柳,35.0,35.0,35.0,斤,,,2026-06-26
肉禽蛋,牛肉类,牛腩,28.0,28.5,28.25,斤,,,2026-06-26
肉禽蛋,牛肉类,牛林,28.0,28.0,28.0,斤,,,2026-06-26
肉禽蛋,牛肉类,牛金钱腱,48.0,50.0,49.0,斤,,,2026-06-26
肉禽蛋,牛肉类,牛筋头巴脑,26.0,26.0,26.0,斤,,,2026-06-26
肉禽蛋,牛肉类,牛宝,17.0,18.0,17.5,斤,,,2026-06-26
肉禽蛋,牛肉类,牛鞭,45.0,48.0,46.5,斤,,,2026-06-26
肉禽蛋,牛肉类,牛油,5.0,5.0,5.0,斤,,,2026-06-26
肉禽蛋,牛肉类,牛心,6.0,6.0,6.0,斤,,,2026-06-26
肉禽蛋,牛肉类,牛舌,22.0,23.0,22.5,斤,,,2026-06-26
肉禽蛋,牛肉类,牛骨,3.5,4.0,3.75,斤,,,2026-06-26
肉禽蛋,牛肉类,牛排骨,27.0,28.0,27.5,斤,,,2026-06-26
肉禽蛋,牛肉类,牛蹄筋,22.0,23.0,22.5,斤,,,2026-06-26
肉禽蛋,牛肉类,牛板筋,28.0,28.0,28.0,斤,,,2026-06-26
肉禽蛋,牛肉类,牛心管,30.0,30.0,30.0,斤,,,2026-06-26
肉禽蛋,牛肉类,牛肚,14.0,15.0,14.5,斤,,,2026-06-26
肉禽蛋,牛肉类,牛腰子,9.0,10.0,9.5,斤,,,2026-06-26
肉禽蛋,牛肉类,牛尾,22.0,25.0,23.5,斤,,,2026-06-26
肉禽蛋,牛肉类,牛百叶,28.0,30.0,29.0,斤,,,2026-06-26
肉禽蛋,牛肉类,牛上脑,28.0,28.0,28.0,斤,,,2026-06-26
肉禽蛋,牛肉类,整牛,26.5,29.0,27.75,斤,,,2026-06-25
肉禽蛋,牛肉类,牛前腱,34.0,35.0,34.5,斤,,,2026-06-25
肉禽蛋,牛肉类,牛后腱,34.0,35.0,34.5,斤,,,2026-06-25
肉禽蛋,牛肉类,牛前腿,28.0,28.0,28.0,斤,,,2026-06-25
肉禽蛋,牛肉类,牛后腿,28.0,28.5,28.25,斤,,,2026-06-25
肉禽蛋,牛肉类,牛腰窝,30.0,32.0,31.0,斤,,,2026-06-25
肉禽蛋,牛肉类,肥牛,27.0,35.0,31.0,斤,,,2026-06-25
肉禽蛋,牛肉类,牛柳,33.0,33.0,33.0,斤,,里脊,2026-06-25
肉禽蛋,牛肉类,精牛柳,35.0,35.0,35.0,斤,,,2026-06-25
肉禽蛋,牛肉类,牛腩,28.0,28.5,28.25,斤,,,2026-06-25
肉禽蛋,牛肉类,牛林,28.0,28.0,28.0,斤,,,2026-06-25
肉禽蛋,牛肉类,牛金钱腱,48.0,50.0,49.0,斤,,,2026-06-25
肉禽蛋,牛肉类,牛筋头巴脑,26.0,26.0,26.0,斤,,,2026-06-25
肉禽蛋,牛肉类,牛宝,17.0,18.0,17.5,斤,,,2026-06-25
肉禽蛋,牛肉类,牛鞭,45.0,48.0,46.5,斤,,,2026-06-25
肉禽蛋,牛肉类,牛油,5.0,5.0,5.0,斤,,,2026-06-25
肉禽蛋,牛肉类,牛心,6.0,6.0,6.0,斤,,,2026-06-25
肉禽蛋,牛肉类,牛舌,23.0,24.0,23.5,斤,,,2026-06-25
肉禽蛋,牛肉类,牛骨,3.5,4.0,3.75,斤,,,2026-06-25
肉禽蛋,牛肉类,牛排骨,27.0,28.0,27.5,斤,,,2026-06-25
肉禽蛋,牛肉类,牛蹄筋,22.0,23.0,22.5,斤,,,2026-06-25
肉禽蛋,牛肉类,牛板筋,28.0,28.0,28.0,斤,,,2026-06-25
肉禽蛋,牛肉类,牛心管,30.0,30.0,30.0,斤,,,2026-06-25
肉禽蛋,牛肉类,牛肚,14.0,15.0,14.5,斤,,,2026-06-25
肉禽蛋,牛肉类,牛腰子,9.0,10.0,9.5,斤,,,2026-06-25
肉禽蛋,牛肉类,牛尾,22.0,25.0,23.5,斤,,,2026-06-25
肉禽蛋,牛肉类,牛百叶,28.0,30.0,29.0,斤,,,2026-06-25
肉禽蛋,牛肉类,牛上脑,28.0,28.0,28.0,斤,,,2026-06-25
肉禽蛋,牛肉类,整牛,26.5,29.0,27.75,斤,,,2026-06-24
肉禽蛋,牛肉类,牛前腱,34.0,35.0,34.5,斤,,,2026-06-24
肉禽蛋,牛肉类,牛后腱,34.0,35.0,34.5,斤,,,2026-06-24
肉禽蛋,牛肉类,牛前腿,28.0,28.0,28.0,斤,,,2026-06-24
肉禽蛋,牛肉类,牛后腿,28.0,28.0,28.0,斤,,,2026-06-24
肉禽蛋,牛肉类,牛腰窝,30.0,32.0,31.0,斤,,,2026-06-24
肉禽蛋,牛肉类,肥牛,27.0,35.0,31.0,斤,,,2026-06-24
肉禽蛋,牛肉类,牛柳,33.0,33.0,33.0,斤,,里脊,2026-06-24
肉禽蛋,牛肉类,精牛柳,35.0,35.0,35.0,斤,,,2026-06-24
肉禽蛋,牛肉类,牛腩,28.0,28.5,28.25,斤,,,2026-06-24
肉禽蛋,牛肉类,牛林,28.0,28.0,28.0,斤,,,2026-06-24
肉禽蛋,牛肉类,牛金钱腱,48.0,50.0,49.0,斤,,,2026-06-24
肉禽蛋,牛肉类,牛筋头巴脑,26.0,26.0,26.0,斤,,,2026-06-24
肉禽蛋,牛肉类,牛宝,17.0,18.0,17.5,斤,,,2026-06-24
肉禽蛋,牛肉类,牛鞭,45.0,48.0,46.5,斤,,,2026-06-24
肉禽蛋,牛肉类,牛油,5.0,5.0,5.0,斤,,,2026-06-24
肉禽蛋,牛肉类,牛心,6.0,6.0,6.0,斤,,,2026-06-24
肉禽蛋,牛肉类,牛舌,23.0,24.0,23.5,斤,,,2026-06-24
肉禽蛋,牛肉类,牛骨,3.5,4.0,3.75,斤,,,2026-06-24
肉禽蛋,牛肉类,牛排骨,27.0,28.0,27.5,斤,,,2026-06-24
肉禽蛋,牛肉类,牛蹄筋,22.0,23.0,22.5,斤,,,2026-06-24
肉禽蛋,牛肉类,牛板筋,28.0,28.0,28.0,斤,,,2026-06-24
肉禽蛋,牛肉类,牛心管,30.0,30.0,30.0,斤,,,2026-06-24
肉禽蛋,牛肉类,牛肚,14.0,15.0,14.5,斤,,,2026-06-24
肉禽蛋,牛肉类,牛腰子,9.0,10.0,9.5,斤,,,2026-06-24
肉禽蛋,牛肉类,牛尾,22.0,25.0,23.5,斤,,,2026-06-24
肉禽蛋,牛肉类,牛百叶,28.0,30.0,29.0,斤,,,2026-06-24
肉禽蛋,牛肉类,牛上脑,28.0,28.0,28.0,斤,,,2026-06-24
肉禽蛋,牛肉类,整牛,28.5,29.0,28.75,斤,,,2026-06-23
肉禽蛋,牛肉类,牛前腱,35.0,35.0,35.0,斤,,,2026-06-23
肉禽蛋,牛肉类,牛后腱,35.0,35.0,35.0,斤,,,2026-06-23
肉禽蛋,牛肉类,牛前腿,28.0,28.0,28.0,斤,,,2026-06-23
肉禽蛋,牛肉类,牛后腿,28.0,28.0,28.0,斤,,,2026-06-23
肉禽蛋,牛肉类,牛腰窝,30.0,32.0,31.0,斤,,,2026-06-23
肉禽蛋,牛肉类,肥牛,27.0,35.0,31.0,斤,,,2026-06-23
肉禽蛋,牛肉类,牛柳,33.0,33.0,33.0,斤,,里脊,2026-06-23
肉禽蛋,牛肉类,精牛柳,35.0,35.0,35.0,斤,,,2026-06-23
肉禽蛋,牛肉类,牛腩,28.0,28.5,28.25,斤,,,2026-06-23
肉禽蛋,牛肉类,牛林,28.0,28.0,28.0,斤,,,2026-06-23
肉禽蛋,牛肉类,牛金钱腱,48.0,50.0,49.0,斤,,,2026-06-23
肉禽蛋,牛肉类,牛筋头巴脑,26.0,26.0,26.0,斤,,,2026-06-23
肉禽蛋,牛肉类,牛宝,17.0,18.0,17.5,斤,,,2026-06-23
肉禽蛋,牛肉类,牛鞭,45.0,48.0,46.5,斤,,,2026-06-23
肉禽蛋,牛肉类,牛油,5.0,5.0,5.0,斤,,,2026-06-23
肉禽蛋,牛肉类,牛心,6.0,6.0,6.0,斤,,,2026-06-23
肉禽蛋,牛肉类,牛舌,23.0,24.0,23.5,斤,,,2026-06-23
肉禽蛋,牛肉类,牛骨,3.5,4.0,3.75,斤,,,2026-06-23
肉禽蛋,牛肉类,牛排骨,27.0,28.0,27.5,斤,,,2026-06-23
肉禽蛋,牛肉类,牛蹄筋,22.0,23.0,22.5,斤,,,2026-06-23
肉禽蛋,牛肉类,牛板筋,28.0,28.0,28.0,斤,,,2026-06-23
肉禽蛋,牛肉类,牛心管,30.0,30.0,30.0,斤,,,2026-06-23
肉禽蛋,牛肉类,牛肚,14.0,15.0,14.5,斤,,,2026-06-23
肉禽蛋,牛肉类,牛腰子,9.0,10.0,9.5,斤,,,2026-06-23
肉禽蛋,牛肉类,牛尾,22.0,24.0,23.0,斤,,,2026-06-23
肉禽蛋,牛肉类,牛百叶,28.0,30.0,29.0,斤,,,2026-06-23
肉禽蛋,牛肉类,牛上脑,28.0,28.5,28.25,斤,,,2026-06-23
肉禽蛋,牛肉类,整牛,28.5,29.5,29.0,斤,,,2026-06-22
肉禽蛋,牛肉类,牛前腱,35.0,35.0,35.0,斤,,,2026-06-22
肉禽蛋,牛肉类,牛后腱,35.0,35.0,35.0,斤,,,2026-06-22
肉禽蛋,牛肉类,牛前腿,28.0,28.0,28.0,斤,,,2026-06-22
肉禽蛋,牛肉类,牛后腿,28.0,28.0,28.0,斤,,,2026-06-22
肉禽蛋,牛肉类,牛腰窝,30.0,32.0,31.0,斤,,,2026-06-22
肉禽蛋,牛肉类,肥牛,27.0,35.0,31.0,斤,,,2026-06-22
肉禽蛋,牛肉类,牛柳,33.0,33.0,33.0,斤,,里脊,2026-06-22
肉禽蛋,牛肉类,精牛柳,35.0,35.0,35.0,斤,,,2026-06-22
肉禽蛋,牛肉类,牛腩,28.0,28.5,28.25,斤,,,2026-06-22
肉禽蛋,牛肉类,牛林,28.0,28.0,28.0,斤,,,2026-06-22
肉禽蛋,牛肉类,牛金钱腱,48.0,50.0,49.0,斤,,,2026-06-22
肉禽蛋,牛肉类,牛筋头巴脑,26.0,26.0,26.0,斤,,,2026-06-22
肉禽蛋,牛肉类,牛宝,17.0,18.0,17.5,斤,,,2026-06-22
肉禽蛋,牛肉类,牛鞭,45.0,48.0,46.5,斤,,,2026-06-22
肉禽蛋,牛肉类,牛油,5.0,5.0,5.0,斤,,,2026-06-22
肉禽蛋,牛肉类,牛心,6.0,6.0,6.0,斤,,,2026-06-22
肉禽蛋,牛肉类,牛舌,23.0,24.0,23.5,斤,,,2026-06-22
肉禽蛋,牛肉类,牛骨,3.5,4.0,3.75,斤,,,2026-06-22
肉禽蛋,牛肉类,牛排骨,27.0,28.0,27.5,斤,,,2026-06-22
肉禽蛋,牛肉类,牛蹄筋,22.0,23.0,22.5,斤,,,2026-06-22
肉禽蛋,牛肉类,牛板筋,28.0,28.0,28.0,斤,,,2026-06-22
肉禽蛋,牛肉类,牛心管,30.0,30.0,30.0,斤,,,2026-06-22
肉禽蛋,牛肉类,牛肚,14.0,15.0,14.5,斤,,,2026-06-22
肉禽蛋,牛肉类,牛腰子,9.0,10.0,9.5,斤,,,2026-06-22
肉禽蛋,牛肉类,牛尾,22.0,24.0,23.0,斤,,,2026-06-22
肉禽蛋,牛肉类,牛百叶,28.0,30.0,29.0,斤,,,2026-06-22
肉禽蛋,牛肉类,牛上脑,28.0,28.5,28.25,斤,,,2026-06-22
肉禽蛋,牛肉类,整牛,28.5,29.5,29.0,斤,,,2026-06-21
肉禽蛋,牛肉类,牛前腱,35.0,35.0,35.0,斤,,,2026-06-21
肉禽蛋,牛肉类,牛后腱,35.0,35.0,35.0,斤,,,2026-06-21
肉禽蛋,牛肉类,牛前腿,28.0,28.5,28.25,斤,,,2026-06-21
肉禽蛋,牛肉类,牛后腿,28.0,28.5,28.25,斤,,,2026-06-21
肉禽蛋,牛肉类,牛腰窝,31.0,32.0,31.5,斤,,,2026-06-21
肉禽蛋,牛肉类,肥牛,27.0,35.0,31.0,斤,,,2026-06-21
肉禽蛋,牛肉类,牛柳,33.0,33.0,33.0,斤,,里脊,2026-06-21
肉禽蛋,牛肉类,精牛柳,35.0,35.0,35.0,斤,,,2026-06-21
肉禽蛋,牛肉类,牛腩,28.0,28.5,28.25,斤,,,2026-06-21
肉禽蛋,牛肉类,牛林,28.0,28.5,28.25,斤,,,2026-06-21
肉禽蛋,牛肉类,牛金钱腱,50.0,55.0,52.5,斤,,,2026-06-21
肉禽蛋,牛肉类,牛筋头巴脑,26.0,26.0,26.0,斤,,,2026-06-21
肉禽蛋,牛肉类,牛宝,17.0,18.0,17.5,斤,,,2026-06-21
肉禽蛋,牛肉类,牛鞭,45.0,48.0,46.5,斤,,,2026-06-21
肉禽蛋,牛肉类,牛油,5.0,5.0,5.0,斤,,,2026-06-21
肉禽蛋,牛肉类,牛心,6.0,6.0,6.0,斤,,,2026-06-21
肉禽蛋,牛肉类,牛舌,23.0,24.0,23.5,斤,,,2026-06-21
肉禽蛋,牛肉类,牛骨,3.5,4.0,3.75,斤,,,2026-06-21
肉禽蛋,牛肉类,牛排骨,27.0,28.0,27.5,斤,,,2026-06-21
肉禽蛋,牛肉类,牛蹄筋,22.0,23.0,22.5,斤,,,2026-06-21
肉禽蛋,牛肉类,牛板筋,28.0,28.0,28.0,斤,,,2026-06-21
肉禽蛋,牛肉类,牛心管,30.0,30.0,30.0,斤,,,2026-06-21
肉禽蛋,牛肉类,牛肚,14.0,15.0,14.5,斤,,,2026-06-21
肉禽蛋,牛肉类,牛腰子,9.0,10.0,9.5,斤,,,2026-06-21
肉禽蛋,牛肉类,牛尾,22.0,24.0,23.0,斤,,,2026-06-21
肉禽蛋,牛肉类,牛百叶,28.0,30.0,29.0,斤,,,2026-06-21
肉禽蛋,牛肉类,牛上脑,28.0,28.5,28.25,斤,,,2026-06-21
肉禽蛋,牛肉类,整牛,28.5,29.5,29.0,斤,,,2026-06-20
肉禽蛋,牛肉类,牛前腱,35.0,35.0,35.0,斤,,,2026-06-20
肉禽蛋,牛肉类,牛后腱,35.0,35.0,35.0,斤,,,2026-06-20
肉禽蛋,牛肉类,牛前腿,28.0,28.5,28.25,斤,,,2026-06-20
肉禽蛋,牛肉类,牛后腿,28.0,28.5,28.25,斤,,,2026-06-20
肉禽蛋,牛肉类,牛腰窝,31.0,32.0,31.5,斤,,,2026-06-20
肉禽蛋,牛肉类,肥牛,27.0,35.0,31.0,斤,,,2026-06-20
肉禽蛋,牛肉类,牛柳,33.0,33.0,33.0,斤,,里脊,2026-06-20
肉禽蛋,牛肉类,精牛柳,35.0,35.0,35.0,斤,,,2026-06-20
肉禽蛋,牛肉类,牛腩,28.0,28.5,28.25,斤,,,2026-06-20
肉禽蛋,牛肉类,牛林,28.0,28.5,28.25,斤,,,2026-06-20
肉禽蛋,牛肉类,牛金钱腱,50.0,55.0,52.5,斤,,,2026-06-20
肉禽蛋,牛肉类,牛筋头巴脑,26.0,26.0,26.0,斤,,,2026-06-20
肉禽蛋,牛肉类,牛宝,17.0,18.0,17.5,斤,,,2026-06-20
肉禽蛋,牛肉类,牛鞭,45.0,48.0,46.5,斤,,,2026-06-20
肉禽蛋,牛肉类,牛油,5.0,5.0,5.0,斤,,,2026-06-20
肉禽蛋,牛肉类,牛心,6.0,6.0,6.0,斤,,,2026-06-20
肉禽蛋,牛肉类,牛舌,23.0,24.0,23.5,斤,,,2026-06-20
肉禽蛋,牛肉类,牛骨,3.5,4.0,3.75,斤,,,2026-06-20
肉禽蛋,牛肉类,牛排骨,27.0,28.0,27.5,斤,,,2026-06-20
肉禽蛋,牛肉类,牛蹄筋,22.0,23.0,22.5,斤,,,2026-06-20
肉禽蛋,牛肉类,牛板筋,28.0,28.0,28.0,斤,,,2026-06-20
肉禽蛋,牛肉类,牛心管,30.0,30.0,30.0,斤,,,2026-06-20
肉禽蛋,牛肉类,牛肚,14.0,15.0,14.5,斤,,,2026-06-20
肉禽蛋,牛肉类,牛腰子,9.0,10.0,9.5,斤,,,2026-06-20
肉禽蛋,牛肉类,牛尾,22.0,24.0,23.0,斤,,,2026-06-20
肉禽蛋,牛肉类,牛百叶,28.0,30.0,29.0,斤,,,2026-06-20
肉禽蛋,牛肉类,牛上脑,28.0,28.5,28.25,斤,,,2026-06-20
肉禽蛋,牛肉类,整牛,28.5,29.5,29.0,斤,,,2026-06-19
肉禽蛋,牛肉类,牛前腱,35.0,35.0,35.0,斤,,,2026-06-19
肉禽蛋,牛肉类,牛后腱,35.0,35.0,35.0,斤,,,2026-06-19
肉禽蛋,牛肉类,牛前腿,28.0,28.5,28.25,斤,,,2026-06-19
肉禽蛋,牛肉类,牛后腿,28.0,28.5,28.25,斤,,,2026-06-19
肉禽蛋,牛肉类,牛腰窝,31.0,32.0,31.5,斤,,,2026-06-19
肉禽蛋,牛肉类,肥牛,27.0,35.0,31.0,斤,,,2026-06-19
肉禽蛋,牛肉类,牛柳,33.0,33.0,33.0,斤,,里脊,2026-06-19
肉禽蛋,牛肉类,精牛柳,35.0,35.0,35.0,斤,,,2026-06-19
肉禽蛋,牛肉类,牛腩,28.0,28.5,28.25,斤,,,2026-06-19
肉禽蛋,牛肉类,牛林,28.0,28.5,28.25,斤,,,2026-06-19
肉禽蛋,牛肉类,牛金钱腱,50.0,55.0,52.5,斤,,,2026-06-19
肉禽蛋,牛肉类,牛筋头巴脑,26.0,26.0,26.0,斤,,,2026-06-19
肉禽蛋,牛肉类,牛宝,17.0,18.0,17.5,斤,,,2026-06-19
肉禽蛋,牛肉类,牛鞭,45.0,48.0,46.5,斤,,,2026-06-19
肉禽蛋,牛肉类,牛油,5.0,5.0,5.0,斤,,,2026-06-19
肉禽蛋,牛肉类,牛心,6.0,6.0,6.0,斤,,,2026-06-19
肉禽蛋,牛肉类,牛舌,23.0,24.0,23.5,斤,,,2026-06-19
肉禽蛋,牛肉类,牛骨,3.5,4.0,3.75,斤,,,2026-06-19
肉禽蛋,牛肉类,牛排骨,27.0,28.0,27.5,斤,,,2026-06-19
肉禽蛋,牛肉类,牛蹄筋,22.0,23.0,22.5,斤,,,2026-06-19
肉禽蛋,牛肉类,牛板筋,28.0,28.0,28.0,斤,,,2026-06-19
肉禽蛋,牛肉类,牛心管,30.0,30.0,30.0,斤,,,2026-06-19
肉禽蛋,牛肉类,牛肚,14.0,15.0,14.5,斤,,,2026-06-19
肉禽蛋,牛肉类,牛腰子,9.0,10.0,9.5,斤,,,2026-06-19
肉禽蛋,牛肉类,牛尾,22.0,24.0,23.0,斤,,,2026-06-19
肉禽蛋,牛肉类,牛百叶,28.0,30.0,29.0,斤,,,2026-06-19
肉禽蛋,牛肉类,牛上脑,28.0,28.5,28.25,斤,,,2026-06-19
