一级分类,二级分类,品名,最低价,最高价,平均价,单位,产地,规格,日期
肉禽蛋,猪肉类,白条猪,7.3,7.3,7.3,斤,,瘦,2026-09-17
肉禽蛋,猪肉类,白条猪,6.85,6.85,6.85,斤,,肥,2026-09-17
肉禽蛋,猪肉类,前臀尖,6.5,7.0,6.75,斤,,瘦,2026-09-17
肉禽蛋,猪肉类,前臀尖,6.0,6.0,6.0,斤,,肥,2026-09-17
肉禽蛋,猪肉类,后臀尖,6.5,7.0,6.75,斤,,瘦,2026-09-17
肉禽蛋,猪肉类,后臀尖,6.0,6.0,6.0,斤,,肥,2026-09-17
肉禽蛋,猪肉类,五花肉,9.5,9.5,9.5,斤,,瘦,2026-09-17
肉禽蛋,猪肉类,五花肉,8.5,8.5,8.5,斤,,肥,2026-09-17
肉禽蛋,猪肉类,精五花,11.0,11.5,11.25,斤,,,2026-09-17
肉禽蛋,猪肉类,纯通脊,8.5,9.0,8.75,斤,,,2026-09-17
肉禽蛋,猪肉类,通脊,7.0,7.5,7.25,斤,,带皮,2026-09-17
肉禽蛋,猪肉类,小里脊,9.5,10.0,9.75,斤,,,2026-09-17
肉禽蛋,猪肉类,梅花肉,9.0,9.5,9.25,斤,,,2026-09-17
肉禽蛋,猪肉类,纯瘦肉,7.5,8.0,7.75,斤,,,2026-09-17
肉禽蛋,猪肉类,护心肉,11.0,19.0,15.0,斤,,鲜,2026-09-17
肉禽蛋,猪肉类,前肘,7.5,8.0,7.75,斤,,,2026-09-17
肉禽蛋,猪肉类,后肘,5.5,6.0,5.75,斤,,,2026-09-17
肉禽蛋,猪肉类,月牙骨,15.0,16.0,15.5,斤,,,2026-09-17
肉禽蛋,猪肉类,猪尾巴,40.0,53.0,46.5,斤,,,2026-09-17
肉禽蛋,猪肉类,猪蹄,14.0,16.0,15.0,斤,,,2026-09-17
肉禽蛋,猪肉类,纯排骨,19.0,21.0,20.0,斤,,,2026-09-17
肉禽蛋,猪肉类,纯腔骨,4.5,5.5,5.0,斤,,,2026-09-17
肉禽蛋,猪肉类,腔排骨,11.5,12.5,12.0,斤,,,2026-09-17
肉禽蛋,猪肉类,梅花骨,6.5,7.0,6.75,斤,,,2026-09-17
肉禽蛋,猪肉类,棒骨,5.5,6.0,5.75,斤,,,2026-09-17
肉禽蛋,猪肉类,猪头,7.5,8.0,7.75,斤,,,2026-09-17
肉禽蛋,猪肉类,猪口条,8.5,9.0,8.75,斤,,,2026-09-17
肉禽蛋,猪肉类,猪耳,21.0,22.0,21.5,斤,,,2026-09-17
肉禽蛋,猪肉类,猪脑,15.0,18.0,16.5,斤,,,2026-09-17
肉禽蛋,猪肉类,猪肚,14.0,15.0,14.5,斤,,,2026-09-17
肉禽蛋,猪肉类,猪板油,5.0,5.5,5.25,斤,,,2026-09-17
肉禽蛋,猪肉类,肥膘肉,3.0,3.5,3.25,斤,,,2026-09-17
肉禽蛋,猪肉类,猪腰子,12.0,12.0,12.0,斤,,,2026-09-17
肉禽蛋,猪肉类,猪心,5.5,6.0,5.75,斤,,,2026-09-17
肉禽蛋,猪肉类,猪肝,4.5,5.0,4.75,斤,,,2026-09-17
肉禽蛋,猪肉类,猪肺,2.5,3.0,2.75,个,,,2026-09-17
肉禽蛋,猪肉类,猪皮,2.0,2.5,2.25,斤,,,2026-09-17
肉禽蛋,猪肉类,猪肠头,13.0,13.0,13.0,斤,,,2026-09-17
肉禽蛋,猪肉类,猪肠,10.0,10.0,10.0,斤,,,2026-09-17
肉禽蛋,猪肉类,白条猪,7.3,7.3,7.3,斤,,瘦,2026-09-16
肉禽蛋,猪肉类,白条猪,6.6,6.6,6.6,斤,,肥,2026-09-16
肉禽蛋,猪肉类,前臀尖,6.5,7.0,6.75,斤,,瘦,2026-09-16
肉禽蛋,猪肉类,前臀尖,6.0,6.0,6.0,斤,,肥,2026-09-16
肉禽蛋,猪肉类,后臀尖,6.5,7.0,6.75,斤,,瘦,2026-09-16
肉禽蛋,猪肉类,后臀尖,6.0,6.0,6.0,斤,,肥,2026-09-16
肉禽蛋,猪肉类,五花肉,9.5,9.5,9.5,斤,,瘦,2026-09-16
肉禽蛋,猪肉类,五花肉,8.5,8.5,8.5,斤,,肥,2026-09-16
肉禽蛋,猪肉类,精五花,11.0,11.5,11.25,斤,,,2026-09-16
肉禽蛋,猪肉类,纯通脊,8.5,8.5,8.5,斤,,,2026-09-16
肉禽蛋,猪肉类,通脊,7.0,7.0,7.0,斤,,带皮,2026-09-16
肉禽蛋,猪肉类,小里脊,9.5,10.0,9.75,斤,,,2026-09-16
肉禽蛋,猪肉类,梅花肉,8.5,9.0,8.75,斤,,,2026-09-16
肉禽蛋,猪肉类,纯瘦肉,7.5,7.5,7.5,斤,,,2026-09-16
肉禽蛋,猪肉类,护心肉,10.0,18.0,14.0,斤,,鲜,2026-09-16
肉禽蛋,猪肉类,前肘,7.0,8.0,7.5,斤,,,2026-09-16
肉禽蛋,猪肉类,后肘,5.0,6.0,5.5,斤,,,2026-09-16
肉禽蛋,猪肉类,月牙骨,15.0,16.0,15.5,斤,,,2026-09-16
肉禽蛋,猪肉类,猪尾巴,40.0,53.0,46.5,斤,,,2026-09-16
肉禽蛋,猪肉类,猪蹄,14.0,16.0,15.0,斤,,,2026-09-16
肉禽蛋,猪肉类,纯排骨,19.0,21.0,20.0,斤,,,2026-09-16
肉禽蛋,猪肉类,纯腔骨,4.5,5.0,4.75,斤,,,2026-09-16
肉禽蛋,猪肉类,腔排骨,11.5,12.5,12.0,斤,,,2026-09-16
肉禽蛋,猪肉类,梅花骨,6.5,7.0,6.75,斤,,,2026-09-16
肉禽蛋,猪肉类,棒骨,5.5,6.0,5.75,斤,,,2026-09-16
肉禽蛋,猪肉类,猪头,7.5,8.0,7.75,斤,,,2026-09-16
肉禽蛋,猪肉类,猪口条,8.5,9.0,8.75,斤,,,2026-09-16
肉禽蛋,猪肉类,猪耳,21.0,22.0,21.5,斤,,,2026-09-16
肉禽蛋,猪肉类,猪脑,15.0,18.0,16.5,斤,,,2026-09-16
肉禽蛋,猪肉类,猪肚,14.0,15.0,14.5,斤,,,2026-09-16
肉禽蛋,猪肉类,猪板油,5.0,5.5,5.25,斤,,,2026-09-16
肉禽蛋,猪肉类,肥膘肉,3.0,3.5,3.25,斤,,,2026-09-16
肉禽蛋,猪肉类,猪腰子,12.0,12.0,12.0,斤,,,2026-09-16
肉禽蛋,猪肉类,猪心,5.5,6.0,5.75,斤,,,2026-09-16
肉禽蛋,猪肉类,猪肝,4.5,5.0,4.75,斤,,,2026-09-16
肉禽蛋,猪肉类,猪肺,2.5,3.0,2.75,个,,,2026-09-16
肉禽蛋,猪肉类,猪皮,2.0,2.5,2.25,斤,,,2026-09-16
肉禽蛋,猪肉类,猪肠头,13.0,13.0,13.0,斤,,,2026-09-16
肉禽蛋,猪肉类,猪肠,10.0,10.0,10.0,斤,,,2026-09-16
肉禽蛋,猪肉类,白条猪,7.25,7.25,7.25,斤,,瘦,2026-09-15
肉禽蛋,猪肉类,白条猪,6.75,6.75,6.75,斤,,肥,2026-09-15
肉禽蛋,猪肉类,前臀尖,6.5,7.0,6.75,斤,,瘦,2026-09-15
肉禽蛋,猪肉类,前臀尖,6.0,6.5,6.25,斤,,肥,2026-09-15
肉禽蛋,猪肉类,后臀尖,6.5,7.0,6.75,斤,,瘦,2026-09-15
肉禽蛋,猪肉类,后臀尖,6.0,6.5,6.25,斤,,肥,2026-09-15
肉禽蛋,猪肉类,五花肉,9.5,9.5,9.5,斤,,瘦,2026-09-15
肉禽蛋,猪肉类,五花肉,8.5,8.5,8.5,斤,,肥,2026-09-15
肉禽蛋,猪肉类,精五花,11.0,11.5,11.25,斤,,,2026-09-15
肉禽蛋,猪肉类,纯通脊,8.5,8.5,8.5,斤,,,2026-09-15
肉禽蛋,猪肉类,通脊,7.0,7.0,7.0,斤,,带皮,2026-09-15
肉禽蛋,猪肉类,小里脊,9.5,10.0,9.75,斤,,,2026-09-15
肉禽蛋,猪肉类,梅花肉,8.5,9.0,8.75,斤,,,2026-09-15
肉禽蛋,猪肉类,纯瘦肉,7.5,7.5,7.5,斤,,,2026-09-15
肉禽蛋,猪肉类,护心肉,10.0,19.0,14.5,斤,,鲜,2026-09-15
肉禽蛋,猪肉类,前肘,7.0,8.0,7.5,斤,,,2026-09-15
肉禽蛋,猪肉类,后肘,5.0,6.0,5.5,斤,,,2026-09-15
肉禽蛋,猪肉类,月牙骨,15.0,16.0,15.5,斤,,,2026-09-15
肉禽蛋,猪肉类,猪尾巴,40.0,53.0,46.5,斤,,,2026-09-15
肉禽蛋,猪肉类,猪蹄,14.0,16.0,15.0,斤,,,2026-09-15
肉禽蛋,猪肉类,纯排骨,19.0,21.0,20.0,斤,,,2026-09-15
肉禽蛋,猪肉类,纯腔骨,4.5,5.0,4.75,斤,,,2026-09-15
肉禽蛋,猪肉类,腔排骨,11.5,12.5,12.0,斤,,,2026-09-15
肉禽蛋,猪肉类,梅花骨,6.5,7.5,7.0,斤,,,2026-09-15
肉禽蛋,猪肉类,棒骨,5.5,6.0,5.75,斤,,,2026-09-15
肉禽蛋,猪肉类,猪头,7.5,8.0,7.75,斤,,,2026-09-15
肉禽蛋,猪肉类,猪口条,8.5,9.0,8.75,斤,,,2026-09-15
肉禽蛋,猪肉类,猪耳,21.0,22.0,21.5,斤,,,2026-09-15
肉禽蛋,猪肉类,猪脑,15.0,18.0,16.5,斤,,,2026-09-15
肉禽蛋,猪肉类,猪肚,14.0,15.0,14.5,斤,,,2026-09-15
肉禽蛋,猪肉类,猪板油,5.0,5.5,5.25,斤,,,2026-09-15
肉禽蛋,猪肉类,肥膘肉,3.0,3.5,3.25,斤,,,2026-09-15
肉禽蛋,猪肉类,猪腰子,12.0,12.0,12.0,斤,,,2026-09-15
肉禽蛋,猪肉类,猪心,5.5,6.0,5.75,斤,,,2026-09-15
肉禽蛋,猪肉类,猪肝,4.5,5.0,4.75,斤,,,2026-09-15
肉禽蛋,猪肉类,猪肺,2.5,3.0,2.75,个,,,2026-09-15
肉禽蛋,猪肉类,猪皮,2.0,2.5,2.25,斤,,,2026-09-15
肉禽蛋,猪肉类,猪肠头,13.0,13.0,13.0,斤,,,2026-09-15
肉禽蛋,猪肉类,猪肠,10.0,10.0,10.0,斤,,,2026-09-15
肉禽蛋,猪肉类,白条猪,7.3,7.3,7.3,斤,,瘦,2026-09-14
肉禽蛋,猪肉类,白条猪,6.7,6.7,6.7,斤,,肥,2026-09-14
肉禽蛋,猪肉类,前臀尖,6.5,7.0,6.75,斤,,瘦,2026-09-14
肉禽蛋,猪肉类,前臀尖,6.0,6.0,6.0,斤,,肥,2026-09-14
肉禽蛋,猪肉类,后臀尖,6.5,7.0,6.75,斤,,瘦,2026-09-14
肉禽蛋,猪肉类,后臀尖,6.0,6.0,6.0,斤,,肥,2026-09-14
肉禽蛋,猪肉类,五花肉,9.0,9.5,9.25,斤,,瘦,2026-09-14
肉禽蛋,猪肉类,五花肉,8.0,8.5,8.25,斤,,肥,2026-09-14
肉禽蛋,猪肉类,精五花,11.0,11.5,11.25,斤,,,2026-09-14
肉禽蛋,猪肉类,纯通脊,8.5,8.5,8.5,斤,,,2026-09-14
肉禽蛋,猪肉类,通脊,7.0,7.0,7.0,斤,,带皮,2026-09-14
肉禽蛋,猪肉类,小里脊,9.5,10.0,9.75,斤,,,2026-09-14
肉禽蛋,猪肉类,梅花肉,8.5,9.0,8.75,斤,,,2026-09-14
肉禽蛋,猪肉类,纯瘦肉,7.5,7.5,7.5,斤,,,2026-09-14
肉禽蛋,猪肉类,护心肉,10.0,19.0,14.5,斤,,鲜,2026-09-14
肉禽蛋,猪肉类,前肘,7.0,8.0,7.5,斤,,,2026-09-14
肉禽蛋,猪肉类,后肘,5.0,6.0,5.5,斤,,,2026-09-14
肉禽蛋,猪肉类,月牙骨,15.0,16.0,15.5,斤,,,2026-09-14
肉禽蛋,猪肉类,猪尾巴,40.0,53.0,46.5,斤,,,2026-09-14
肉禽蛋,猪肉类,猪蹄,14.0,16.0,15.0,斤,,,2026-09-14
肉禽蛋,猪肉类,纯排骨,19.0,20.0,19.5,斤,,,2026-09-14
肉禽蛋,猪肉类,纯腔骨,4.5,5.0,4.75,斤,,,2026-09-14
肉禽蛋,猪肉类,腔排骨,11.5,12.0,11.75,斤,,,2026-09-14
肉禽蛋,猪肉类,梅花骨,6.5,7.0,6.75,斤,,,2026-09-14
肉禽蛋,猪肉类,棒骨,5.5,6.0,5.75,斤,,,2026-09-14
肉禽蛋,猪肉类,猪头,7.5,8.0,7.75,斤,,,2026-09-14
肉禽蛋,猪肉类,猪口条,8.5,9.0,8.75,斤,,,2026-09-14
肉禽蛋,猪肉类,猪耳,21.0,22.0,21.5,斤,,,2026-09-14
肉禽蛋,猪肉类,猪脑,15.0,18.0,16.5,斤,,,2026-09-14
肉禽蛋,猪肉类,猪肚,14.0,15.0,14.5,斤,,,2026-09-14
肉禽蛋,猪肉类,猪板油,5.0,5.5,5.25,斤,,,2026-09-14
肉禽蛋,猪肉类,肥膘肉,3.0,3.5,3.25,斤,,,2026-09-14
肉禽蛋,猪肉类,猪腰子,12.0,12.0,12.0,斤,,,2026-09-14
肉禽蛋,猪肉类,猪心,5.5,6.0,5.75,斤,,,2026-09-14
肉禽蛋,猪肉类,猪肝,4.5,5.0,4.75,斤,,,2026-09-14
肉禽蛋,猪肉类,猪肺,2.5,3.0,2.75,个,,,2026-09-14
肉禽蛋,猪肉类,猪皮,2.0,2.5,2.25,斤,,,2026-09-14
肉禽蛋,猪肉类,猪肠头,13.0,13.0,13.0,斤,,,2026-09-14
肉禽蛋,猪肉类,猪肠,10.0,10.0,10.0,斤,,,2026-09-14
肉禽蛋,猪肉类,白条猪,7.3,7.3,7.3,斤,,瘦,2026-09-13
肉禽蛋,猪肉类,白条猪,6.5,6.5,6.5,斤,,肥,2026-09-13
肉禽蛋,猪肉类,前臀尖,6.5,7.0,6.75,斤,,瘦,2026-09-13
肉禽蛋,猪肉类,前臀尖,6.0,6.0,6.0,斤,,肥,2026-09-13
肉禽蛋,猪肉类,后臀尖,6.5,7.0,6.75,斤,,瘦,2026-09-13
肉禽蛋,猪肉类,后臀尖,6.0,6.0,6.0,斤,,肥,2026-09-13
肉禽蛋,猪肉类,五花肉,9.0,9.5,9.25,斤,,瘦,2026-09-13
肉禽蛋,猪肉类,五花肉,8.0,8.5,8.25,斤,,肥,2026-09-13
肉禽蛋,猪肉类,精五花,11.0,11.5,11.25,斤,,,2026-09-13
肉禽蛋,猪肉类,纯通脊,8.5,8.5,8.5,斤,,,2026-09-13
肉禽蛋,猪肉类,通脊,7.0,7.0,7.0,斤,,带皮,2026-09-13
肉禽蛋,猪肉类,小里脊,9.5,10.0,9.75,斤,,,2026-09-13
肉禽蛋,猪肉类,梅花肉,8.5,9.5,9.0,斤,,,2026-09-13
肉禽蛋,猪肉类,纯瘦肉,7.5,7.5,7.5,斤,,,2026-09-13
肉禽蛋,猪肉类,护心肉,10.0,19.0,14.5,斤,,鲜,2026-09-13
肉禽蛋,猪肉类,前肘,6.5,7.5,7.0,斤,,,2026-09-13
肉禽蛋,猪肉类,后肘,5.0,6.0,5.5,斤,,,2026-09-13
肉禽蛋,猪肉类,月牙骨,15.0,16.0,15.5,斤,,,2026-09-13
肉禽蛋,猪肉类,猪尾巴,40.0,53.0,46.5,斤,,,2026-09-13
肉禽蛋,猪肉类,猪蹄,14.0,16.0,15.0,斤,,,2026-09-13
肉禽蛋,猪肉类,纯排骨,18.0,20.0,19.0,斤,,,2026-09-13
肉禽蛋,猪肉类,纯腔骨,4.5,5.0,4.75,斤,,,2026-09-13
肉禽蛋,猪肉类,腔排骨,11.5,12.0,11.75,斤,,,2026-09-13
肉禽蛋,猪肉类,梅花骨,6.0,6.5,6.25,斤,,,2026-09-13
肉禽蛋,猪肉类,棒骨,5.5,6.0,5.75,斤,,,2026-09-13
肉禽蛋,猪肉类,猪头,7.5,8.0,7.75,斤,,,2026-09-13
肉禽蛋,猪肉类,猪口条,8.5,9.0,8.75,斤,,,2026-09-13
肉禽蛋,猪肉类,猪耳,21.0,22.0,21.5,斤,,,2026-09-13
肉禽蛋,猪肉类,猪脑,15.0,18.0,16.5,斤,,,2026-09-13
肉禽蛋,猪肉类,猪肚,14.0,15.0,14.5,斤,,,2026-09-13
肉禽蛋,猪肉类,猪板油,5.0,5.5,5.25,斤,,,2026-09-13
肉禽蛋,猪肉类,肥膘肉,3.0,3.5,3.25,斤,,,2026-09-13
肉禽蛋,猪肉类,猪腰子,12.0,12.0,12.0,斤,,,2026-09-13
肉禽蛋,猪肉类,猪心,5.5,6.0,5.75,斤,,,2026-09-13
肉禽蛋,猪肉类,猪肝,4.5,5.0,4.75,斤,,,2026-09-13
肉禽蛋,猪肉类,猪肺,2.0,2.5,2.25,个,,,2026-09-13
肉禽蛋,猪肉类,猪皮,2.0,2.5,2.25,斤,,,2026-09-13
肉禽蛋,猪肉类,猪肠头,13.0,13.0,13.0,斤,,,2026-09-13
肉禽蛋,猪肉类,猪肠,10.0,10.0,10.0,斤,,,2026-09-13
肉禽蛋,猪肉类,白条猪,7.3,7.3,7.3,斤,,瘦,2026-09-12
肉禽蛋,猪肉类,白条猪,6.5,6.5,6.5,斤,,肥,2026-09-12
肉禽蛋,猪肉类,前臀尖,6.5,7.0,6.75,斤,,瘦,2026-09-12
肉禽蛋,猪肉类,前臀尖,6.0,6.0,6.0,斤,,肥,2026-09-12
肉禽蛋,猪肉类,后臀尖,6.5,7.0,6.75,斤,,瘦,2026-09-12
肉禽蛋,猪肉类,后臀尖,6.0,6.0,6.0,斤,,肥,2026-09-12
肉禽蛋,猪肉类,五花肉,9.0,9.5,9.25,斤,,瘦,2026-09-12
肉禽蛋,猪肉类,五花肉,8.0,8.5,8.25,斤,,肥,2026-09-12
肉禽蛋,猪肉类,精五花,11.0,11.5,11.25,斤,,,2026-09-12
肉禽蛋,猪肉类,纯通脊,8.5,8.5,8.5,斤,,,2026-09-12
肉禽蛋,猪肉类,通脊,7.0,7.0,7.0,斤,,带皮,2026-09-12
肉禽蛋,猪肉类,小里脊,9.5,10.0,9.75,斤,,,2026-09-12
肉禽蛋,猪肉类,梅花肉,8.5,9.5,9.0,斤,,,2026-09-12
肉禽蛋,猪肉类,纯瘦肉,7.5,7.5,7.5,斤,,,2026-09-12
肉禽蛋,猪肉类,护心肉,10.0,19.0,14.5,斤,,鲜,2026-09-12
肉禽蛋,猪肉类,前肘,6.5,7.5,7.0,斤,,,2026-09-12
肉禽蛋,猪肉类,后肘,5.0,6.0,5.5,斤,,,2026-09-12
肉禽蛋,猪肉类,月牙骨,15.0,16.0,15.5,斤,,,2026-09-12
肉禽蛋,猪肉类,猪尾巴,40.0,53.0,46.5,斤,,,2026-09-12
肉禽蛋,猪肉类,猪蹄,14.0,16.0,15.0,斤,,,2026-09-12
肉禽蛋,猪肉类,纯排骨,18.0,20.0,19.0,斤,,,2026-09-12
肉禽蛋,猪肉类,纯腔骨,4.5,5.0,4.75,斤,,,2026-09-12
肉禽蛋,猪肉类,腔排骨,11.5,12.0,11.75,斤,,,2026-09-12
肉禽蛋,猪肉类,梅花骨,6.0,6.5,6.25,斤,,,2026-09-12
肉禽蛋,猪肉类,棒骨,5.5,6.0,5.75,斤,,,2026-09-12
肉禽蛋,猪肉类,猪头,7.5,8.0,7.75,斤,,,2026-09-12
肉禽蛋,猪肉类,猪口条,8.5,9.0,8.75,斤,,,2026-09-12
肉禽蛋,猪肉类,猪耳,21.0,22.0,21.5,斤,,,2026-09-12
肉禽蛋,猪肉类,猪脑,15.0,18.0,16.5,斤,,,2026-09-12
肉禽蛋,猪肉类,猪肚,14.0,15.0,14.5,斤,,,2026-09-12
肉禽蛋,猪肉类,猪板油,5.0,5.5,5.25,斤,,,2026-09-12
肉禽蛋,猪肉类,肥膘肉,3.0,3.5,3.25,斤,,,2026-09-12
肉禽蛋,猪肉类,猪腰子,12.0,12.0,12.0,斤,,,2026-09-12
肉禽蛋,猪肉类,猪心,5.5,6.0,5.75,斤,,,2026-09-12
肉禽蛋,猪肉类,猪肝,4.5,5.0,4.75,斤,,,2026-09-12
肉禽蛋,猪肉类,猪肺,2.0,2.5,2.25,个,,,2026-09-12
肉禽蛋,猪肉类,猪皮,2.0,2.5,2.25,斤,,,2026-09-12
肉禽蛋,猪肉类,猪肠头,13.0,13.0,13.0,斤,,,2026-09-12
肉禽蛋,猪肉类,猪肠,10.0,10.0,10.0,斤,,,2026-09-12
肉禽蛋,猪肉类,白条猪,7.3,7.3,7.3,斤,,瘦,2026-09-11
肉禽蛋,猪肉类,白条猪,6.5,6.5,6.5,斤,,肥,2026-09-11
肉禽蛋,猪肉类,前臀尖,6.5,7.0,6.75,斤,,瘦,2026-09-11
肉禽蛋,猪肉类,前臀尖,6.0,6.0,6.0,斤,,肥,2026-09-11
肉禽蛋,猪肉类,后臀尖,6.5,7.0,6.75,斤,,瘦,2026-09-11
肉禽蛋,猪肉类,后臀尖,6.0,6.0,6.0,斤,,肥,2026-09-11
肉禽蛋,猪肉类,五花肉,9.0,9.5,9.25,斤,,瘦,2026-09-11
肉禽蛋,猪肉类,五花肉,8.0,8.5,8.25,斤,,肥,2026-09-11
肉禽蛋,猪肉类,精五花,11.0,11.5,11.25,斤,,,2026-09-11
肉禽蛋,猪肉类,纯通脊,8.5,8.5,8.5,斤,,,2026-09-11
肉禽蛋,猪肉类,通脊,7.0,7.0,7.0,斤,,带皮,2026-09-11
肉禽蛋,猪肉类,小里脊,9.5,10.0,9.75,斤,,,2026-09-11
肉禽蛋,猪肉类,梅花肉,8.5,9.5,9.0,斤,,,2026-09-11
肉禽蛋,猪肉类,纯瘦肉,7.5,8.0,7.75,斤,,,2026-09-11
肉禽蛋,猪肉类,护心肉,10.0,19.0,14.5,斤,,鲜,2026-09-11
肉禽蛋,猪肉类,前肘,6.5,7.5,7.0,斤,,,2026-09-11
肉禽蛋,猪肉类,后肘,5.0,6.0,5.5,斤,,,2026-09-11
肉禽蛋,猪肉类,月牙骨,15.0,16.0,15.5,斤,,,2026-09-11
肉禽蛋,猪肉类,猪尾巴,40.0,53.0,46.5,斤,,,2026-09-11
肉禽蛋,猪肉类,猪蹄,14.0,16.0,15.0,斤,,,2026-09-11
肉禽蛋,猪肉类,纯排骨,18.0,20.0,19.0,斤,,,2026-09-11
肉禽蛋,猪肉类,纯腔骨,4.5,5.0,4.75,斤,,,2026-09-11
肉禽蛋,猪肉类,腔排骨,11.5,12.0,11.75,斤,,,2026-09-11
肉禽蛋,猪肉类,梅花骨,6.0,6.5,6.25,斤,,,2026-09-11
肉禽蛋,猪肉类,棒骨,5.5,6.0,5.75,斤,,,2026-09-11
肉禽蛋,猪肉类,猪头,7.5,8.0,7.75,斤,,,2026-09-11
肉禽蛋,猪肉类,猪口条,8.5,9.0,8.75,斤,,,2026-09-11
肉禽蛋,猪肉类,猪耳,21.0,22.0,21.5,斤,,,2026-09-11
肉禽蛋,猪肉类,猪脑,15.0,18.0,16.5,斤,,,2026-09-11
肉禽蛋,猪肉类,猪肚,14.0,15.0,14.5,斤,,,2026-09-11
肉禽蛋,猪肉类,猪板油,5.0,5.5,5.25,斤,,,2026-09-11
肉禽蛋,猪肉类,肥膘肉,3.0,3.5,3.25,斤,,,2026-09-11
肉禽蛋,猪肉类,猪腰子,12.0,12.0,12.0,斤,,,2026-09-11
肉禽蛋,猪肉类,猪心,5.5,6.0,5.75,斤,,,2026-09-11
肉禽蛋,猪肉类,猪肝,4.5,5.0,4.75,斤,,,2026-09-11
肉禽蛋,猪肉类,猪肺,2.0,2.5,2.25,个,,,2026-09-11
肉禽蛋,猪肉类,猪皮,2.0,2.5,2.25,斤,,,2026-09-11
肉禽蛋,猪肉类,猪肠头,13.0,13.0,13.0,斤,,,2026-09-11
肉禽蛋,猪肉类,猪肠,10.0,10.0,10.0,斤,,,2026-09-11
肉禽蛋,猪肉类,白条猪,7.4,7.4,7.4,斤,,瘦,2026-09-10
肉禽蛋,猪肉类,白条猪,6.5,6.5,6.5,斤,,肥,2026-09-10
肉禽蛋,猪肉类,前臀尖,6.5,7.0,6.75,斤,,瘦,2026-09-10
肉禽蛋,猪肉类,前臀尖,6.0,6.0,6.0,斤,,肥,2026-09-10
肉禽蛋,猪肉类,后臀尖,6.5,7.0,6.75,斤,,瘦,2026-09-10
肉禽蛋,猪肉类,后臀尖,6.0,6.0,6.0,斤,,肥,2026-09-10
肉禽蛋,猪肉类,五花肉,9.0,9.5,9.25,斤,,瘦,2026-09-10
肉禽蛋,猪肉类,五花肉,8.0,8.5,8.25,斤,,肥,2026-09-10
肉禽蛋,猪肉类,精五花,11.0,11.5,11.25,斤,,,2026-09-10
肉禽蛋,猪肉类,纯通脊,8.5,8.5,8.5,斤,,,2026-09-10
肉禽蛋,猪肉类,通脊,7.0,7.0,7.0,斤,,带皮,2026-09-10
肉禽蛋,猪肉类,小里脊,9.5,9.5,9.5,斤,,,2026-09-10
肉禽蛋,猪肉类,梅花肉,8.5,9.5,9.0,斤,,,2026-09-10
肉禽蛋,猪肉类,纯瘦肉,7.5,8.0,7.75,斤,,,2026-09-10
肉禽蛋,猪肉类,护心肉,10.0,19.0,14.5,斤,,鲜,2026-09-10
肉禽蛋,猪肉类,前肘,6.5,7.0,6.75,斤,,,2026-09-10
肉禽蛋,猪肉类,后肘,5.0,6.0,5.5,斤,,,2026-09-10
肉禽蛋,猪肉类,月牙骨,15.0,16.0,15.5,斤,,,2026-09-10
肉禽蛋,猪肉类,猪尾巴,40.0,53.0,46.5,斤,,,2026-09-10
肉禽蛋,猪肉类,猪蹄,14.0,15.0,14.5,斤,,,2026-09-10
肉禽蛋,猪肉类,纯排骨,18.0,19.0,18.5,斤,,,2026-09-10
肉禽蛋,猪肉类,纯腔骨,4.5,5.0,4.75,斤,,,2026-09-10
肉禽蛋,猪肉类,腔排骨,11.5,12.0,11.75,斤,,,2026-09-10
肉禽蛋,猪肉类,梅花骨,6.0,6.5,6.25,斤,,,2026-09-10
肉禽蛋,猪肉类,棒骨,5.5,6.0,5.75,斤,,,2026-09-10
肉禽蛋,猪肉类,猪头,7.5,8.0,7.75,斤,,,2026-09-10
肉禽蛋,猪肉类,猪口条,8.5,9.0,8.75,斤,,,2026-09-10
肉禽蛋,猪肉类,猪耳,21.0,22.0,21.5,斤,,,2026-09-10
肉禽蛋,猪肉类,猪脑,15.0,18.0,16.5,斤,,,2026-09-10
肉禽蛋,猪肉类,猪肚,14.0,15.0,14.5,斤,,,2026-09-10
肉禽蛋,猪肉类,猪板油,5.0,5.5,5.25,斤,,,2026-09-10
肉禽蛋,猪肉类,肥膘肉,3.0,3.5,3.25,斤,,,2026-09-10
肉禽蛋,猪肉类,猪腰子,12.0,12.0,12.0,斤,,,2026-09-10
肉禽蛋,猪肉类,猪心,5.5,6.0,5.75,斤,,,2026-09-10
肉禽蛋,猪肉类,猪肝,4.5,5.0,4.75,斤,,,2026-09-10
肉禽蛋,猪肉类,猪肺,2.0,2.5,2.25,个,,,2026-09-10
肉禽蛋,猪肉类,猪皮,2.0,2.5,2.25,斤,,,2026-09-10
肉禽蛋,猪肉类,猪肠头,13.0,13.0,13.0,斤,,,2026-09-10
肉禽蛋,猪肉类,猪肠,10.0,10.0,10.0,斤,,,2026-09-10
肉禽蛋,猪肉类,白条猪,7.4,7.4,7.4,斤,,瘦,2026-09-09
肉禽蛋,猪肉类,白条猪,6.5,6.5,6.5,斤,,肥,2026-09-09
肉禽蛋,猪肉类,前臀尖,6.5,7.0,6.75,斤,,瘦,2026-09-09
肉禽蛋,猪肉类,前臀尖,6.0,6.0,6.0,斤,,肥,2026-09-09
肉禽蛋,猪肉类,后臀尖,6.5,7.0,6.75,斤,,瘦,2026-09-09
肉禽蛋,猪肉类,后臀尖,6.0,6.0,6.0,斤,,肥,2026-09-09
肉禽蛋,猪肉类,五花肉,9.0,9.5,9.25,斤,,瘦,2026-09-09
肉禽蛋,猪肉类,五花肉,8.0,8.5,8.25,斤,,肥,2026-09-09
肉禽蛋,猪肉类,精五花,10.5,11.5,11.0,斤,,,2026-09-09
肉禽蛋,猪肉类,纯通脊,8.0,8.5,8.25,斤,,,2026-09-09
肉禽蛋,猪肉类,通脊,7.0,7.0,7.0,斤,,带皮,2026-09-09
肉禽蛋,猪肉类,小里脊,9.5,9.5,9.5,斤,,,2026-09-09
肉禽蛋,猪肉类,梅花肉,8.5,9.5,9.0,斤,,,2026-09-09
肉禽蛋,猪肉类,纯瘦肉,7.5,8.0,7.75,斤,,,2026-09-09
肉禽蛋,猪肉类,护心肉,10.0,19.0,14.5,斤,,鲜,2026-09-09
肉禽蛋,猪肉类,前肘,6.5,7.0,6.75,斤,,,2026-09-09
肉禽蛋,猪肉类,后肘,5.0,6.0,5.5,斤,,,2026-09-09
肉禽蛋,猪肉类,月牙骨,15.0,16.0,15.5,斤,,,2026-09-09
肉禽蛋,猪肉类,猪尾巴,40.0,53.0,46.5,斤,,,2026-09-09
肉禽蛋,猪肉类,猪蹄,14.0,15.0,14.5,斤,,,2026-09-09
肉禽蛋,猪肉类,纯排骨,18.0,19.0,18.5,斤,,,2026-09-09
肉禽蛋,猪肉类,纯腔骨,4.5,5.0,4.75,斤,,,2026-09-09
肉禽蛋,猪肉类,腔排骨,11.5,12.0,11.75,斤,,,2026-09-09
肉禽蛋,猪肉类,梅花骨,6.0,6.5,6.25,斤,,,2026-09-09
肉禽蛋,猪肉类,棒骨,5.5,6.0,5.75,斤,,,2026-09-09
肉禽蛋,猪肉类,猪头,7.0,7.5,7.25,斤,,,2026-09-09
肉禽蛋,猪肉类,猪口条,8.5,9.0,8.75,斤,,,2026-09-09
肉禽蛋,猪肉类,猪耳,21.0,22.0,21.5,斤,,,2026-09-09
肉禽蛋,猪肉类,猪脑,15.0,18.0,16.5,斤,,,2026-09-09
肉禽蛋,猪肉类,猪肚,14.0,15.0,14.5,斤,,,2026-09-09
肉禽蛋,猪肉类,猪板油,5.0,5.5,5.25,斤,,,2026-09-09
肉禽蛋,猪肉类,肥膘肉,3.0,3.5,3.25,斤,,,2026-09-09
肉禽蛋,猪肉类,猪腰子,12.0,12.0,12.0,斤,,,2026-09-09
肉禽蛋,猪肉类,猪心,5.5,6.0,5.75,斤,,,2026-09-09
肉禽蛋,猪肉类,猪肝,4.5,5.0,4.75,斤,,,2026-09-09
肉禽蛋,猪肉类,猪肺,2.0,2.5,2.25,个,,,2026-09-09
肉禽蛋,猪肉类,猪皮,2.0,2.5,2.25,斤,,,2026-09-09
肉禽蛋,猪肉类,猪肠头,13.0,13.0,13.0,斤,,,2026-09-09
肉禽蛋,猪肉类,猪肠,10.0,10.0,10.0,斤,,,2026-09-09
肉禽蛋,猪肉类,白条猪,7.5,7.5,7.5,斤,,瘦,2026-09-08
肉禽蛋,猪肉类,白条猪,6.5,6.5,6.5,斤,,肥,2026-09-08
肉禽蛋,猪肉类,前臀尖,6.5,7.0,6.75,斤,,瘦,2026-09-08
肉禽蛋,猪肉类,前臀尖,6.0,6.5,6.25,斤,,肥,2026-09-08
肉禽蛋,猪肉类,后臀尖,6.5,7.0,6.75,斤,,瘦,2026-09-08
肉禽蛋,猪肉类,后臀尖,6.0,6.5,6.25,斤,,肥,2026-09-08
肉禽蛋,猪肉类,五花肉,9.0,9.5,9.25,斤,,瘦,2026-09-08
肉禽蛋,猪肉类,五花肉,8.0,8.5,8.25,斤,,肥,2026-09-08
肉禽蛋,猪肉类,精五花,10.5,11.5,11.0,斤,,,2026-09-08
肉禽蛋,猪肉类,纯通脊,8.0,8.5,8.25,斤,,,2026-09-08
肉禽蛋,猪肉类,通脊,7.0,7.0,7.0,斤,,带皮,2026-09-08
肉禽蛋,猪肉类,小里脊,9.5,10.0,9.75,斤,,,2026-09-08
肉禽蛋,猪肉类,梅花肉,8.5,9.5,9.0,斤,,,2026-09-08
肉禽蛋,猪肉类,纯瘦肉,7.5,8.0,7.75,斤,,,2026-09-08
肉禽蛋,猪肉类,护心肉,10.0,19.0,14.5,斤,,鲜,2026-09-08
肉禽蛋,猪肉类,前肘,6.5,7.0,6.75,斤,,,2026-09-08
肉禽蛋,猪肉类,后肘,5.0,6.0,5.5,斤,,,2026-09-08
肉禽蛋,猪肉类,月牙骨,15.0,16.0,15.5,斤,,,2026-09-08
肉禽蛋,猪肉类,猪尾巴,40.0,53.0,46.5,斤,,,2026-09-08
肉禽蛋,猪肉类,猪蹄,14.0,15.0,14.5,斤,,,2026-09-08
肉禽蛋,猪肉类,纯排骨,18.0,19.0,18.5,斤,,,2026-09-08
肉禽蛋,猪肉类,纯腔骨,4.5,5.0,4.75,斤,,,2026-09-08
肉禽蛋,猪肉类,腔排骨,11.5,12.0,11.75,斤,,,2026-09-08
肉禽蛋,猪肉类,梅花骨,6.0,6.5,6.25,斤,,,2026-09-08
肉禽蛋,猪肉类,棒骨,5.5,6.0,5.75,斤,,,2026-09-08
肉禽蛋,猪肉类,猪头,7.0,7.5,7.25,斤,,,2026-09-08
肉禽蛋,猪肉类,猪口条,8.5,9.0,8.75,斤,,,2026-09-08
肉禽蛋,猪肉类,猪耳,21.0,22.0,21.5,斤,,,2026-09-08
肉禽蛋,猪肉类,猪脑,15.0,18.0,16.5,斤,,,2026-09-08
肉禽蛋,猪肉类,猪肚,14.0,15.0,14.5,斤,,,2026-09-08
肉禽蛋,猪肉类,猪板油,5.0,5.5,5.25,斤,,,2026-09-08
肉禽蛋,猪肉类,肥膘肉,3.0,3.5,3.25,斤,,,2026-09-08
肉禽蛋,猪肉类,猪腰子,12.0,12.0,12.0,斤,,,2026-09-08
肉禽蛋,猪肉类,猪心,5.5,6.0,5.75,斤,,,2026-09-08
肉禽蛋,猪肉类,猪肝,4.5,5.0,4.75,斤,,,2026-09-08
肉禽蛋,猪肉类,猪肺,2.0,2.5,2.25,个,,,2026-09-08
肉禽蛋,猪肉类,猪皮,2.0,2.5,2.25,斤,,,2026-09-08
肉禽蛋,猪肉类,猪肠头,13.0,13.0,13.0,斤,,,2026-09-08
肉禽蛋,猪肉类,猪肠,10.0,10.0,10.0,斤,,,2026-09-08
肉禽蛋,猪肉类,白条猪,7.5,7.5,7.5,斤,,瘦,2026-09-07
肉禽蛋,猪肉类,白条猪,6.8,6.8,6.8,斤,,肥,2026-09-07
肉禽蛋,猪肉类,前臀尖,7.0,7.0,7.0,斤,,瘦,2026-09-07
肉禽蛋,猪肉类,前臀尖,6.0,6.5,6.25,斤,,肥,2026-09-07
肉禽蛋,猪肉类,后臀尖,7.0,7.0,7.0,斤,,瘦,2026-09-07
肉禽蛋,猪肉类,后臀尖,6.0,6.5,6.25,斤,,肥,2026-09-07
肉禽蛋,猪肉类,五花肉,9.0,9.5,9.25,斤,,瘦,2026-09-07
肉禽蛋,猪肉类,五花肉,8.0,8.5,8.25,斤,,肥,2026-09-07
肉禽蛋,猪肉类,精五花,10.5,11.5,11.0,斤,,,2026-09-07
肉禽蛋,猪肉类,纯通脊,8.5,8.5,8.5,斤,,,2026-09-07
肉禽蛋,猪肉类,通脊,7.0,7.0,7.0,斤,,带皮,2026-09-07
肉禽蛋,猪肉类,小里脊,9.5,10.0,9.75,斤,,,2026-09-07
肉禽蛋,猪肉类,梅花肉,8.5,9.5,9.0,斤,,,2026-09-07
肉禽蛋,猪肉类,纯瘦肉,7.5,8.0,7.75,斤,,,2026-09-07
肉禽蛋,猪肉类,护心肉,10.0,19.0,14.5,斤,,鲜,2026-09-07
肉禽蛋,猪肉类,前肘,6.5,7.0,6.75,斤,,,2026-09-07
肉禽蛋,猪肉类,后肘,5.0,6.0,5.5,斤,,,2026-09-07
肉禽蛋,猪肉类,月牙骨,15.0,16.0,15.5,斤,,,2026-09-07
肉禽蛋,猪肉类,猪尾巴,40.0,53.0,46.5,斤,,,2026-09-07
肉禽蛋,猪肉类,猪蹄,14.0,15.0,14.5,斤,,,2026-09-07
肉禽蛋,猪肉类,纯排骨,18.0,19.0,18.5,斤,,,2026-09-07
肉禽蛋,猪肉类,纯腔骨,4.5,5.0,4.75,斤,,,2026-09-07
肉禽蛋,猪肉类,腔排骨,11.5,12.0,11.75,斤,,,2026-09-07
肉禽蛋,猪肉类,梅花骨,6.0,6.5,6.25,斤,,,2026-09-07
肉禽蛋,猪肉类,棒骨,5.5,6.0,5.75,斤,,,2026-09-07
肉禽蛋,猪肉类,猪头,7.0,7.5,7.25,斤,,,2026-09-07
肉禽蛋,猪肉类,猪口条,8.5,9.0,8.75,斤,,,2026-09-07
肉禽蛋,猪肉类,猪耳,21.0,22.0,21.5,斤,,,2026-09-07
肉禽蛋,猪肉类,猪脑,15.0,18.0,16.5,斤,,,2026-09-07
肉禽蛋,猪肉类,猪肚,14.0,15.0,14.5,斤,,,2026-09-07
肉禽蛋,猪肉类,猪板油,5.0,5.5,5.25,斤,,,2026-09-07
肉禽蛋,猪肉类,肥膘肉,3.0,3.5,3.25,斤,,,2026-09-07
肉禽蛋,猪肉类,猪腰子,12.0,12.0,12.0,斤,,,2026-09-07
肉禽蛋,猪肉类,猪心,5.5,6.0,5.75,斤,,,2026-09-07
肉禽蛋,猪肉类,猪肝,4.5,5.0,4.75,斤,,,2026-09-07
肉禽蛋,猪肉类,猪肺,2.0,2.5,2.25,个,,,2026-09-07
肉禽蛋,猪肉类,猪皮,2.0,2.5,2.25,斤,,,2026-09-07
肉禽蛋,猪肉类,猪肠头,13.0,13.0,13.0,斤,,,2026-09-07
肉禽蛋,猪肉类,猪肠,10.0,10.0,10.0,斤,,,2026-09-07
肉禽蛋,猪肉类,白条猪,7.5,7.5,7.5,斤,,瘦,2026-09-06
肉禽蛋,猪肉类,白条猪,6.7,6.7,6.7,斤,,肥,2026-09-06
肉禽蛋,猪肉类,前臀尖,7.0,7.0,7.0,斤,,瘦,2026-09-06
肉禽蛋,猪肉类,前臀尖,6.0,6.0,6.0,斤,,肥,2026-09-06
肉禽蛋,猪肉类,后臀尖,7.0,7.0,7.0,斤,,瘦,2026-09-06
肉禽蛋,猪肉类,后臀尖,6.0,6.0,6.0,斤,,肥,2026-09-06
肉禽蛋,猪肉类,五花肉,9.0,9.5,9.25,斤,,瘦,2026-09-06
肉禽蛋,猪肉类,五花肉,8.0,8.5,8.25,斤,,肥,2026-09-06
肉禽蛋,猪肉类,精五花,10.5,11.5,11.0,斤,,,2026-09-06
肉禽蛋,猪肉类,纯通脊,8.5,8.5,8.5,斤,,,2026-09-06
肉禽蛋,猪肉类,通脊,7.0,7.0,7.0,斤,,带皮,2026-09-06
肉禽蛋,猪肉类,小里脊,9.5,10.0,9.75,斤,,,2026-09-06
肉禽蛋,猪肉类,梅花肉,8.5,9.5,9.0,斤,,,2026-09-06
肉禽蛋,猪肉类,纯瘦肉,7.5,8.0,7.75,斤,,,2026-09-06
肉禽蛋,猪肉类,护心肉,10.0,19.0,14.5,斤,,鲜,2026-09-06
肉禽蛋,猪肉类,前肘,6.5,7.0,6.75,斤,,,2026-09-06
肉禽蛋,猪肉类,后肘,5.0,6.0,5.5,斤,,,2026-09-06
肉禽蛋,猪肉类,月牙骨,15.0,16.0,15.5,斤,,,2026-09-06
肉禽蛋,猪肉类,猪尾巴,40.0,53.0,46.5,斤,,,2026-09-06
肉禽蛋,猪肉类,猪蹄,14.0,15.0,14.5,斤,,,2026-09-06
肉禽蛋,猪肉类,纯排骨,18.0,19.0,18.5,斤,,,2026-09-06
肉禽蛋,猪肉类,纯腔骨,4.5,5.0,4.75,斤,,,2026-09-06
肉禽蛋,猪肉类,腔排骨,11.5,12.0,11.75,斤,,,2026-09-06
肉禽蛋,猪肉类,梅花骨,6.0,6.0,6.0,斤,,,2026-09-06
肉禽蛋,猪肉类,棒骨,5.5,6.0,5.75,斤,,,2026-09-06
肉禽蛋,猪肉类,猪头,7.0,7.5,7.25,斤,,,2026-09-06
肉禽蛋,猪肉类,猪口条,8.5,9.0,8.75,斤,,,2026-09-06
肉禽蛋,猪肉类,猪耳,21.0,22.0,21.5,斤,,,2026-09-06
肉禽蛋,猪肉类,猪脑,15.0,18.0,16.5,斤,,,2026-09-06
肉禽蛋,猪肉类,猪肚,14.0,15.0,14.5,斤,,,2026-09-06
肉禽蛋,猪肉类,猪板油,5.0,5.5,5.25,斤,,,2026-09-06
肉禽蛋,猪肉类,肥膘肉,3.0,3.5,3.25,斤,,,2026-09-06
肉禽蛋,猪肉类,猪腰子,12.0,12.0,12.0,斤,,,2026-09-06
肉禽蛋,猪肉类,猪心,5.5,6.0,5.75,斤,,,2026-09-06
肉禽蛋,猪肉类,猪肝,4.5,5.0,4.75,斤,,,2026-09-06
肉禽蛋,猪肉类,猪肺,2.0,2.5,2.25,个,,,2026-09-06
肉禽蛋,猪肉类,猪皮,2.0,2.0,2.0,斤,,,2026-09-06
肉禽蛋,猪肉类,猪肠头,13.0,13.0,13.0,斤,,,2026-09-06
肉禽蛋,猪肉类,猪肠,10.0,10.0,10.0,斤,,,2026-09-06
肉禽蛋,猪肉类,白条猪,7.4,7.4,7.4,斤,,瘦,2026-09-05
肉禽蛋,猪肉类,白条猪,6.75,6.75,6.75,斤,,肥,2026-09-05
肉禽蛋,猪肉类,前臀尖,7.0,7.0,7.0,斤,,瘦,2026-09-05
肉禽蛋,猪肉类,前臀尖,6.0,6.0,6.0,斤,,肥,2026-09-05
肉禽蛋,猪肉类,后臀尖,7.0,7.0,7.0,斤,,瘦,2026-09-05
肉禽蛋,猪肉类,后臀尖,6.0,6.0,6.0,斤,,肥,2026-09-05
肉禽蛋,猪肉类,五花肉,9.0,9.5,9.25,斤,,瘦,2026-09-05
肉禽蛋,猪肉类,五花肉,8.0,8.5,8.25,斤,,肥,2026-09-05
肉禽蛋,猪肉类,精五花,10.5,11.5,11.0,斤,,,2026-09-05
肉禽蛋,猪肉类,纯通脊,8.5,8.5,8.5,斤,,,2026-09-05
肉禽蛋,猪肉类,通脊,7.0,7.0,7.0,斤,,带皮,2026-09-05
肉禽蛋,猪肉类,小里脊,9.5,10.0,9.75,斤,,,2026-09-05
肉禽蛋,猪肉类,梅花肉,8.5,9.5,9.0,斤,,,2026-09-05
肉禽蛋,猪肉类,纯瘦肉,7.5,8.0,7.75,斤,,,2026-09-05
肉禽蛋,猪肉类,护心肉,10.0,19.0,14.5,斤,,鲜,2026-09-05
肉禽蛋,猪肉类,前肘,6.5,7.0,6.75,斤,,,2026-09-05
肉禽蛋,猪肉类,后肘,5.0,6.0,5.5,斤,,,2026-09-05
肉禽蛋,猪肉类,月牙骨,15.0,16.0,15.5,斤,,,2026-09-05
肉禽蛋,猪肉类,猪尾巴,40.0,53.0,46.5,斤,,,2026-09-05
肉禽蛋,猪肉类,猪蹄,14.0,15.0,14.5,斤,,,2026-09-05
肉禽蛋,猪肉类,纯排骨,18.0,19.0,18.5,斤,,,2026-09-05
肉禽蛋,猪肉类,纯腔骨,4.5,5.0,4.75,斤,,,2026-09-05
肉禽蛋,猪肉类,腔排骨,11.5,12.0,11.75,斤,,,2026-09-05
肉禽蛋,猪肉类,梅花骨,6.0,6.0,6.0,斤,,,2026-09-05
肉禽蛋,猪肉类,棒骨,5.5,6.0,5.75,斤,,,2026-09-05
肉禽蛋,猪肉类,猪头,7.0,7.5,7.25,斤,,,2026-09-05
肉禽蛋,猪肉类,猪口条,8.5,9.0,8.75,斤,,,2026-09-05
肉禽蛋,猪肉类,猪耳,21.0,22.0,21.5,斤,,,2026-09-05
肉禽蛋,猪肉类,猪脑,15.0,18.0,16.5,斤,,,2026-09-05
肉禽蛋,猪肉类,猪肚,14.0,15.0,14.5,斤,,,2026-09-05
肉禽蛋,猪肉类,猪板油,5.0,5.5,5.25,斤,,,2026-09-05
肉禽蛋,猪肉类,肥膘肉,3.0,3.5,3.25,斤,,,2026-09-05
肉禽蛋,猪肉类,猪腰子,12.0,12.0,12.0,斤,,,2026-09-05
肉禽蛋,猪肉类,猪心,5.5,6.0,5.75,斤,,,2026-09-05
肉禽蛋,猪肉类,猪肝,4.5,5.0,4.75,斤,,,2026-09-05
肉禽蛋,猪肉类,猪肺,2.0,2.5,2.25,个,,,2026-09-05
肉禽蛋,猪肉类,猪皮,2.0,2.0,2.0,斤,,,2026-09-05
肉禽蛋,猪肉类,猪肠头,13.0,13.0,13.0,斤,,,2026-09-05
肉禽蛋,猪肉类,猪肠,10.0,10.0,10.0,斤,,,2026-09-05
肉禽蛋,猪肉类,白条猪,7.5,7.5,7.5,斤,,瘦,2026-09-04
肉禽蛋,猪肉类,白条猪,6.55,6.55,6.55,斤,,肥,2026-09-04
肉禽蛋,猪肉类,前臀尖,7.0,7.0,7.0,斤,,瘦,2026-09-04
肉禽蛋,猪肉类,前臀尖,6.0,6.0,6.0,斤,,肥,2026-09-04
肉禽蛋,猪肉类,后臀尖,7.0,7.0,7.0,斤,,瘦,2026-09-04
肉禽蛋,猪肉类,后臀尖,6.0,6.0,6.0,斤,,肥,2026-09-04
肉禽蛋,猪肉类,五花肉,9.0,9.5,9.25,斤,,瘦,2026-09-04
肉禽蛋,猪肉类,五花肉,8.0,8.5,8.25,斤,,肥,2026-09-04
肉禽蛋,猪肉类,精五花,10.5,11.5,11.0,斤,,,2026-09-04
肉禽蛋,猪肉类,纯通脊,8.5,8.5,8.5,斤,,,2026-09-04
肉禽蛋,猪肉类,通脊,7.0,7.0,7.0,斤,,带皮,2026-09-04
肉禽蛋,猪肉类,小里脊,9.5,10.0,9.75,斤,,,2026-09-04
肉禽蛋,猪肉类,梅花肉,8.5,9.5,9.0,斤,,,2026-09-04
肉禽蛋,猪肉类,纯瘦肉,7.5,8.0,7.75,斤,,,2026-09-04
肉禽蛋,猪肉类,护心肉,10.0,19.0,14.5,斤,,鲜,2026-09-04
肉禽蛋,猪肉类,前肘,6.5,7.0,6.75,斤,,,2026-09-04
肉禽蛋,猪肉类,后肘,5.0,6.0,5.5,斤,,,2026-09-04
肉禽蛋,猪肉类,月牙骨,15.0,16.0,15.5,斤,,,2026-09-04
肉禽蛋,猪肉类,猪尾巴,40.0,53.0,46.5,斤,,,2026-09-04
肉禽蛋,猪肉类,猪蹄,14.0,15.0,14.5,斤,,,2026-09-04
肉禽蛋,猪肉类,纯排骨,18.0,19.0,18.5,斤,,,2026-09-04
肉禽蛋,猪肉类,纯腔骨,4.5,5.0,4.75,斤,,,2026-09-04
肉禽蛋,猪肉类,腔排骨,11.5,12.0,11.75,斤,,,2026-09-04
肉禽蛋,猪肉类,梅花骨,6.0,6.0,6.0,斤,,,2026-09-04
肉禽蛋,猪肉类,棒骨,5.5,6.0,5.75,斤,,,2026-09-04
肉禽蛋,猪肉类,猪头,7.0,7.5,7.25,斤,,,2026-09-04
肉禽蛋,猪肉类,猪口条,8.5,9.0,8.75,斤,,,2026-09-04
肉禽蛋,猪肉类,猪耳,21.0,22.0,21.5,斤,,,2026-09-04
肉禽蛋,猪肉类,猪脑,15.0,18.0,16.5,斤,,,2026-09-04
肉禽蛋,猪肉类,猪肚,14.0,15.0,14.5,斤,,,2026-09-04
肉禽蛋,猪肉类,猪板油,5.0,5.5,5.25,斤,,,2026-09-04
肉禽蛋,猪肉类,肥膘肉,3.0,3.5,3.25,斤,,,2026-09-04
肉禽蛋,猪肉类,猪腰子,12.0,12.0,12.0,斤,,,2026-09-04
肉禽蛋,猪肉类,猪心,5.5,6.0,5.75,斤,,,2026-09-04
肉禽蛋,猪肉类,猪肝,4.5,5.0,4.75,斤,,,2026-09-04
肉禽蛋,猪肉类,猪肺,2.0,2.5,2.25,个,,,2026-09-04
肉禽蛋,猪肉类,猪皮,2.0,2.0,2.0,斤,,,2026-09-04
肉禽蛋,猪肉类,猪肠头,13.0,13.0,13.0,斤,,,2026-09-04
肉禽蛋,猪肉类,猪肠,10.0,10.0,10.0,斤,,,2026-09-04
肉禽蛋,猪肉类,白条猪,6.55,6.55,6.55,斤,,肥,2026-09-03
肉禽蛋,猪肉类,前臀尖,7.0,7.0,7.0,斤,,瘦,2026-09-03
肉禽蛋,猪肉类,前臀尖,6.0,6.0,6.0,斤,,肥,2026-09-03
肉禽蛋,猪肉类,后臀尖,7.0,7.0,7.0,斤,,瘦,2026-09-03
肉禽蛋,猪肉类,后臀尖,6.0,6.0,6.0,斤,,肥,2026-09-03
肉禽蛋,猪肉类,五花肉,9.0,9.5,9.25,斤,,瘦,2026-09-03
肉禽蛋,猪肉类,五花肉,8.0,8.5,8.25,斤,,肥,2026-09-03
肉禽蛋,猪肉类,精五花,10.5,11.5,11.0,斤,,,2026-09-03
肉禽蛋,猪肉类,纯通脊,8.5,8.5,8.5,斤,,,2026-09-03
肉禽蛋,猪肉类,通脊,7.0,7.0,7.0,斤,,带皮,2026-09-03
肉禽蛋,猪肉类,小里脊,9.5,10.0,9.75,斤,,,2026-09-03
肉禽蛋,猪肉类,梅花肉,8.5,9.5,9.0,斤,,,2026-09-03
肉禽蛋,猪肉类,纯瘦肉,7.5,8.0,7.75,斤,,,2026-09-03
肉禽蛋,猪肉类,护心肉,10.0,19.0,14.5,斤,,鲜,2026-09-03
肉禽蛋,猪肉类,前肘,6.5,7.0,6.75,斤,,,2026-09-03
肉禽蛋,猪肉类,后肘,5.0,6.0,5.5,斤,,,2026-09-03
肉禽蛋,猪肉类,月牙骨,15.0,16.0,15.5,斤,,,2026-09-03
肉禽蛋,猪肉类,猪尾巴,40.0,53.0,46.5,斤,,,2026-09-03
肉禽蛋,猪肉类,猪蹄,14.0,15.0,14.5,斤,,,2026-09-03
肉禽蛋,猪肉类,纯排骨,18.0,19.0,18.5,斤,,,2026-09-03
肉禽蛋,猪肉类,纯腔骨,4.5,5.0,4.75,斤,,,2026-09-03
肉禽蛋,猪肉类,腔排骨,11.5,12.0,11.75,斤,,,2026-09-03
肉禽蛋,猪肉类,梅花骨,6.0,6.0,6.0,斤,,,2026-09-03
肉禽蛋,猪肉类,棒骨,5.5,6.0,5.75,斤,,,2026-09-03
肉禽蛋,猪肉类,猪头,7.0,7.5,7.25,斤,,,2026-09-03
肉禽蛋,猪肉类,猪口条,8.5,9.0,8.75,斤,,,2026-09-03
肉禽蛋,猪肉类,猪耳,21.0,22.0,21.5,斤,,,2026-09-03
肉禽蛋,猪肉类,猪脑,15.0,18.0,16.5,斤,,,2026-09-03
肉禽蛋,猪肉类,猪肚,14.0,15.0,14.5,斤,,,2026-09-03
肉禽蛋,猪肉类,猪板油,5.0,5.5,5.25,斤,,,2026-09-03
肉禽蛋,猪肉类,肥膘肉,3.0,3.5,3.25,斤,,,2026-09-03
肉禽蛋,猪肉类,猪腰子,12.0,12.0,12.0,斤,,,2026-09-03
肉禽蛋,猪肉类,猪心,5.5,6.0,5.75,斤,,,2026-09-03
肉禽蛋,猪肉类,猪肝,4.5,5.0,4.75,斤,,,2026-09-03
肉禽蛋,猪肉类,猪肺,2.0,2.5,2.25,个,,,2026-09-03
肉禽蛋,猪肉类,猪皮,2.0,2.0,2.0,斤,,,2026-09-03
肉禽蛋,猪肉类,猪肠头,13.0,13.0,13.0,斤,,,2026-09-03
肉禽蛋,猪肉类,猪肠,10.0,10.0,10.0,斤,,,2026-09-03
肉禽蛋,猪肉类,白条猪,7.5,7.5,7.5,斤,,瘦,2026-09-03
肉禽蛋,猪肉类,白条猪,6.8,6.8,6.8,斤,,肥,2026-09-03
肉禽蛋,猪肉类,前臀尖,7.0,7.0,7.0,斤,,瘦,2026-09-03
肉禽蛋,猪肉类,前臀尖,6.0,6.0,6.0,斤,,肥,2026-09-03
肉禽蛋,猪肉类,后臀尖,7.0,7.0,7.0,斤,,瘦,2026-09-03
肉禽蛋,猪肉类,后臀尖,6.0,6.0,6.0,斤,,肥,2026-09-03
肉禽蛋,猪肉类,五花肉,9.5,9.5,9.5,斤,,瘦,2026-09-03
肉禽蛋,猪肉类,五花肉,8.5,8.5,8.5,斤,,肥,2026-09-03
肉禽蛋,猪肉类,精五花,11.0,12.0,11.5,斤,,,2026-09-03
肉禽蛋,猪肉类,纯通脊,8.5,9.0,8.75,斤,,,2026-09-03
肉禽蛋,猪肉类,通脊,7.0,7.5,7.25,斤,,带皮,2026-09-03
肉禽蛋,猪肉类,小里脊,9.5,10.0,9.75,斤,,,2026-09-03
肉禽蛋,猪肉类,梅花肉,9.0,9.5,9.25,斤,,,2026-09-03
肉禽蛋,猪肉类,纯瘦肉,7.5,8.0,7.75,斤,,,2026-09-03
肉禽蛋,猪肉类,护心肉,10.0,19.0,14.5,斤,,鲜,2026-09-03
肉禽蛋,猪肉类,前肘,6.5,7.0,6.75,斤,,,2026-09-03
肉禽蛋,猪肉类,后肘,5.5,6.0,5.75,斤,,,2026-09-03
肉禽蛋,猪肉类,月牙骨,15.0,16.0,15.5,斤,,,2026-09-03
肉禽蛋,猪肉类,猪尾巴,40.0,53.0,46.5,斤,,,2026-09-03
肉禽蛋,猪肉类,猪蹄,14.0,15.0,14.5,斤,,,2026-09-03
肉禽蛋,猪肉类,纯排骨,18.0,19.0,18.5,斤,,,2026-09-03
肉禽蛋,猪肉类,纯腔骨,4.5,5.0,4.75,斤,,,2026-09-03
肉禽蛋,猪肉类,腔排骨,11.5,12.0,11.75,斤,,,2026-09-03
肉禽蛋,猪肉类,梅花骨,6.0,6.0,6.0,斤,,,2026-09-03
肉禽蛋,猪肉类,棒骨,5.5,6.0,5.75,斤,,,2026-09-03
肉禽蛋,猪肉类,猪头,7.0,7.5,7.25,斤,,,2026-09-03
肉禽蛋,猪肉类,猪口条,8.5,9.0,8.75,斤,,,2026-09-03
肉禽蛋,猪肉类,猪耳,21.0,22.0,21.5,斤,,,2026-09-03
肉禽蛋,猪肉类,猪脑,15.0,18.0,16.5,斤,,,2026-09-03
肉禽蛋,猪肉类,猪肚,14.0,15.0,14.5,斤,,,2026-09-03
肉禽蛋,猪肉类,猪板油,5.0,5.5,5.25,斤,,,2026-09-03
肉禽蛋,猪肉类,肥膘肉,3.0,3.5,3.25,斤,,,2026-09-03
肉禽蛋,猪肉类,猪腰子,12.0,12.0,12.0,斤,,,2026-09-03
肉禽蛋,猪肉类,猪心,5.5,6.0,5.75,斤,,,2026-09-03
肉禽蛋,猪肉类,猪肝,4.5,5.0,4.75,斤,,,2026-09-03
肉禽蛋,猪肉类,猪肺,2.0,2.5,2.25,个,,,2026-09-03
肉禽蛋,猪肉类,猪皮,2.0,2.0,2.0,斤,,,2026-09-03
肉禽蛋,猪肉类,猪肠头,13.0,13.0,13.0,斤,,,2026-09-03
肉禽蛋,猪肉类,猪肠,10.0,10.0,10.0,斤,,,2026-09-03
肉禽蛋,猪肉类,白条猪,7.5,7.5,7.5,斤,,瘦,2026-09-02
肉禽蛋,猪肉类,白条猪,6.75,6.75,6.75,斤,,肥,2026-09-02
肉禽蛋,猪肉类,前臀尖,7.0,7.0,7.0,斤,,瘦,2026-09-02
肉禽蛋,猪肉类,前臀尖,6.0,6.0,6.0,斤,,肥,2026-09-02
肉禽蛋,猪肉类,后臀尖,7.0,7.0,7.0,斤,,瘦,2026-09-02
肉禽蛋,猪肉类,后臀尖,6.0,6.0,6.0,斤,,肥,2026-09-02
肉禽蛋,猪肉类,五花肉,9.0,9.5,9.25,斤,,瘦,2026-09-02
肉禽蛋,猪肉类,五花肉,8.5,8.5,8.5,斤,,肥,2026-09-02
肉禽蛋,猪肉类,精五花,11.0,11.5,11.25,斤,,,2026-09-02
肉禽蛋,猪肉类,纯通脊,8.5,8.5,8.5,斤,,,2026-09-02
肉禽蛋,猪肉类,通脊,7.0,7.0,7.0,斤,,带皮,2026-09-02
肉禽蛋,猪肉类,小里脊,9.0,10.0,9.5,斤,,,2026-09-02
肉禽蛋,猪肉类,梅花肉,8.5,9.0,8.75,斤,,,2026-09-02
肉禽蛋,猪肉类,纯瘦肉,7.5,8.0,7.75,斤,,,2026-09-02
肉禽蛋,猪肉类,护心肉,11.0,20.0,15.5,斤,,鲜,2026-09-02
肉禽蛋,猪肉类,前肘,6.0,7.0,6.5,斤,,,2026-09-02
肉禽蛋,猪肉类,后肘,5.0,6.0,5.5,斤,,,2026-09-02
肉禽蛋,猪肉类,月牙骨,15.0,16.0,15.5,斤,,,2026-09-02
肉禽蛋,猪肉类,猪尾巴,40.0,53.0,46.5,斤,,,2026-09-02
肉禽蛋,猪肉类,猪蹄,14.0,15.0,14.5,斤,,,2026-09-02
肉禽蛋,猪肉类,纯排骨,18.0,19.0,18.5,斤,,,2026-09-02
肉禽蛋,猪肉类,纯腔骨,4.5,5.0,4.75,斤,,,2026-09-02
肉禽蛋,猪肉类,腔排骨,11.5,12.0,11.75,斤,,,2026-09-02
肉禽蛋,猪肉类,梅花骨,6.0,6.0,6.0,斤,,,2026-09-02
肉禽蛋,猪肉类,棒骨,5.5,6.0,5.75,斤,,,2026-09-02
肉禽蛋,猪肉类,猪头,7.0,7.5,7.25,斤,,,2026-09-02
肉禽蛋,猪肉类,猪口条,8.5,9.0,8.75,斤,,,2026-09-02
肉禽蛋,猪肉类,猪耳,21.0,22.0,21.5,斤,,,2026-09-02
肉禽蛋,猪肉类,猪脑,15.0,18.0,16.5,斤,,,2026-09-02
肉禽蛋,猪肉类,猪肚,14.0,15.0,14.5,斤,,,2026-09-02
肉禽蛋,猪肉类,猪板油,5.0,5.5,5.25,斤,,,2026-09-02
肉禽蛋,猪肉类,肥膘肉,3.0,3.5,3.25,斤,,,2026-09-02
肉禽蛋,猪肉类,猪腰子,12.0,12.0,12.0,斤,,,2026-09-02
肉禽蛋,猪肉类,猪心,5.5,6.0,5.75,斤,,,2026-09-02
肉禽蛋,猪肉类,猪肝,4.5,5.0,4.75,斤,,,2026-09-02
肉禽蛋,猪肉类,猪肺,2.0,2.5,2.25,个,,,2026-09-02
肉禽蛋,猪肉类,猪皮,2.0,2.0,2.0,斤,,,2026-09-02
肉禽蛋,猪肉类,猪肠头,13.0,13.0,13.0,斤,,,2026-09-02
肉禽蛋,猪肉类,猪肠,10.0,10.0,10.0,斤,,,2026-09-02
肉禽蛋,猪肉类,白条猪,7.3,7.3,7.3,斤,,瘦,2026-09-01
肉禽蛋,猪肉类,白条猪,6.85,6.85,6.85,斤,,肥,2026-09-01
肉禽蛋,猪肉类,前臀尖,6.5,7.0,6.75,斤,,瘦,2026-09-01
肉禽蛋,猪肉类,前臀尖,6.0,6.0,6.0,斤,,肥,2026-09-01
肉禽蛋,猪肉类,后臀尖,6.5,7.0,6.75,斤,,瘦,2026-09-01
肉禽蛋,猪肉类,后臀尖,6.0,6.0,6.0,斤,,肥,2026-09-01
肉禽蛋,猪肉类,五花肉,9.0,9.0,9.0,斤,,瘦,2026-09-01
肉禽蛋,猪肉类,五花肉,8.5,8.5,8.5,斤,,肥,2026-09-01
肉禽蛋,猪肉类,精五花,10.5,11.5,11.0,斤,,,2026-09-01
肉禽蛋,猪肉类,纯通脊,8.0,8.5,8.25,斤,,,2026-09-01
肉禽蛋,猪肉类,通脊,7.0,7.0,7.0,斤,,带皮,2026-09-01
肉禽蛋,猪肉类,小里脊,9.0,9.5,9.25,斤,,,2026-09-01
肉禽蛋,猪肉类,梅花肉,8.0,8.5,8.25,斤,,,2026-09-01
肉禽蛋,猪肉类,纯瘦肉,7.0,7.5,7.25,斤,,,2026-09-01
肉禽蛋,猪肉类,护心肉,11.0,20.0,15.5,斤,,鲜,2026-09-01
肉禽蛋,猪肉类,前肘,6.0,7.0,6.5,斤,,,2026-09-01
肉禽蛋,猪肉类,后肘,5.0,6.0,5.5,斤,,,2026-09-01
肉禽蛋,猪肉类,月牙骨,15.0,16.0,15.5,斤,,,2026-09-01
肉禽蛋,猪肉类,猪尾巴,40.0,53.0,46.5,斤,,,2026-09-01
肉禽蛋,猪肉类,猪蹄,14.0,15.0,14.5,斤,,,2026-09-01
肉禽蛋,猪肉类,纯排骨,18.0,19.0,18.5,斤,,,2026-09-01
肉禽蛋,猪肉类,纯腔骨,4.5,5.0,4.75,斤,,,2026-09-01
肉禽蛋,猪肉类,腔排骨,11.0,12.0,11.5,斤,,,2026-09-01
肉禽蛋,猪肉类,梅花骨,6.0,6.0,6.0,斤,,,2026-09-01
肉禽蛋,猪肉类,棒骨,5.5,6.0,5.75,斤,,,2026-09-01
肉禽蛋,猪肉类,猪头,7.0,7.5,7.25,斤,,,2026-09-01
肉禽蛋,猪肉类,猪口条,8.5,9.0,8.75,斤,,,2026-09-01
肉禽蛋,猪肉类,猪耳,21.0,22.0,21.5,斤,,,2026-09-01
肉禽蛋,猪肉类,猪脑,15.0,18.0,16.5,斤,,,2026-09-01
肉禽蛋,猪肉类,猪肚,14.0,15.0,14.5,斤,,,2026-09-01
肉禽蛋,猪肉类,猪板油,5.0,5.5,5.25,斤,,,2026-09-01
肉禽蛋,猪肉类,肥膘肉,3.0,3.5,3.25,斤,,,2026-09-01
肉禽蛋,猪肉类,猪腰子,12.0,12.0,12.0,斤,,,2026-09-01
肉禽蛋,猪肉类,猪心,5.5,6.0,5.75,斤,,,2026-09-01
肉禽蛋,猪肉类,猪肝,4.5,5.0,4.75,斤,,,2026-09-01
肉禽蛋,猪肉类,猪肺,2.0,2.5,2.25,个,,,2026-09-01
肉禽蛋,猪肉类,猪皮,2.0,2.0,2.0,斤,,,2026-09-01
肉禽蛋,猪肉类,猪肠头,13.0,13.0,13.0,斤,,,2026-09-01
肉禽蛋,猪肉类,猪肠,10.0,10.0,10.0,斤,,,2026-09-01
肉禽蛋,猪肉类,白条猪,7.3,7.3,7.3,斤,,瘦,2026-08-31
肉禽蛋,猪肉类,白条猪,6.6,6.6,6.6,斤,,肥,2026-08-31
肉禽蛋,猪肉类,前臀尖,6.5,6.5,6.5,斤,,瘦,2026-08-31
肉禽蛋,猪肉类,前臀尖,5.5,6.0,5.75,斤,,肥,2026-08-31
肉禽蛋,猪肉类,后臀尖,6.5,6.5,6.5,斤,,瘦,2026-08-31
肉禽蛋,猪肉类,后臀尖,5.5,6.0,5.75,斤,,肥,2026-08-31
肉禽蛋,猪肉类,五花肉,8.5,9.0,8.75,斤,,瘦,2026-08-31
肉禽蛋,猪肉类,五花肉,8.0,8.5,8.25,斤,,肥,2026-08-31
肉禽蛋,猪肉类,精五花,10.5,11.5,11.0,斤,,,2026-08-31
肉禽蛋,猪肉类,纯通脊,8.0,8.5,8.25,斤,,,2026-08-31
肉禽蛋,猪肉类,通脊,6.0,7.0,6.5,斤,,带皮,2026-08-31
肉禽蛋,猪肉类,小里脊,9.0,9.5,9.25,斤,,,2026-08-31
肉禽蛋,猪肉类,梅花肉,8.0,8.5,8.25,斤,,,2026-08-31
肉禽蛋,猪肉类,纯瘦肉,7.0,7.5,7.25,斤,,,2026-08-31
肉禽蛋,猪肉类,护心肉,11.0,20.0,15.5,斤,,鲜,2026-08-31
肉禽蛋,猪肉类,前肘,6.0,7.0,6.5,斤,,,2026-08-31
肉禽蛋,猪肉类,后肘,5.0,6.0,5.5,斤,,,2026-08-31
肉禽蛋,猪肉类,月牙骨,15.0,16.0,15.5,斤,,,2026-08-31
肉禽蛋,猪肉类,猪尾巴,40.0,53.0,46.5,斤,,,2026-08-31
肉禽蛋,猪肉类,猪蹄,14.0,15.0,14.5,斤,,,2026-08-31
肉禽蛋,猪肉类,纯排骨,17.5,18.5,18.0,斤,,,2026-08-31
肉禽蛋,猪肉类,纯腔骨,4.5,5.0,4.75,斤,,,2026-08-31
肉禽蛋,猪肉类,腔排骨,11.0,11.5,11.25,斤,,,2026-08-31
肉禽蛋,猪肉类,梅花骨,5.5,6.0,5.75,斤,,,2026-08-31
肉禽蛋,猪肉类,棒骨,5.5,6.0,5.75,斤,,,2026-08-31
肉禽蛋,猪肉类,猪头,7.0,7.5,7.25,斤,,,2026-08-31
肉禽蛋,猪肉类,猪口条,8.5,9.0,8.75,斤,,,2026-08-31
肉禽蛋,猪肉类,猪耳,21.0,22.0,21.5,斤,,,2026-08-31
肉禽蛋,猪肉类,猪脑,15.0,18.0,16.5,斤,,,2026-08-31
肉禽蛋,猪肉类,猪肚,14.0,15.0,14.5,斤,,,2026-08-31
肉禽蛋,猪肉类,猪板油,5.0,5.5,5.25,斤,,,2026-08-31
肉禽蛋,猪肉类,肥膘肉,3.0,3.5,3.25,斤,,,2026-08-31
肉禽蛋,猪肉类,猪腰子,12.0,12.0,12.0,斤,,,2026-08-31
肉禽蛋,猪肉类,猪心,5.5,6.0,5.75,斤,,,2026-08-31
肉禽蛋,猪肉类,猪肝,4.5,5.0,4.75,斤,,,2026-08-31
肉禽蛋,猪肉类,猪肺,2.0,2.5,2.25,个,,,2026-08-31
肉禽蛋,猪肉类,猪皮,2.0,2.0,2.0,斤,,,2026-08-31
肉禽蛋,猪肉类,猪肠头,13.0,13.0,13.0,斤,,,2026-08-31
肉禽蛋,猪肉类,猪肠,10.0,10.0,10.0,斤,,,2026-08-31
肉禽蛋,猪肉类,白条猪,7.25,7.25,7.25,斤,,瘦,2026-08-30
肉禽蛋,猪肉类,白条猪,6.5,6.5,6.5,斤,,肥,2026-08-30
肉禽蛋,猪肉类,前臀尖,6.5,7.0,6.75,斤,,瘦,2026-08-30
肉禽蛋,猪肉类,前臀尖,5.5,6.0,5.75,斤,,肥,2026-08-30
肉禽蛋,猪肉类,后臀尖,6.5,7.0,6.75,斤,,瘦,2026-08-30
肉禽蛋,猪肉类,后臀尖,5.5,6.0,5.75,斤,,肥,2026-08-30
肉禽蛋,猪肉类,五花肉,8.5,9.0,8.75,斤,,瘦,2026-08-30
肉禽蛋,猪肉类,五花肉,8.0,8.5,8.25,斤,,肥,2026-08-30
肉禽蛋,猪肉类,精五花,10.5,11.5,11.0,斤,,,2026-08-30
肉禽蛋,猪肉类,纯通脊,8.0,9.0,8.5,斤,,,2026-08-30
肉禽蛋,猪肉类,通脊,6.0,7.0,6.5,斤,,带皮,2026-08-30
肉禽蛋,猪肉类,小里脊,9.0,9.5,9.25,斤,,,2026-08-30
肉禽蛋,猪肉类,梅花肉,8.0,8.5,8.25,斤,,,2026-08-30
肉禽蛋,猪肉类,纯瘦肉,7.0,8.0,7.5,斤,,,2026-08-30
肉禽蛋,猪肉类,护心肉,11.0,20.0,15.5,斤,,鲜,2026-08-30
肉禽蛋,猪肉类,前肘,6.0,7.0,6.5,斤,,,2026-08-30
肉禽蛋,猪肉类,后肘,5.0,6.0,5.5,斤,,,2026-08-30
肉禽蛋,猪肉类,月牙骨,15.0,16.0,15.5,斤,,,2026-08-30
肉禽蛋,猪肉类,猪尾巴,40.0,53.0,46.5,斤,,,2026-08-30
肉禽蛋,猪肉类,猪蹄,14.0,15.0,14.5,斤,,,2026-08-30
肉禽蛋,猪肉类,纯排骨,17.5,18.0,17.75,斤,,,2026-08-30
肉禽蛋,猪肉类,纯腔骨,4.5,5.0,4.75,斤,,,2026-08-30
肉禽蛋,猪肉类,腔排骨,11.0,11.5,11.25,斤,,,2026-08-30
肉禽蛋,猪肉类,梅花骨,6.0,6.0,6.0,斤,,,2026-08-30
肉禽蛋,猪肉类,棒骨,5.5,6.0,5.75,斤,,,2026-08-30
肉禽蛋,猪肉类,猪头,7.5,8.0,7.75,斤,,,2026-08-30
肉禽蛋,猪肉类,猪口条,8.5,9.0,8.75,斤,,,2026-08-30
肉禽蛋,猪肉类,猪耳,21.0,22.0,21.5,斤,,,2026-08-30
肉禽蛋,猪肉类,猪脑,15.0,18.0,16.5,斤,,,2026-08-30
肉禽蛋,猪肉类,猪肚,14.0,15.0,14.5,斤,,,2026-08-30
肉禽蛋,猪肉类,猪板油,5.0,5.5,5.25,斤,,,2026-08-30
肉禽蛋,猪肉类,肥膘肉,3.0,3.5,3.25,斤,,,2026-08-30
肉禽蛋,猪肉类,猪腰子,13.0,13.0,13.0,斤,,,2026-08-30
肉禽蛋,猪肉类,猪心,5.5,6.0,5.75,斤,,,2026-08-30
肉禽蛋,猪肉类,猪肝,4.5,5.0,4.75,斤,,,2026-08-30
肉禽蛋,猪肉类,猪肺,2.0,2.5,2.25,个,,,2026-08-30
肉禽蛋,猪肉类,猪皮,2.0,2.0,2.0,斤,,,2026-08-30
肉禽蛋,猪肉类,猪肠头,13.0,13.0,13.0,斤,,,2026-08-30
肉禽蛋,猪肉类,猪肠,10.0,10.0,10.0,斤,,,2026-08-30
肉禽蛋,猪肉类,白条猪,7.25,7.25,7.25,斤,,瘦,2026-08-29
肉禽蛋,猪肉类,白条猪,6.4,6.4,6.4,斤,,肥,2026-08-29
肉禽蛋,猪肉类,前臀尖,6.5,7.0,6.75,斤,,瘦,2026-08-29
肉禽蛋,猪肉类,前臀尖,5.5,6.0,5.75,斤,,肥,2026-08-29
肉禽蛋,猪肉类,后臀尖,6.5,7.0,6.75,斤,,瘦,2026-08-29
肉禽蛋,猪肉类,后臀尖,5.5,6.0,5.75,斤,,肥,2026-08-29
肉禽蛋,猪肉类,五花肉,8.5,9.0,8.75,斤,,瘦,2026-08-29
肉禽蛋,猪肉类,五花肉,8.0,8.5,8.25,斤,,肥,2026-08-29
肉禽蛋,猪肉类,精五花,10.5,11.5,11.0,斤,,,2026-08-29
肉禽蛋,猪肉类,纯通脊,8.0,9.0,8.5,斤,,,2026-08-29
肉禽蛋,猪肉类,通脊,6.0,7.0,6.5,斤,,带皮,2026-08-29
肉禽蛋,猪肉类,小里脊,9.0,9.5,9.25,斤,,,2026-08-29
肉禽蛋,猪肉类,梅花肉,8.0,8.5,8.25,斤,,,2026-08-29
肉禽蛋,猪肉类,纯瘦肉,7.0,8.0,7.5,斤,,,2026-08-29
肉禽蛋,猪肉类,护心肉,11.0,20.0,15.5,斤,,鲜,2026-08-29
肉禽蛋,猪肉类,前肘,6.0,7.0,6.5,斤,,,2026-08-29
肉禽蛋,猪肉类,后肘,5.0,6.0,5.5,斤,,,2026-08-29
肉禽蛋,猪肉类,月牙骨,15.0,16.0,15.5,斤,,,2026-08-29
肉禽蛋,猪肉类,猪尾巴,40.0,53.0,46.5,斤,,,2026-08-29
肉禽蛋,猪肉类,猪蹄,14.0,15.0,14.5,斤,,,2026-08-29
肉禽蛋,猪肉类,纯排骨,17.5,18.0,17.75,斤,,,2026-08-29
肉禽蛋,猪肉类,纯腔骨,4.5,5.0,4.75,斤,,,2026-08-29
肉禽蛋,猪肉类,腔排骨,11.0,11.5,11.25,斤,,,2026-08-29
肉禽蛋,猪肉类,梅花骨,6.0,6.0,6.0,斤,,,2026-08-29
肉禽蛋,猪肉类,棒骨,5.5,6.0,5.75,斤,,,2026-08-29
肉禽蛋,猪肉类,猪头,7.5,8.0,7.75,斤,,,2026-08-29
肉禽蛋,猪肉类,猪口条,8.5,9.0,8.75,斤,,,2026-08-29
肉禽蛋,猪肉类,猪耳,21.0,22.0,21.5,斤,,,2026-08-29
肉禽蛋,猪肉类,猪脑,15.0,18.0,16.5,斤,,,2026-08-29
肉禽蛋,猪肉类,猪肚,14.0,15.0,14.5,斤,,,2026-08-29
肉禽蛋,猪肉类,猪板油,5.0,5.5,5.25,斤,,,2026-08-29
肉禽蛋,猪肉类,肥膘肉,3.0,3.5,3.25,斤,,,2026-08-29
肉禽蛋,猪肉类,猪腰子,13.0,13.0,13.0,斤,,,2026-08-29
肉禽蛋,猪肉类,猪心,5.5,6.0,5.75,斤,,,2026-08-29
肉禽蛋,猪肉类,猪肝,4.5,5.0,4.75,斤,,,2026-08-29
肉禽蛋,猪肉类,猪肺,2.0,2.5,2.25,个,,,2026-08-29
肉禽蛋,猪肉类,猪皮,2.0,2.0,2.0,斤,,,2026-08-29
肉禽蛋,猪肉类,猪肠头,13.0,13.0,13.0,斤,,,2026-08-29
肉禽蛋,猪肉类,猪肠,10.0,10.0,10.0,斤,,,2026-08-29
肉禽蛋,猪肉类,白条猪,7.3,7.3,7.3,斤,,瘦,2026-08-28
肉禽蛋,猪肉类,白条猪,6.5,6.5,6.5,斤,,肥,2026-08-28
肉禽蛋,猪肉类,前臀尖,6.5,7.0,6.75,斤,,瘦,2026-08-28
肉禽蛋,猪肉类,前臀尖,5.5,6.0,5.75,斤,,肥,2026-08-28
肉禽蛋,猪肉类,后臀尖,6.5,7.0,6.75,斤,,瘦,2026-08-28
肉禽蛋,猪肉类,后臀尖,5.5,6.0,5.75,斤,,肥,2026-08-28
肉禽蛋,猪肉类,五花肉,8.5,9.0,8.75,斤,,瘦,2026-08-28
肉禽蛋,猪肉类,五花肉,8.0,8.5,8.25,斤,,肥,2026-08-28
肉禽蛋,猪肉类,精五花,10.5,11.5,11.0,斤,,,2026-08-28
肉禽蛋,猪肉类,纯通脊,8.0,9.0,8.5,斤,,,2026-08-28
肉禽蛋,猪肉类,通脊,6.0,7.0,6.5,斤,,带皮,2026-08-28
肉禽蛋,猪肉类,小里脊,9.0,9.5,9.25,斤,,,2026-08-28
肉禽蛋,猪肉类,梅花肉,8.0,8.5,8.25,斤,,,2026-08-28
肉禽蛋,猪肉类,纯瘦肉,7.0,8.0,7.5,斤,,,2026-08-28
肉禽蛋,猪肉类,护心肉,11.0,20.0,15.5,斤,,鲜,2026-08-28
肉禽蛋,猪肉类,前肘,6.0,7.0,6.5,斤,,,2026-08-28
肉禽蛋,猪肉类,后肘,5.0,6.0,5.5,斤,,,2026-08-28
肉禽蛋,猪肉类,月牙骨,15.0,16.0,15.5,斤,,,2026-08-28
肉禽蛋,猪肉类,猪尾巴,40.0,53.0,46.5,斤,,,2026-08-28
肉禽蛋,猪肉类,猪蹄,14.0,15.0,14.5,斤,,,2026-08-28
肉禽蛋,猪肉类,纯排骨,17.5,18.0,17.75,斤,,,2026-08-28
肉禽蛋,猪肉类,纯腔骨,4.5,5.0,4.75,斤,,,2026-08-28
肉禽蛋,猪肉类,腔排骨,11.0,11.5,11.25,斤,,,2026-08-28
肉禽蛋,猪肉类,梅花骨,6.0,6.0,6.0,斤,,,2026-08-28
肉禽蛋,猪肉类,棒骨,5.5,6.0,5.75,斤,,,2026-08-28
肉禽蛋,猪肉类,猪头,7.5,8.0,7.75,斤,,,2026-08-28
肉禽蛋,猪肉类,猪口条,8.5,9.0,8.75,斤,,,2026-08-28
肉禽蛋,猪肉类,猪耳,21.0,22.0,21.5,斤,,,2026-08-28
肉禽蛋,猪肉类,猪脑,15.0,18.0,16.5,斤,,,2026-08-28
肉禽蛋,猪肉类,猪肚,14.0,15.0,14.5,斤,,,2026-08-28
肉禽蛋,猪肉类,猪板油,5.0,5.5,5.25,斤,,,2026-08-28
肉禽蛋,猪肉类,肥膘肉,3.0,3.5,3.25,斤,,,2026-08-28
肉禽蛋,猪肉类,猪腰子,13.0,13.0,13.0,斤,,,2026-08-28
肉禽蛋,猪肉类,猪心,5.5,6.0,5.75,斤,,,2026-08-28
肉禽蛋,猪肉类,猪肝,4.5,5.0,4.75,斤,,,2026-08-28
肉禽蛋,猪肉类,猪肺,2.0,2.5,2.25,个,,,2026-08-28
肉禽蛋,猪肉类,猪皮,2.0,2.0,2.0,斤,,,2026-08-28
肉禽蛋,猪肉类,猪肠头,13.0,13.0,13.0,斤,,,2026-08-28
肉禽蛋,猪肉类,猪肠,10.0,10.0,10.0,斤,,,2026-08-28
肉禽蛋,猪肉类,白条猪,7.3,7.3,7.3,斤,,瘦,2026-08-27
肉禽蛋,猪肉类,白条猪,6.5,6.5,6.5,斤,,肥,2026-08-27
肉禽蛋,猪肉类,前臀尖,6.5,7.0,6.75,斤,,瘦,2026-08-27
肉禽蛋,猪肉类,前臀尖,5.5,6.0,5.75,斤,,肥,2026-08-27
肉禽蛋,猪肉类,后臀尖,6.5,7.0,6.75,斤,,瘦,2026-08-27
肉禽蛋,猪肉类,后臀尖,5.5,6.0,5.75,斤,,肥,2026-08-27
肉禽蛋,猪肉类,五花肉,9.0,9.0,9.0,斤,,瘦,2026-08-27
肉禽蛋,猪肉类,五花肉,8.0,8.5,8.25,斤,,肥,2026-08-27
肉禽蛋,猪肉类,精五花,10.5,11.5,11.0,斤,,,2026-08-27
肉禽蛋,猪肉类,纯通脊,8.5,9.0,8.75,斤,,,2026-08-27
肉禽蛋,猪肉类,通脊,6.5,7.0,6.75,斤,,带皮,2026-08-27
肉禽蛋,猪肉类,小里脊,9.5,9.5,9.5,斤,,,2026-08-27
肉禽蛋,猪肉类,梅花肉,8.0,9.0,8.5,斤,,,2026-08-27
肉禽蛋,猪肉类,纯瘦肉,7.5,8.0,7.75,斤,,,2026-08-27
肉禽蛋,猪肉类,护心肉,11.0,20.0,15.5,斤,,鲜,2026-08-27
肉禽蛋,猪肉类,前肘,6.0,7.0,6.5,斤,,,2026-08-27
肉禽蛋,猪肉类,后肘,5.0,6.0,5.5,斤,,,2026-08-27
肉禽蛋,猪肉类,月牙骨,15.0,16.0,15.5,斤,,,2026-08-27
肉禽蛋,猪肉类,猪尾巴,40.0,53.0,46.5,斤,,,2026-08-27
肉禽蛋,猪肉类,猪蹄,14.0,15.0,14.5,斤,,,2026-08-27
肉禽蛋,猪肉类,纯排骨,17.5,18.5,18.0,斤,,,2026-08-27
肉禽蛋,猪肉类,纯腔骨,4.5,5.0,4.75,斤,,,2026-08-27
肉禽蛋,猪肉类,腔排骨,11.0,11.5,11.25,斤,,,2026-08-27
肉禽蛋,猪肉类,梅花骨,6.0,6.0,6.0,斤,,,2026-08-27
肉禽蛋,猪肉类,棒骨,5.5,6.0,5.75,斤,,,2026-08-27
肉禽蛋,猪肉类,猪头,7.5,8.0,7.75,斤,,,2026-08-27
肉禽蛋,猪肉类,猪口条,8.5,9.0,8.75,斤,,,2026-08-27
肉禽蛋,猪肉类,猪耳,21.0,22.0,21.5,斤,,,2026-08-27
肉禽蛋,猪肉类,猪脑,15.0,18.0,16.5,斤,,,2026-08-27
肉禽蛋,猪肉类,猪肚,14.0,15.0,14.5,斤,,,2026-08-27
肉禽蛋,猪肉类,猪板油,5.0,5.5,5.25,斤,,,2026-08-27
肉禽蛋,猪肉类,肥膘肉,3.0,3.5,3.25,斤,,,2026-08-27
肉禽蛋,猪肉类,猪腰子,13.0,13.0,13.0,斤,,,2026-08-27
肉禽蛋,猪肉类,猪心,5.5,6.0,5.75,斤,,,2026-08-27
肉禽蛋,猪肉类,猪肝,4.5,5.0,4.75,斤,,,2026-08-27
肉禽蛋,猪肉类,猪肺,2.0,2.5,2.25,个,,,2026-08-27
肉禽蛋,猪肉类,猪皮,2.0,2.0,2.0,斤,,,2026-08-27
肉禽蛋,猪肉类,猪肠头,13.0,13.0,13.0,斤,,,2026-08-27
肉禽蛋,猪肉类,猪肠,10.0,10.0,10.0,斤,,,2026-08-27
肉禽蛋,猪肉类,白条猪,7.3,7.3,7.3,斤,,瘦,2026-08-26
肉禽蛋,猪肉类,白条猪,6.5,6.5,6.5,斤,,肥,2026-08-26
肉禽蛋,猪肉类,前臀尖,6.5,7.0,6.75,斤,,瘦,2026-08-26
肉禽蛋,猪肉类,前臀尖,5.5,6.0,5.75,斤,,肥,2026-08-26
肉禽蛋,猪肉类,后臀尖,6.5,7.0,6.75,斤,,瘦,2026-08-26
肉禽蛋,猪肉类,后臀尖,5.5,6.0,5.75,斤,,肥,2026-08-26
肉禽蛋,猪肉类,五花肉,9.0,9.0,9.0,斤,,瘦,2026-08-26
肉禽蛋,猪肉类,五花肉,8.0,8.5,8.25,斤,,肥,2026-08-26
肉禽蛋,猪肉类,精五花,10.5,11.5,11.0,斤,,,2026-08-26
肉禽蛋,猪肉类,纯通脊,8.0,9.0,8.5,斤,,,2026-08-26
肉禽蛋,猪肉类,通脊,6.5,7.0,6.75,斤,,带皮,2026-08-26
肉禽蛋,猪肉类,小里脊,9.5,9.5,9.5,斤,,,2026-08-26
肉禽蛋,猪肉类,梅花肉,8.0,9.0,8.5,斤,,,2026-08-26
肉禽蛋,猪肉类,纯瘦肉,7.0,8.0,7.5,斤,,,2026-08-26
肉禽蛋,猪肉类,护心肉,11.0,20.0,15.5,斤,,鲜,2026-08-26
肉禽蛋,猪肉类,前肘,6.0,7.0,6.5,斤,,,2026-08-26
肉禽蛋,猪肉类,后肘,5.0,6.0,5.5,斤,,,2026-08-26
肉禽蛋,猪肉类,月牙骨,15.0,16.0,15.5,斤,,,2026-08-26
肉禽蛋,猪肉类,猪尾巴,40.0,53.0,46.5,斤,,,2026-08-26
肉禽蛋,猪肉类,猪蹄,14.0,15.0,14.5,斤,,,2026-08-26
肉禽蛋,猪肉类,纯排骨,17.5,18.5,18.0,斤,,,2026-08-26
肉禽蛋,猪肉类,纯腔骨,4.5,5.0,4.75,斤,,,2026-08-26
肉禽蛋,猪肉类,腔排骨,11.0,11.5,11.25,斤,,,2026-08-26
肉禽蛋,猪肉类,梅花骨,6.0,6.0,6.0,斤,,,2026-08-26
肉禽蛋,猪肉类,棒骨,5.5,6.0,5.75,斤,,,2026-08-26
肉禽蛋,猪肉类,猪头,7.5,8.0,7.75,斤,,,2026-08-26
肉禽蛋,猪肉类,猪口条,8.5,9.0,8.75,斤,,,2026-08-26
肉禽蛋,猪肉类,猪耳,21.0,22.0,21.5,斤,,,2026-08-26
肉禽蛋,猪肉类,猪脑,15.0,18.0,16.5,斤,,,2026-08-26
肉禽蛋,猪肉类,猪肚,14.0,15.0,14.5,斤,,,2026-08-26
肉禽蛋,猪肉类,猪板油,4.5,5.0,4.75,斤,,,2026-08-26
肉禽蛋,猪肉类,肥膘肉,3.0,3.5,3.25,斤,,,2026-08-26
肉禽蛋,猪肉类,猪腰子,13.0,13.0,13.0,斤,,,2026-08-26
肉禽蛋,猪肉类,猪心,5.5,6.0,5.75,斤,,,2026-08-26
肉禽蛋,猪肉类,猪肝,4.5,5.0,4.75,斤,,,2026-08-26
肉禽蛋,猪肉类,猪肺,2.0,2.0,2.0,个,,,2026-08-26
肉禽蛋,猪肉类,猪皮,2.0,2.0,2.0,斤,,,2026-08-26
肉禽蛋,猪肉类,猪肠头,13.0,13.0,13.0,斤,,,2026-08-26
肉禽蛋,猪肉类,猪肠,10.0,10.0,10.0,斤,,,2026-08-26
肉禽蛋,猪肉类,白条猪,7.3,7.3,7.3,斤,,瘦,2026-08-25
肉禽蛋,猪肉类,白条猪,6.55,6.55,6.55,斤,,肥,2026-08-25
肉禽蛋,猪肉类,前臀尖,6.5,7.0,6.75,斤,,瘦,2026-08-25
肉禽蛋,猪肉类,前臀尖,5.5,6.0,5.75,斤,,肥,2026-08-25
肉禽蛋,猪肉类,后臀尖,6.5,7.0,6.75,斤,,瘦,2026-08-25
肉禽蛋,猪肉类,后臀尖,5.5,6.0,5.75,斤,,肥,2026-08-25
肉禽蛋,猪肉类,五花肉,9.0,9.0,9.0,斤,,瘦,2026-08-25
肉禽蛋,猪肉类,五花肉,8.0,8.5,8.25,斤,,肥,2026-08-25
肉禽蛋,猪肉类,精五花,10.5,11.5,11.0,斤,,,2026-08-25
肉禽蛋,猪肉类,纯通脊,8.0,9.0,8.5,斤,,,2026-08-25
肉禽蛋,猪肉类,通脊,6.5,7.0,6.75,斤,,带皮,2026-08-25
肉禽蛋,猪肉类,小里脊,9.5,9.5,9.5,斤,,,2026-08-25
肉禽蛋,猪肉类,梅花肉,8.0,9.0,8.5,斤,,,2026-08-25
肉禽蛋,猪肉类,纯瘦肉,7.0,8.0,7.5,斤,,,2026-08-25
肉禽蛋,猪肉类,护心肉,11.0,20.0,15.5,斤,,鲜,2026-08-25
肉禽蛋,猪肉类,前肘,6.0,7.0,6.5,斤,,,2026-08-25
肉禽蛋,猪肉类,后肘,5.0,6.0,5.5,斤,,,2026-08-25
肉禽蛋,猪肉类,月牙骨,15.0,16.0,15.5,斤,,,2026-08-25
肉禽蛋,猪肉类,猪尾巴,40.0,53.0,46.5,斤,,,2026-08-25
肉禽蛋,猪肉类,猪蹄,14.0,15.0,14.5,斤,,,2026-08-25
肉禽蛋,猪肉类,纯排骨,17.5,18.5,18.0,斤,,,2026-08-25
肉禽蛋,猪肉类,纯腔骨,4.5,5.0,4.75,斤,,,2026-08-25
肉禽蛋,猪肉类,腔排骨,11.0,11.5,11.25,斤,,,2026-08-25
肉禽蛋,猪肉类,梅花骨,6.0,6.0,6.0,斤,,,2026-08-25
肉禽蛋,猪肉类,棒骨,5.5,6.0,5.75,斤,,,2026-08-25
肉禽蛋,猪肉类,猪头,7.5,8.0,7.75,斤,,,2026-08-25
肉禽蛋,猪肉类,猪口条,8.5,9.0,8.75,斤,,,2026-08-25
肉禽蛋,猪肉类,猪耳,21.0,22.0,21.5,斤,,,2026-08-25
肉禽蛋,猪肉类,猪脑,15.0,18.0,16.5,斤,,,2026-08-25
肉禽蛋,猪肉类,猪肚,14.0,15.0,14.5,斤,,,2026-08-25
肉禽蛋,猪肉类,猪板油,4.5,5.0,4.75,斤,,,2026-08-25
肉禽蛋,猪肉类,肥膘肉,3.0,3.5,3.25,斤,,,2026-08-25
肉禽蛋,猪肉类,猪腰子,13.0,13.0,13.0,斤,,,2026-08-25
肉禽蛋,猪肉类,猪心,5.5,6.0,5.75,斤,,,2026-08-25
肉禽蛋,猪肉类,猪肝,4.5,5.0,4.75,斤,,,2026-08-25
肉禽蛋,猪肉类,猪肺,2.0,2.0,2.0,个,,,2026-08-25
肉禽蛋,猪肉类,猪皮,2.0,2.0,2.0,斤,,,2026-08-25
肉禽蛋,猪肉类,猪肠头,13.0,13.0,13.0,斤,,,2026-08-25
肉禽蛋,猪肉类,猪肠,10.0,10.0,10.0,斤,,,2026-08-25
肉禽蛋,猪肉类,白条猪,7.3,7.3,7.3,斤,,瘦,2026-08-24
肉禽蛋,猪肉类,白条猪,6.55,6.55,6.55,斤,,肥,2026-08-24
肉禽蛋,猪肉类,前臀尖,6.5,7.0,6.75,斤,,瘦,2026-08-24
肉禽蛋,猪肉类,前臀尖,5.5,6.0,5.75,斤,,肥,2026-08-24
肉禽蛋,猪肉类,后臀尖,6.5,7.0,6.75,斤,,瘦,2026-08-24
肉禽蛋,猪肉类,后臀尖,5.5,6.0,5.75,斤,,肥,2026-08-24
肉禽蛋,猪肉类,五花肉,9.0,9.5,9.25,斤,,瘦,2026-08-24
肉禽蛋,猪肉类,五花肉,8.0,8.5,8.25,斤,,肥,2026-08-24
肉禽蛋,猪肉类,精五花,10.5,11.5,11.0,斤,,,2026-08-24
肉禽蛋,猪肉类,纯通脊,8.0,9.0,8.5,斤,,,2026-08-24
肉禽蛋,猪肉类,通脊,6.5,7.0,6.75,斤,,带皮,2026-08-24
肉禽蛋,猪肉类,小里脊,9.5,9.5,9.5,斤,,,2026-08-24
肉禽蛋,猪肉类,梅花肉,8.0,9.0,8.5,斤,,,2026-08-24
肉禽蛋,猪肉类,纯瘦肉,7.0,8.0,7.5,斤,,,2026-08-24
肉禽蛋,猪肉类,护心肉,11.0,20.0,15.5,斤,,鲜,2026-08-24
肉禽蛋,猪肉类,前肘,6.0,7.0,6.5,斤,,,2026-08-24
肉禽蛋,猪肉类,后肘,5.0,6.0,5.5,斤,,,2026-08-24
肉禽蛋,猪肉类,月牙骨,15.0,16.0,15.5,斤,,,2026-08-24
肉禽蛋,猪肉类,猪尾巴,40.0,53.0,46.5,斤,,,2026-08-24
肉禽蛋,猪肉类,猪蹄,14.0,15.0,14.5,斤,,,2026-08-24
肉禽蛋,猪肉类,纯排骨,17.5,18.5,18.0,斤,,,2026-08-24
肉禽蛋,猪肉类,纯腔骨,4.5,5.0,4.75,斤,,,2026-08-24
肉禽蛋,猪肉类,腔排骨,11.0,11.5,11.25,斤,,,2026-08-24
肉禽蛋,猪肉类,梅花骨,6.0,6.0,6.0,斤,,,2026-08-24
肉禽蛋,猪肉类,棒骨,5.5,6.0,5.75,斤,,,2026-08-24
肉禽蛋,猪肉类,猪头,7.5,8.0,7.75,斤,,,2026-08-24
肉禽蛋,猪肉类,猪口条,8.5,9.0,8.75,斤,,,2026-08-24
肉禽蛋,猪肉类,猪耳,21.0,22.0,21.5,斤,,,2026-08-24
肉禽蛋,猪肉类,猪脑,15.0,18.0,16.5,斤,,,2026-08-24
肉禽蛋,猪肉类,猪肚,14.0,15.0,14.5,斤,,,2026-08-24
肉禽蛋,猪肉类,猪板油,4.5,5.0,4.75,斤,,,2026-08-24
肉禽蛋,猪肉类,肥膘肉,3.0,3.5,3.25,斤,,,2026-08-24
肉禽蛋,猪肉类,猪腰子,13.0,13.0,13.0,斤,,,2026-08-24
肉禽蛋,猪肉类,猪心,5.5,6.0,5.75,斤,,,2026-08-24
肉禽蛋,猪肉类,猪肝,4.5,5.0,4.75,斤,,,2026-08-24
肉禽蛋,猪肉类,猪肺,2.0,2.0,2.0,个,,,2026-08-24
肉禽蛋,猪肉类,猪皮,2.0,2.0,2.0,斤,,,2026-08-24
肉禽蛋,猪肉类,猪肠头,13.0,13.0,13.0,斤,,,2026-08-24
肉禽蛋,猪肉类,猪肠,10.0,10.0,10.0,斤,,,2026-08-24
肉禽蛋,猪肉类,白条猪,7.3,7.3,7.3,斤,,瘦,2026-08-23
肉禽蛋,猪肉类,白条猪,6.3,6.3,6.3,斤,,肥,2026-08-23
肉禽蛋,猪肉类,前臀尖,6.5,7.0,6.75,斤,,瘦,2026-08-23
肉禽蛋,猪肉类,前臀尖,6.0,6.0,6.0,斤,,肥,2026-08-23
肉禽蛋,猪肉类,后臀尖,6.5,7.0,6.75,斤,,瘦,2026-08-23
肉禽蛋,猪肉类,后臀尖,6.0,6.0,6.0,斤,,肥,2026-08-23
肉禽蛋,猪肉类,五花肉,9.0,9.5,9.25,斤,,瘦,2026-08-23
肉禽蛋,猪肉类,五花肉,8.0,8.5,8.25,斤,,肥,2026-08-23
肉禽蛋,猪肉类,精五花,10.5,11.5,11.0,斤,,,2026-08-23
肉禽蛋,猪肉类,纯通脊,8.0,9.0,8.5,斤,,,2026-08-23
肉禽蛋,猪肉类,通脊,6.5,7.0,6.75,斤,,带皮,2026-08-23
肉禽蛋,猪肉类,小里脊,9.0,9.5,9.25,斤,,,2026-08-23
肉禽蛋,猪肉类,梅花肉,8.0,9.0,8.5,斤,,,2026-08-23
肉禽蛋,猪肉类,纯瘦肉,7.0,8.0,7.5,斤,,,2026-08-23
肉禽蛋,猪肉类,护心肉,11.0,20.0,15.5,斤,,鲜,2026-08-23
肉禽蛋,猪肉类,前肘,6.0,6.5,6.25,斤,,,2026-08-23
肉禽蛋,猪肉类,后肘,5.0,6.0,5.5,斤,,,2026-08-23
肉禽蛋,猪肉类,月牙骨,15.0,16.0,15.5,斤,,,2026-08-23
肉禽蛋,猪肉类,猪尾巴,40.0,53.0,46.5,斤,,,2026-08-23
肉禽蛋,猪肉类,猪蹄,14.0,15.0,14.5,斤,,,2026-08-23
肉禽蛋,猪肉类,纯排骨,17.5,18.5,18.0,斤,,,2026-08-23
肉禽蛋,猪肉类,纯腔骨,4.5,5.0,4.75,斤,,,2026-08-23
肉禽蛋,猪肉类,腔排骨,11.0,11.5,11.25,斤,,,2026-08-23
肉禽蛋,猪肉类,梅花骨,5.5,6.0,5.75,斤,,,2026-08-23
肉禽蛋,猪肉类,棒骨,5.5,6.0,5.75,斤,,,2026-08-23
肉禽蛋,猪肉类,猪头,7.5,8.0,7.75,斤,,,2026-08-23
肉禽蛋,猪肉类,猪口条,8.5,9.0,8.75,斤,,,2026-08-23
肉禽蛋,猪肉类,猪耳,21.0,22.0,21.5,斤,,,2026-08-23
肉禽蛋,猪肉类,猪脑,15.0,18.0,16.5,斤,,,2026-08-23
肉禽蛋,猪肉类,猪肚,14.0,15.0,14.5,斤,,,2026-08-23
肉禽蛋,猪肉类,猪板油,4.5,5.0,4.75,斤,,,2026-08-23
肉禽蛋,猪肉类,肥膘肉,3.0,3.5,3.25,斤,,,2026-08-23
肉禽蛋,猪肉类,猪腰子,13.0,13.0,13.0,斤,,,2026-08-23
肉禽蛋,猪肉类,猪心,5.5,6.0,5.75,斤,,,2026-08-23
肉禽蛋,猪肉类,猪肝,4.5,5.0,4.75,斤,,,2026-08-23
肉禽蛋,猪肉类,猪肺,2.0,2.0,2.0,个,,,2026-08-23
肉禽蛋,猪肉类,猪皮,2.0,2.0,2.0,斤,,,2026-08-23
肉禽蛋,猪肉类,猪肠头,13.0,13.0,13.0,斤,,,2026-08-23
肉禽蛋,猪肉类,猪肠,10.0,10.0,10.0,斤,,,2026-08-23
肉禽蛋,猪肉类,白条猪,7.3,7.3,7.3,斤,,瘦,2026-08-22
肉禽蛋,猪肉类,白条猪,6.25,6.25,6.25,斤,,肥,2026-08-22
肉禽蛋,猪肉类,前臀尖,6.5,7.0,6.75,斤,,瘦,2026-08-22
肉禽蛋,猪肉类,前臀尖,6.0,6.0,6.0,斤,,肥,2026-08-22
肉禽蛋,猪肉类,后臀尖,6.5,7.0,6.75,斤,,瘦,2026-08-22
肉禽蛋,猪肉类,后臀尖,6.0,6.0,6.0,斤,,肥,2026-08-22
肉禽蛋,猪肉类,五花肉,9.0,9.5,9.25,斤,,瘦,2026-08-22
肉禽蛋,猪肉类,五花肉,8.0,8.5,8.25,斤,,肥,2026-08-22
肉禽蛋,猪肉类,精五花,10.5,11.5,11.0,斤,,,2026-08-22
肉禽蛋,猪肉类,纯通脊,8.0,9.0,8.5,斤,,,2026-08-22
肉禽蛋,猪肉类,通脊,6.0,7.0,6.5,斤,,带皮,2026-08-22
肉禽蛋,猪肉类,小里脊,9.0,9.5,9.25,斤,,,2026-08-22
肉禽蛋,猪肉类,梅花肉,8.0,9.0,8.5,斤,,,2026-08-22
肉禽蛋,猪肉类,纯瘦肉,7.0,8.0,7.5,斤,,,2026-08-22
肉禽蛋,猪肉类,护心肉,11.0,20.0,15.5,斤,,鲜,2026-08-22
肉禽蛋,猪肉类,前肘,6.0,6.5,6.25,斤,,,2026-08-22
肉禽蛋,猪肉类,后肘,5.0,6.0,5.5,斤,,,2026-08-22
肉禽蛋,猪肉类,月牙骨,15.0,16.0,15.5,斤,,,2026-08-22
肉禽蛋,猪肉类,猪尾巴,40.0,53.0,46.5,斤,,,2026-08-22
肉禽蛋,猪肉类,猪蹄,14.0,15.0,14.5,斤,,,2026-08-22
肉禽蛋,猪肉类,纯排骨,17.5,18.5,18.0,斤,,,2026-08-22
肉禽蛋,猪肉类,纯腔骨,4.5,5.0,4.75,斤,,,2026-08-22
肉禽蛋,猪肉类,腔排骨,11.0,11.5,11.25,斤,,,2026-08-22
肉禽蛋,猪肉类,梅花骨,5.5,6.0,5.75,斤,,,2026-08-22
肉禽蛋,猪肉类,棒骨,5.5,6.0,5.75,斤,,,2026-08-22
肉禽蛋,猪肉类,猪头,7.5,8.0,7.75,斤,,,2026-08-22
肉禽蛋,猪肉类,猪口条,8.5,9.0,8.75,斤,,,2026-08-22
肉禽蛋,猪肉类,猪耳,21.0,22.0,21.5,斤,,,2026-08-22
肉禽蛋,猪肉类,猪脑,15.0,18.0,16.5,斤,,,2026-08-22
肉禽蛋,猪肉类,猪肚,14.0,15.0,14.5,斤,,,2026-08-22
肉禽蛋,猪肉类,猪板油,4.5,5.0,4.75,斤,,,2026-08-22
肉禽蛋,猪肉类,肥膘肉,3.0,3.5,3.25,斤,,,2026-08-22
肉禽蛋,猪肉类,猪腰子,13.0,13.0,13.0,斤,,,2026-08-22
肉禽蛋,猪肉类,猪心,5.5,6.0,5.75,斤,,,2026-08-22
肉禽蛋,猪肉类,猪肝,4.5,5.0,4.75,斤,,,2026-08-22
肉禽蛋,猪肉类,猪肺,2.0,2.0,2.0,个,,,2026-08-22
肉禽蛋,猪肉类,猪皮,2.0,2.0,2.0,斤,,,2026-08-22
肉禽蛋,猪肉类,猪肠头,13.0,13.0,13.0,斤,,,2026-08-22
肉禽蛋,猪肉类,猪肠,10.0,10.0,10.0,斤,,,2026-08-22
肉禽蛋,猪肉类,白条猪,7.4,7.4,7.4,斤,,瘦,2026-08-21
肉禽蛋,猪肉类,白条猪,6.5,6.5,6.5,斤,,肥,2026-08-21
肉禽蛋,猪肉类,前臀尖,6.5,7.0,6.75,斤,,瘦,2026-08-21
肉禽蛋,猪肉类,前臀尖,6.0,6.0,6.0,斤,,肥,2026-08-21
肉禽蛋,猪肉类,后臀尖,6.5,7.0,6.75,斤,,瘦,2026-08-21
肉禽蛋,猪肉类,后臀尖,6.0,6.0,6.0,斤,,肥,2026-08-21
肉禽蛋,猪肉类,五花肉,9.0,9.5,9.25,斤,,瘦,2026-08-21
肉禽蛋,猪肉类,五花肉,8.0,8.5,8.25,斤,,肥,2026-08-21
肉禽蛋,猪肉类,精五花,10.5,11.5,11.0,斤,,,2026-08-21
肉禽蛋,猪肉类,纯通脊,8.0,9.0,8.5,斤,,,2026-08-21
肉禽蛋,猪肉类,通脊,6.0,7.0,6.5,斤,,带皮,2026-08-21
肉禽蛋,猪肉类,小里脊,9.0,9.5,9.25,斤,,,2026-08-21
肉禽蛋,猪肉类,梅花肉,8.0,9.0,8.5,斤,,,2026-08-21
肉禽蛋,猪肉类,纯瘦肉,7.0,8.0,7.5,斤,,,2026-08-21
肉禽蛋,猪肉类,护心肉,11.0,20.0,15.5,斤,,鲜,2026-08-21
肉禽蛋,猪肉类,前肘,6.0,6.5,6.25,斤,,,2026-08-21
肉禽蛋,猪肉类,后肘,5.0,6.0,5.5,斤,,,2026-08-21
肉禽蛋,猪肉类,月牙骨,15.0,16.0,15.5,斤,,,2026-08-21
肉禽蛋,猪肉类,猪尾巴,40.0,53.0,46.5,斤,,,2026-08-21
肉禽蛋,猪肉类,猪蹄,14.0,15.0,14.5,斤,,,2026-08-21
肉禽蛋,猪肉类,纯排骨,17.5,18.5,18.0,斤,,,2026-08-21
肉禽蛋,猪肉类,纯腔骨,4.5,5.0,4.75,斤,,,2026-08-21
肉禽蛋,猪肉类,腔排骨,11.0,11.5,11.25,斤,,,2026-08-21
肉禽蛋,猪肉类,梅花骨,5.5,6.0,5.75,斤,,,2026-08-21
肉禽蛋,猪肉类,棒骨,5.5,6.0,5.75,斤,,,2026-08-21
肉禽蛋,猪肉类,猪头,7.5,8.0,7.75,斤,,,2026-08-21
肉禽蛋,猪肉类,猪口条,8.5,9.0,8.75,斤,,,2026-08-21
肉禽蛋,猪肉类,猪耳,21.0,22.0,21.5,斤,,,2026-08-21
肉禽蛋,猪肉类,猪脑,15.0,18.0,16.5,斤,,,2026-08-21
肉禽蛋,猪肉类,猪肚,14.0,15.0,14.5,斤,,,2026-08-21
肉禽蛋,猪肉类,猪板油,4.5,5.0,4.75,斤,,,2026-08-21
肉禽蛋,猪肉类,肥膘肉,3.0,3.5,3.25,斤,,,2026-08-21
肉禽蛋,猪肉类,猪腰子,13.0,13.0,13.0,斤,,,2026-08-21
肉禽蛋,猪肉类,猪心,5.5,6.0,5.75,斤,,,2026-08-21
肉禽蛋,猪肉类,猪肝,4.5,5.0,4.75,斤,,,2026-08-21
肉禽蛋,猪肉类,猪肺,2.0,2.0,2.0,个,,,2026-08-21
肉禽蛋,猪肉类,猪皮,2.0,2.0,2.0,斤,,,2026-08-21
肉禽蛋,猪肉类,猪肠头,13.0,13.0,13.0,斤,,,2026-08-21
肉禽蛋,猪肉类,猪肠,10.0,10.0,10.0,斤,,,2026-08-21
肉禽蛋,猪肉类,白条猪,7.4,7.4,7.4,斤,,瘦,2026-08-20
肉禽蛋,猪肉类,白条猪,6.65,6.65,6.65,斤,,肥,2026-08-20
肉禽蛋,猪肉类,前臀尖,6.5,7.0,6.75,斤,,瘦,2026-08-20
肉禽蛋,猪肉类,前臀尖,6.0,6.0,6.0,斤,,肥,2026-08-20
肉禽蛋,猪肉类,后臀尖,6.5,7.0,6.75,斤,,瘦,2026-08-20
肉禽蛋,猪肉类,后臀尖,6.0,6.0,6.0,斤,,肥,2026-08-20
肉禽蛋,猪肉类,五花肉,9.0,9.5,9.25,斤,,瘦,2026-08-20
肉禽蛋,猪肉类,五花肉,8.0,8.5,8.25,斤,,肥,2026-08-20
肉禽蛋,猪肉类,精五花,11.0,11.5,11.25,斤,,,2026-08-20
肉禽蛋,猪肉类,纯通脊,8.5,9.0,8.75,斤,,,2026-08-20
肉禽蛋,猪肉类,通脊,6.5,7.0,6.75,斤,,带皮,2026-08-20
肉禽蛋,猪肉类,小里脊,9.0,9.5,9.25,斤,,,2026-08-20
肉禽蛋,猪肉类,梅花肉,8.5,9.0,8.75,斤,,,2026-08-20
肉禽蛋,猪肉类,纯瘦肉,7.5,8.0,7.75,斤,,,2026-08-20
肉禽蛋,猪肉类,护心肉,11.0,20.0,15.5,斤,,鲜,2026-08-20
肉禽蛋,猪肉类,前肘,6.0,7.0,6.5,斤,,,2026-08-20
肉禽蛋,猪肉类,后肘,5.0,6.0,5.5,斤,,,2026-08-20
肉禽蛋,猪肉类,月牙骨,15.0,16.0,15.5,斤,,,2026-08-20
肉禽蛋,猪肉类,猪尾巴,40.0,53.0,46.5,斤,,,2026-08-20
肉禽蛋,猪肉类,猪蹄,14.0,15.0,14.5,斤,,,2026-08-20
肉禽蛋,猪肉类,纯排骨,18.0,19.0,18.5,斤,,,2026-08-20
肉禽蛋,猪肉类,纯腔骨,4.5,5.0,4.75,斤,,,2026-08-20
肉禽蛋,猪肉类,腔排骨,11.0,11.5,11.25,斤,,,2026-08-20
肉禽蛋,猪肉类,梅花骨,5.5,6.0,5.75,斤,,,2026-08-20
肉禽蛋,猪肉类,棒骨,5.5,6.0,5.75,斤,,,2026-08-20
肉禽蛋,猪肉类,猪头,7.5,8.0,7.75,斤,,,2026-08-20
肉禽蛋,猪肉类,猪口条,8.5,9.0,8.75,斤,,,2026-08-20
肉禽蛋,猪肉类,猪耳,21.0,22.0,21.5,斤,,,2026-08-20
肉禽蛋,猪肉类,猪脑,15.0,18.0,16.5,斤,,,2026-08-20
肉禽蛋,猪肉类,猪肚,14.0,15.0,14.5,斤,,,2026-08-20
肉禽蛋,猪肉类,猪板油,4.5,5.0,4.75,斤,,,2026-08-20
肉禽蛋,猪肉类,肥膘肉,3.0,3.5,3.25,斤,,,2026-08-20
肉禽蛋,猪肉类,猪腰子,13.0,13.0,13.0,斤,,,2026-08-20
肉禽蛋,猪肉类,猪心,5.5,6.0,5.75,斤,,,2026-08-20
肉禽蛋,猪肉类,猪肝,4.5,5.0,4.75,斤,,,2026-08-20
肉禽蛋,猪肉类,猪肺,2.0,2.0,2.0,个,,,2026-08-20
肉禽蛋,猪肉类,猪皮,2.0,2.0,2.0,斤,,,2026-08-20
肉禽蛋,猪肉类,猪肠头,13.0,13.0,13.0,斤,,,2026-08-20
肉禽蛋,猪肉类,猪肠,10.0,10.0,10.0,斤,,,2026-08-20
肉禽蛋,猪肉类,白条猪,7.25,7.25,7.25,斤,,瘦,2026-08-19
肉禽蛋,猪肉类,白条猪,6.5,6.5,6.5,斤,,肥,2026-08-19
肉禽蛋,猪肉类,前臀尖,6.5,7.0,6.75,斤,,瘦,2026-08-19
肉禽蛋,猪肉类,前臀尖,5.5,6.0,5.75,斤,,肥,2026-08-19
肉禽蛋,猪肉类,后臀尖,6.5,7.0,6.75,斤,,瘦,2026-08-19
肉禽蛋,猪肉类,后臀尖,5.5,6.0,5.75,斤,,肥,2026-08-19
肉禽蛋,猪肉类,五花肉,8.5,9.0,8.75,斤,,瘦,2026-08-19
肉禽蛋,猪肉类,五花肉,8.0,8.5,8.25,斤,,肥,2026-08-19
肉禽蛋,猪肉类,精五花,10.5,11.5,11.0,斤,,,2026-08-19
肉禽蛋,猪肉类,纯通脊,8.0,8.5,8.25,斤,,,2026-08-19
肉禽蛋,猪肉类,通脊,6.5,7.0,6.75,斤,,带皮,2026-08-19
肉禽蛋,猪肉类,小里脊,9.0,9.5,9.25,斤,,,2026-08-19
肉禽蛋,猪肉类,梅花肉,8.5,9.0,8.75,斤,,,2026-08-19
肉禽蛋,猪肉类,纯瘦肉,7.0,7.5,7.25,斤,,,2026-08-19
肉禽蛋,猪肉类,护心肉,11.0,19.0,15.0,斤,,鲜,2026-08-19
肉禽蛋,猪肉类,前肘,6.0,6.5,6.25,斤,,,2026-08-19
肉禽蛋,猪肉类,后肘,4.8,5.5,5.15,斤,,,2026-08-19
肉禽蛋,猪肉类,月牙骨,15.0,16.0,15.5,斤,,,2026-08-19
肉禽蛋,猪肉类,猪尾巴,40.0,53.0,46.5,斤,,,2026-08-19
肉禽蛋,猪肉类,猪蹄,14.0,15.0,14.5,斤,,,2026-08-19
肉禽蛋,猪肉类,纯排骨,17.5,18.5,18.0,斤,,,2026-08-19
肉禽蛋,猪肉类,纯腔骨,4.0,5.0,4.5,斤,,,2026-08-19
肉禽蛋,猪肉类,腔排骨,11.0,11.5,11.25,斤,,,2026-08-19
肉禽蛋,猪肉类,梅花骨,5.5,6.0,5.75,斤,,,2026-08-19
肉禽蛋,猪肉类,棒骨,5.5,6.0,5.75,斤,,,2026-08-19
肉禽蛋,猪肉类,猪头,7.5,8.0,7.75,斤,,,2026-08-19
肉禽蛋,猪肉类,猪口条,8.5,9.0,8.75,斤,,,2026-08-19
肉禽蛋,猪肉类,猪耳,21.0,22.0,21.5,斤,,,2026-08-19
肉禽蛋,猪肉类,猪脑,15.0,18.0,16.5,斤,,,2026-08-19
肉禽蛋,猪肉类,猪肚,14.0,15.0,14.5,斤,,,2026-08-19
肉禽蛋,猪肉类,猪板油,4.5,5.0,4.75,斤,,,2026-08-19
肉禽蛋,猪肉类,肥膘肉,3.0,3.5,3.25,斤,,,2026-08-19
肉禽蛋,猪肉类,猪腰子,13.0,13.0,13.0,斤,,,2026-08-19
肉禽蛋,猪肉类,猪心,5.0,5.5,5.25,斤,,,2026-08-19
肉禽蛋,猪肉类,猪肝,4.0,5.0,4.5,斤,,,2026-08-19
肉禽蛋,猪肉类,猪肺,2.0,2.0,2.0,个,,,2026-08-19
肉禽蛋,猪肉类,猪皮,2.0,2.0,2.0,斤,,,2026-08-19
肉禽蛋,猪肉类,猪肠头,13.0,13.0,13.0,斤,,,2026-08-19
肉禽蛋,猪肉类,猪肠,10.0,10.0,10.0,斤,,,2026-08-19
肉禽蛋,猪肉类,白条猪,7.15,7.15,7.15,斤,,瘦,2026-08-18
肉禽蛋,猪肉类,白条猪,6.25,6.25,6.25,斤,,肥,2026-08-18
肉禽蛋,猪肉类,前臀尖,6.5,6.5,6.5,斤,,瘦,2026-08-18
肉禽蛋,猪肉类,前臀尖,5.5,6.0,5.75,斤,,肥,2026-08-18
肉禽蛋,猪肉类,后臀尖,6.5,6.5,6.5,斤,,瘦,2026-08-18
肉禽蛋,猪肉类,后臀尖,5.5,6.0,5.75,斤,,肥,2026-08-18
肉禽蛋,猪肉类,五花肉,8.5,8.5,8.5,斤,,瘦,2026-08-18
肉禽蛋,猪肉类,五花肉,8.0,8.0,8.0,斤,,肥,2026-08-18
肉禽蛋,猪肉类,精五花,10.5,11.0,10.75,斤,,,2026-08-18
肉禽蛋,猪肉类,纯通脊,8.0,8.0,8.0,斤,,,2026-08-18
肉禽蛋,猪肉类,通脊,6.5,6.5,6.5,斤,,带皮,2026-08-18
肉禽蛋,猪肉类,小里脊,9.0,9.0,9.0,斤,,,2026-08-18
肉禽蛋,猪肉类,梅花肉,8.0,9.0,8.5,斤,,,2026-08-18
肉禽蛋,猪肉类,纯瘦肉,7.0,7.5,7.25,斤,,,2026-08-18
肉禽蛋,猪肉类,护心肉,11.0,19.0,15.0,斤,,鲜,2026-08-18
肉禽蛋,猪肉类,前肘,6.0,6.5,6.25,斤,,,2026-08-18
肉禽蛋,猪肉类,后肘,4.8,5.5,5.15,斤,,,2026-08-18
肉禽蛋,猪肉类,月牙骨,15.0,16.0,15.5,斤,,,2026-08-18
肉禽蛋,猪肉类,猪尾巴,40.0,53.0,46.5,斤,,,2026-08-18
肉禽蛋,猪肉类,猪蹄,14.0,15.0,14.5,斤,,,2026-08-18
肉禽蛋,猪肉类,纯排骨,17.5,18.5,18.0,斤,,,2026-08-18
肉禽蛋,猪肉类,纯腔骨,4.0,5.0,4.5,斤,,,2026-08-18
肉禽蛋,猪肉类,腔排骨,11.0,11.5,11.25,斤,,,2026-08-18
肉禽蛋,猪肉类,梅花骨,5.5,6.0,5.75,斤,,,2026-08-18
肉禽蛋,猪肉类,棒骨,5.5,6.0,5.75,斤,,,2026-08-18
肉禽蛋,猪肉类,猪头,7.5,8.0,7.75,斤,,,2026-08-18
肉禽蛋,猪肉类,猪口条,8.5,9.0,8.75,斤,,,2026-08-18
肉禽蛋,猪肉类,猪耳,21.0,22.0,21.5,斤,,,2026-08-18
肉禽蛋,猪肉类,猪脑,15.0,18.0,16.5,斤,,,2026-08-18
肉禽蛋,猪肉类,猪肚,14.0,15.0,14.5,斤,,,2026-08-18
肉禽蛋,猪肉类,猪板油,4.5,5.0,4.75,斤,,,2026-08-18
肉禽蛋,猪肉类,肥膘肉,3.0,3.5,3.25,斤,,,2026-08-18
肉禽蛋,猪肉类,猪腰子,13.0,13.0,13.0,斤,,,2026-08-18
肉禽蛋,猪肉类,猪心,5.0,6.0,5.5,斤,,,2026-08-18
肉禽蛋,猪肉类,猪肝,4.0,5.0,4.5,斤,,,2026-08-18
肉禽蛋,猪肉类,猪肺,2.0,2.5,2.25,个,,,2026-08-18
肉禽蛋,猪肉类,猪皮,2.0,2.0,2.0,斤,,,2026-08-18
肉禽蛋,猪肉类,猪肠头,13.0,13.0,13.0,斤,,,2026-08-18
肉禽蛋,猪肉类,猪肠,10.0,10.0,10.0,斤,,,2026-08-18
肉禽蛋,猪肉类,白条猪,7.15,7.15,7.15,斤,,瘦,2026-08-17
肉禽蛋,猪肉类,白条猪,6.65,6.65,6.65,斤,,肥,2026-08-17
肉禽蛋,猪肉类,前臀尖,6.5,7.0,6.75,斤,,瘦,2026-08-17
肉禽蛋,猪肉类,前臀尖,5.5,6.0,5.75,斤,,肥,2026-08-17
肉禽蛋,猪肉类,后臀尖,6.5,7.0,6.75,斤,,瘦,2026-08-17
肉禽蛋,猪肉类,后臀尖,5.5,6.0,5.75,斤,,肥,2026-08-17
肉禽蛋,猪肉类,五花肉,8.5,8.5,8.5,斤,,瘦,2026-08-17
肉禽蛋,猪肉类,五花肉,8.0,8.0,8.0,斤,,肥,2026-08-17
肉禽蛋,猪肉类,精五花,10.5,11.0,10.75,斤,,,2026-08-17
肉禽蛋,猪肉类,纯通脊,8.0,8.0,8.0,斤,,,2026-08-17
肉禽蛋,猪肉类,通脊,6.5,6.5,6.5,斤,,带皮,2026-08-17
肉禽蛋,猪肉类,小里脊,9.0,9.0,9.0,斤,,,2026-08-17
肉禽蛋,猪肉类,梅花肉,8.0,9.0,8.5,斤,,,2026-08-17
肉禽蛋,猪肉类,纯瘦肉,7.0,7.5,7.25,斤,,,2026-08-17
肉禽蛋,猪肉类,护心肉,11.0,19.0,15.0,斤,,鲜,2026-08-17
肉禽蛋,猪肉类,前肘,6.0,7.0,6.5,斤,,,2026-08-17
肉禽蛋,猪肉类,后肘,4.8,5.5,5.15,斤,,,2026-08-17
肉禽蛋,猪肉类,月牙骨,15.0,16.0,15.5,斤,,,2026-08-17
肉禽蛋,猪肉类,猪尾巴,40.0,52.0,46.0,斤,,,2026-08-17
肉禽蛋,猪肉类,猪蹄,14.0,16.0,15.0,斤,,,2026-08-17
肉禽蛋,猪肉类,纯排骨,17.5,18.5,18.0,斤,,,2026-08-17
肉禽蛋,猪肉类,纯腔骨,4.0,5.0,4.5,斤,,,2026-08-17
肉禽蛋,猪肉类,腔排骨,11.0,11.5,11.25,斤,,,2026-08-17
肉禽蛋,猪肉类,梅花骨,5.5,6.0,5.75,斤,,,2026-08-17
肉禽蛋,猪肉类,棒骨,5.5,6.0,5.75,斤,,,2026-08-17
肉禽蛋,猪肉类,猪头,7.5,8.0,7.75,斤,,,2026-08-17
肉禽蛋,猪肉类,猪口条,8.5,9.0,8.75,斤,,,2026-08-17
肉禽蛋,猪肉类,猪耳,21.0,22.0,21.5,斤,,,2026-08-17
肉禽蛋,猪肉类,猪脑,17.0,18.0,17.5,斤,,,2026-08-17
肉禽蛋,猪肉类,猪肚,14.0,15.0,14.5,斤,,,2026-08-17
肉禽蛋,猪肉类,猪板油,4.5,5.0,4.75,斤,,,2026-08-17
肉禽蛋,猪肉类,肥膘肉,3.0,3.5,3.25,斤,,,2026-08-17
肉禽蛋,猪肉类,猪腰子,13.0,13.0,13.0,斤,,,2026-08-17
肉禽蛋,猪肉类,猪心,5.0,6.0,5.5,斤,,,2026-08-17
肉禽蛋,猪肉类,猪肝,4.0,5.0,4.5,斤,,,2026-08-17
肉禽蛋,猪肉类,猪肺,2.0,2.5,2.25,个,,,2026-08-17
肉禽蛋,猪肉类,猪皮,2.0,2.0,2.0,斤,,,2026-08-17
肉禽蛋,猪肉类,猪肠头,13.0,13.0,13.0,斤,,,2026-08-17
肉禽蛋,猪肉类,猪肠,10.0,10.0,10.0,斤,,,2026-08-17
肉禽蛋,猪肉类,白条猪,7.15,7.15,7.15,斤,,瘦,2026-08-16
肉禽蛋,猪肉类,白条猪,6.25,6.25,6.25,斤,,肥,2026-08-16
肉禽蛋,猪肉类,前臀尖,6.5,6.5,6.5,斤,,瘦,2026-08-16
肉禽蛋,猪肉类,前臀尖,5.5,6.0,5.75,斤,,肥,2026-08-16
肉禽蛋,猪肉类,后臀尖,6.5,6.5,6.5,斤,,瘦,2026-08-16
肉禽蛋,猪肉类,后臀尖,5.5,6.0,5.75,斤,,肥,2026-08-16
肉禽蛋,猪肉类,五花肉,8.5,8.5,8.5,斤,,瘦,2026-08-16
肉禽蛋,猪肉类,五花肉,8.0,8.0,8.0,斤,,肥,2026-08-16
肉禽蛋,猪肉类,精五花,10.0,11.0,10.5,斤,,,2026-08-16
肉禽蛋,猪肉类,纯通脊,8.0,8.0,8.0,斤,,,2026-08-16
肉禽蛋,猪肉类,通脊,6.5,6.5,6.5,斤,,带皮,2026-08-16
肉禽蛋,猪肉类,小里脊,9.0,9.0,9.0,斤,,,2026-08-16
肉禽蛋,猪肉类,梅花肉,8.0,9.0,8.5,斤,,,2026-08-16
肉禽蛋,猪肉类,纯瘦肉,7.0,7.5,7.25,斤,,,2026-08-16
肉禽蛋,猪肉类,护心肉,11.0,19.0,15.0,斤,,鲜,2026-08-16
肉禽蛋,猪肉类,前肘,5.8,6.5,6.15,斤,,,2026-08-16
肉禽蛋,猪肉类,后肘,4.8,5.5,5.15,斤,,,2026-08-16
肉禽蛋,猪肉类,月牙骨,15.0,16.0,15.5,斤,,,2026-08-16
肉禽蛋,猪肉类,猪尾巴,40.0,52.0,46.0,斤,,,2026-08-16
肉禽蛋,猪肉类,猪蹄,14.0,16.0,15.0,斤,,,2026-08-16
肉禽蛋,猪肉类,纯排骨,17.0,18.0,17.5,斤,,,2026-08-16
肉禽蛋,猪肉类,纯腔骨,4.0,5.0,4.5,斤,,,2026-08-16
肉禽蛋,猪肉类,腔排骨,10.5,11.5,11.0,斤,,,2026-08-16
肉禽蛋,猪肉类,梅花骨,5.5,6.0,5.75,斤,,,2026-08-16
肉禽蛋,猪肉类,棒骨,5.0,6.0,5.5,斤,,,2026-08-16
肉禽蛋,猪肉类,猪头,7.5,8.0,7.75,斤,,,2026-08-16
肉禽蛋,猪肉类,猪口条,8.5,9.0,8.75,斤,,,2026-08-16
肉禽蛋,猪肉类,猪耳,21.0,22.0,21.5,斤,,,2026-08-16
肉禽蛋,猪肉类,猪脑,17.0,18.0,17.5,斤,,,2026-08-16
肉禽蛋,猪肉类,猪肚,14.0,15.0,14.5,斤,,,2026-08-16
肉禽蛋,猪肉类,猪板油,4.5,5.0,4.75,斤,,,2026-08-16
肉禽蛋,猪肉类,肥膘肉,3.0,3.5,3.25,斤,,,2026-08-16
肉禽蛋,猪肉类,猪腰子,13.0,13.0,13.0,斤,,,2026-08-16
肉禽蛋,猪肉类,猪心,5.0,6.0,5.5,斤,,,2026-08-16
肉禽蛋,猪肉类,猪肝,4.0,5.0,4.5,斤,,,2026-08-16
肉禽蛋,猪肉类,猪肺,2.0,2.5,2.25,个,,,2026-08-16
肉禽蛋,猪肉类,猪皮,2.0,2.0,2.0,斤,,,2026-08-16
肉禽蛋,猪肉类,猪肠头,13.0,13.0,13.0,斤,,,2026-08-16
肉禽蛋,猪肉类,猪肠,10.0,10.0,10.0,斤,,,2026-08-16
肉禽蛋,猪肉类,白条猪,7.2,7.2,7.2,斤,,瘦,2026-08-15
肉禽蛋,猪肉类,白条猪,6.3,6.3,6.3,斤,,肥,2026-08-15
肉禽蛋,猪肉类,前臀尖,6.5,6.5,6.5,斤,,瘦,2026-08-15
肉禽蛋,猪肉类,前臀尖,5.5,6.0,5.75,斤,,肥,2026-08-15
肉禽蛋,猪肉类,后臀尖,6.5,6.5,6.5,斤,,瘦,2026-08-15
肉禽蛋,猪肉类,后臀尖,5.5,6.0,5.75,斤,,肥,2026-08-15
肉禽蛋,猪肉类,五花肉,8.5,8.5,8.5,斤,,瘦,2026-08-15
肉禽蛋,猪肉类,五花肉,8.0,8.0,8.0,斤,,肥,2026-08-15
肉禽蛋,猪肉类,精五花,10.0,11.0,10.5,斤,,,2026-08-15
肉禽蛋,猪肉类,纯通脊,8.0,8.0,8.0,斤,,,2026-08-15
肉禽蛋,猪肉类,通脊,6.5,6.5,6.5,斤,,带皮,2026-08-15
肉禽蛋,猪肉类,小里脊,9.0,9.0,9.0,斤,,,2026-08-15
肉禽蛋,猪肉类,梅花肉,8.0,9.0,8.5,斤,,,2026-08-15
肉禽蛋,猪肉类,纯瘦肉,7.0,7.5,7.25,斤,,,2026-08-15
肉禽蛋,猪肉类,护心肉,11.0,19.0,15.0,斤,,鲜,2026-08-15
肉禽蛋,猪肉类,前肘,5.8,6.5,6.15,斤,,,2026-08-15
肉禽蛋,猪肉类,后肘,4.8,5.5,5.15,斤,,,2026-08-15
肉禽蛋,猪肉类,月牙骨,15.0,16.0,15.5,斤,,,2026-08-15
肉禽蛋,猪肉类,猪尾巴,40.0,52.0,46.0,斤,,,2026-08-15
肉禽蛋,猪肉类,猪蹄,14.0,16.0,15.0,斤,,,2026-08-15
肉禽蛋,猪肉类,纯排骨,17.0,18.0,17.5,斤,,,2026-08-15
肉禽蛋,猪肉类,纯腔骨,4.0,5.0,4.5,斤,,,2026-08-15
肉禽蛋,猪肉类,腔排骨,10.5,11.5,11.0,斤,,,2026-08-15
肉禽蛋,猪肉类,梅花骨,5.5,6.0,5.75,斤,,,2026-08-15
肉禽蛋,猪肉类,棒骨,5.0,6.0,5.5,斤,,,2026-08-15
肉禽蛋,猪肉类,猪头,7.5,8.0,7.75,斤,,,2026-08-15
肉禽蛋,猪肉类,猪口条,8.5,9.0,8.75,斤,,,2026-08-15
肉禽蛋,猪肉类,猪耳,21.0,22.0,21.5,斤,,,2026-08-15
肉禽蛋,猪肉类,猪脑,17.0,18.0,17.5,斤,,,2026-08-15
肉禽蛋,猪肉类,猪肚,14.0,15.0,14.5,斤,,,2026-08-15
肉禽蛋,猪肉类,猪板油,4.5,5.0,4.75,斤,,,2026-08-15
肉禽蛋,猪肉类,肥膘肉,3.0,3.5,3.25,斤,,,2026-08-15
肉禽蛋,猪肉类,猪腰子,13.0,13.0,13.0,斤,,,2026-08-15
肉禽蛋,猪肉类,猪心,5.0,6.0,5.5,斤,,,2026-08-15
肉禽蛋,猪肉类,猪肝,4.0,5.0,4.5,斤,,,2026-08-15
肉禽蛋,猪肉类,猪肺,2.0,2.5,2.25,个,,,2026-08-15
肉禽蛋,猪肉类,猪皮,2.0,2.0,2.0,斤,,,2026-08-15
肉禽蛋,猪肉类,猪肠头,13.0,13.0,13.0,斤,,,2026-08-15
肉禽蛋,猪肉类,猪肠,10.0,10.0,10.0,斤,,,2026-08-15
肉禽蛋,猪肉类,白条猪,7.1,7.4,7.25,斤,,瘦,2026-08-14
肉禽蛋,猪肉类,白条猪,6.4,6.4,6.4,斤,,肥,2026-08-14
肉禽蛋,猪肉类,前臀尖,6.5,6.5,6.5,斤,,瘦,2026-08-14
肉禽蛋,猪肉类,前臀尖,5.5,6.0,5.75,斤,,肥,2026-08-14
肉禽蛋,猪肉类,后臀尖,6.5,6.5,6.5,斤,,瘦,2026-08-14
肉禽蛋,猪肉类,后臀尖,5.5,6.0,5.75,斤,,肥,2026-08-14
肉禽蛋,猪肉类,五花肉,8.5,8.5,8.5,斤,,瘦,2026-08-14
肉禽蛋,猪肉类,五花肉,8.0,8.0,8.0,斤,,肥,2026-08-14
肉禽蛋,猪肉类,精五花,10.5,11.5,11.0,斤,,,2026-08-14
肉禽蛋,猪肉类,纯通脊,8.0,8.0,8.0,斤,,,2026-08-14
肉禽蛋,猪肉类,通脊,6.5,6.5,6.5,斤,,带皮,2026-08-14
肉禽蛋,猪肉类,小里脊,9.0,9.0,9.0,斤,,,2026-08-14
肉禽蛋,猪肉类,梅花肉,8.0,9.0,8.5,斤,,,2026-08-14
肉禽蛋,猪肉类,纯瘦肉,7.0,7.5,7.25,斤,,,2026-08-14
肉禽蛋,猪肉类,护心肉,11.0,19.0,15.0,斤,,鲜,2026-08-14
肉禽蛋,猪肉类,前肘,5.8,6.5,6.15,斤,,,2026-08-14
肉禽蛋,猪肉类,后肘,4.8,5.5,5.15,斤,,,2026-08-14
肉禽蛋,猪肉类,月牙骨,15.0,16.0,15.5,斤,,,2026-08-14
肉禽蛋,猪肉类,猪尾巴,40.0,52.0,46.0,斤,,,2026-08-14
肉禽蛋,猪肉类,猪蹄,14.0,16.0,15.0,斤,,,2026-08-14
肉禽蛋,猪肉类,纯排骨,17.0,18.0,17.5,斤,,,2026-08-14
肉禽蛋,猪肉类,纯腔骨,4.0,5.0,4.5,斤,,,2026-08-14
肉禽蛋,猪肉类,腔排骨,10.5,11.5,11.0,斤,,,2026-08-14
肉禽蛋,猪肉类,梅花骨,5.5,6.5,6.0,斤,,,2026-08-14
肉禽蛋,猪肉类,棒骨,5.5,6.0,5.75,斤,,,2026-08-14
肉禽蛋,猪肉类,猪头,7.5,8.0,7.75,斤,,,2026-08-14
肉禽蛋,猪肉类,猪口条,8.5,9.0,8.75,斤,,,2026-08-14
肉禽蛋,猪肉类,猪耳,21.0,22.0,21.5,斤,,,2026-08-14
肉禽蛋,猪肉类,猪脑,17.0,18.0,17.5,斤,,,2026-08-14
肉禽蛋,猪肉类,猪肚,14.0,15.0,14.5,斤,,,2026-08-14
肉禽蛋,猪肉类,猪板油,4.5,5.0,4.75,斤,,,2026-08-14
肉禽蛋,猪肉类,肥膘肉,3.0,3.5,3.25,斤,,,2026-08-14
肉禽蛋,猪肉类,猪腰子,13.0,13.0,13.0,斤,,,2026-08-14
肉禽蛋,猪肉类,猪心,5.0,6.0,5.5,斤,,,2026-08-14
肉禽蛋,猪肉类,猪肝,4.0,5.0,4.5,斤,,,2026-08-14
肉禽蛋,猪肉类,猪肺,2.0,2.5,2.25,个,,,2026-08-14
肉禽蛋,猪肉类,猪皮,2.0,2.0,2.0,斤,,,2026-08-14
肉禽蛋,猪肉类,猪肠头,13.0,13.0,13.0,斤,,,2026-08-14
肉禽蛋,猪肉类,猪肠,10.0,10.0,10.0,斤,,,2026-08-14
肉禽蛋,猪肉类,白条猪,7.0,7.0,7.0,斤,,瘦,2026-08-13
肉禽蛋,猪肉类,白条猪,6.3,6.3,6.3,斤,,肥,2026-08-13
肉禽蛋,猪肉类,前臀尖,6.5,6.5,6.5,斤,,瘦,2026-08-13
肉禽蛋,猪肉类,前臀尖,5.5,5.5,5.5,斤,,肥,2026-08-13
肉禽蛋,猪肉类,后臀尖,6.5,6.5,6.5,斤,,瘦,2026-08-13
肉禽蛋,猪肉类,后臀尖,5.5,5.5,5.5,斤,,肥,2026-08-13
肉禽蛋,猪肉类,五花肉,8.5,8.5,8.5,斤,,瘦,2026-08-13
肉禽蛋,猪肉类,五花肉,8.0,8.0,8.0,斤,,肥,2026-08-13
肉禽蛋,猪肉类,精五花,10.5,11.5,11.0,斤,,,2026-08-13
肉禽蛋,猪肉类,纯通脊,8.0,8.5,8.25,斤,,,2026-08-13
肉禽蛋,猪肉类,通脊,6.5,6.5,6.5,斤,,带皮,2026-08-13
肉禽蛋,猪肉类,小里脊,9.0,9.0,9.0,斤,,,2026-08-13
肉禽蛋,猪肉类,梅花肉,8.0,9.0,8.5,斤,,,2026-08-13
肉禽蛋,猪肉类,纯瘦肉,7.0,7.5,7.25,斤,,,2026-08-13
肉禽蛋,猪肉类,护心肉,11.0,19.0,15.0,斤,,鲜,2026-08-13
肉禽蛋,猪肉类,前肘,6.0,6.5,6.25,斤,,,2026-08-13
肉禽蛋,猪肉类,后肘,4.8,5.5,5.15,斤,,,2026-08-13
肉禽蛋,猪肉类,月牙骨,15.0,16.0,15.5,斤,,,2026-08-13
肉禽蛋,猪肉类,猪尾巴,40.0,52.0,46.0,斤,,,2026-08-13
肉禽蛋,猪肉类,猪蹄,14.0,16.0,15.0,斤,,,2026-08-13
肉禽蛋,猪肉类,纯排骨,16.0,18.0,17.0,斤,,,2026-08-13
肉禽蛋,猪肉类,纯腔骨,4.0,5.0,4.5,斤,,,2026-08-13
肉禽蛋,猪肉类,腔排骨,11.0,11.5,11.25,斤,,,2026-08-13
肉禽蛋,猪肉类,梅花骨,5.5,6.5,6.0,斤,,,2026-08-13
肉禽蛋,猪肉类,棒骨,5.5,6.0,5.75,斤,,,2026-08-13
肉禽蛋,猪肉类,猪头,7.5,8.0,7.75,斤,,,2026-08-13
肉禽蛋,猪肉类,猪口条,8.5,9.0,8.75,斤,,,2026-08-13
肉禽蛋,猪肉类,猪耳,21.0,22.0,21.5,斤,,,2026-08-13
肉禽蛋,猪肉类,猪脑,17.0,18.0,17.5,斤,,,2026-08-13
肉禽蛋,猪肉类,猪肚,14.0,15.0,14.5,斤,,,2026-08-13
肉禽蛋,猪肉类,猪板油,4.5,5.0,4.75,斤,,,2026-08-13
肉禽蛋,猪肉类,肥膘肉,3.0,3.5,3.25,斤,,,2026-08-13
肉禽蛋,猪肉类,猪腰子,13.0,13.0,13.0,斤,,,2026-08-13
肉禽蛋,猪肉类,猪心,5.0,6.0,5.5,斤,,,2026-08-13
肉禽蛋,猪肉类,猪肝,4.0,5.0,4.5,斤,,,2026-08-13
肉禽蛋,猪肉类,猪肺,2.0,2.5,2.25,个,,,2026-08-13
肉禽蛋,猪肉类,猪皮,2.0,2.0,2.0,斤,,,2026-08-13
肉禽蛋,猪肉类,猪肠头,13.0,13.0,13.0,斤,,,2026-08-13
肉禽蛋,猪肉类,猪肠,10.0,10.0,10.0,斤,,,2026-08-13
肉禽蛋,猪肉类,白条猪,7.0,7.0,7.0,斤,,瘦,2026-08-12
肉禽蛋,猪肉类,白条猪,6.35,6.35,6.35,斤,,肥,2026-08-12
肉禽蛋,猪肉类,前臀尖,6.5,7.0,6.75,斤,,瘦,2026-08-12
肉禽蛋,猪肉类,前臀尖,6.0,6.0,6.0,斤,,肥,2026-08-12
肉禽蛋,猪肉类,后臀尖,6.5,7.0,6.75,斤,,瘦,2026-08-12
肉禽蛋,猪肉类,后臀尖,6.0,6.0,6.0,斤,,肥,2026-08-12
肉禽蛋,猪肉类,五花肉,8.5,8.5,8.5,斤,,瘦,2026-08-12
肉禽蛋,猪肉类,五花肉,8.0,8.0,8.0,斤,,肥,2026-08-12
肉禽蛋,猪肉类,精五花,10.0,11.0,10.5,斤,,,2026-08-12
肉禽蛋,猪肉类,纯通脊,8.0,8.5,8.25,斤,,,2026-08-12
肉禽蛋,猪肉类,通脊,6.5,7.0,6.75,斤,,带皮,2026-08-12
肉禽蛋,猪肉类,小里脊,9.0,9.0,9.0,斤,,,2026-08-12
肉禽蛋,猪肉类,梅花肉,8.0,9.0,8.5,斤,,,2026-08-12
肉禽蛋,猪肉类,纯瘦肉,7.0,7.5,7.25,斤,,,2026-08-12
肉禽蛋,猪肉类,护心肉,10.0,19.0,14.5,斤,,鲜,2026-08-12
肉禽蛋,猪肉类,前肘,6.0,7.0,6.5,斤,,,2026-08-12
肉禽蛋,猪肉类,后肘,4.8,5.5,5.15,斤,,,2026-08-12
肉禽蛋,猪肉类,月牙骨,15.0,16.0,15.5,斤,,,2026-08-12
肉禽蛋,猪肉类,猪尾巴,40.0,52.0,46.0,斤,,,2026-08-12
肉禽蛋,猪肉类,猪蹄,14.0,16.0,15.0,斤,,,2026-08-12
肉禽蛋,猪肉类,纯排骨,16.0,18.0,17.0,斤,,,2026-08-12
肉禽蛋,猪肉类,纯腔骨,4.0,5.0,4.5,斤,,,2026-08-12
肉禽蛋,猪肉类,腔排骨,10.5,11.0,10.75,斤,,,2026-08-12
肉禽蛋,猪肉类,梅花骨,5.5,6.5,6.0,斤,,,2026-08-12
肉禽蛋,猪肉类,棒骨,5.5,6.0,5.75,斤,,,2026-08-12
肉禽蛋,猪肉类,猪头,7.5,8.0,7.75,斤,,,2026-08-12
肉禽蛋,猪肉类,猪口条,8.5,9.0,8.75,斤,,,2026-08-12
肉禽蛋,猪肉类,猪耳,21.0,22.0,21.5,斤,,,2026-08-12
肉禽蛋,猪肉类,猪脑,17.0,18.0,17.5,斤,,,2026-08-12
肉禽蛋,猪肉类,猪肚,14.0,15.0,14.5,斤,,,2026-08-12
肉禽蛋,猪肉类,猪板油,4.5,5.0,4.75,斤,,,2026-08-12
肉禽蛋,猪肉类,肥膘肉,3.0,3.5,3.25,斤,,,2026-08-12
肉禽蛋,猪肉类,猪腰子,13.0,13.0,13.0,斤,,,2026-08-12
肉禽蛋,猪肉类,猪心,5.0,6.0,5.5,斤,,,2026-08-12
肉禽蛋,猪肉类,猪肝,4.0,5.0,4.5,斤,,,2026-08-12
肉禽蛋,猪肉类,猪肺,2.0,2.5,2.25,个,,,2026-08-12
肉禽蛋,猪肉类,猪皮,2.0,2.0,2.0,斤,,,2026-08-12
肉禽蛋,猪肉类,猪肠头,13.0,13.0,13.0,斤,,,2026-08-12
肉禽蛋,猪肉类,猪肠,10.0,10.0,10.0,斤,,,2026-08-12
肉禽蛋,猪肉类,白条猪,7.0,7.0,7.0,斤,,瘦,2026-08-11
肉禽蛋,猪肉类,白条猪,6.4,6.4,6.4,斤,,肥,2026-08-11
肉禽蛋,猪肉类,前臀尖,6.5,7.0,6.75,斤,,瘦,2026-08-11
肉禽蛋,猪肉类,前臀尖,6.0,6.0,6.0,斤,,肥,2026-08-11
肉禽蛋,猪肉类,后臀尖,6.5,7.0,6.75,斤,,瘦,2026-08-11
肉禽蛋,猪肉类,后臀尖,6.0,6.0,6.0,斤,,肥,2026-08-11
肉禽蛋,猪肉类,五花肉,8.5,8.5,8.5,斤,,瘦,2026-08-11
肉禽蛋,猪肉类,五花肉,8.0,8.0,8.0,斤,,肥,2026-08-11
肉禽蛋,猪肉类,精五花,10.0,11.0,10.5,斤,,,2026-08-11
肉禽蛋,猪肉类,纯通脊,8.0,8.5,8.25,斤,,,2026-08-11
肉禽蛋,猪肉类,通脊,6.5,7.0,6.75,斤,,带皮,2026-08-11
肉禽蛋,猪肉类,小里脊,9.0,9.0,9.0,斤,,,2026-08-11
肉禽蛋,猪肉类,梅花肉,8.0,9.0,8.5,斤,,,2026-08-11
肉禽蛋,猪肉类,纯瘦肉,7.0,7.5,7.25,斤,,,2026-08-11
肉禽蛋,猪肉类,护心肉,10.0,19.0,14.5,斤,,鲜,2026-08-11
肉禽蛋,猪肉类,前肘,6.0,7.0,6.5,斤,,,2026-08-11
肉禽蛋,猪肉类,后肘,4.8,5.5,5.15,斤,,,2026-08-11
肉禽蛋,猪肉类,月牙骨,15.0,16.0,15.5,斤,,,2026-08-11
肉禽蛋,猪肉类,猪尾巴,40.0,52.0,46.0,斤,,,2026-08-11
肉禽蛋,猪肉类,猪蹄,14.0,16.0,15.0,斤,,,2026-08-11
肉禽蛋,猪肉类,纯排骨,17.0,18.0,17.5,斤,,,2026-08-11
肉禽蛋,猪肉类,纯腔骨,4.0,5.0,4.5,斤,,,2026-08-11
肉禽蛋,猪肉类,腔排骨,10.5,11.0,10.75,斤,,,2026-08-11
肉禽蛋,猪肉类,梅花骨,5.5,6.5,6.0,斤,,,2026-08-11
肉禽蛋,猪肉类,棒骨,5.0,6.0,5.5,斤,,,2026-08-11
肉禽蛋,猪肉类,猪头,7.5,8.0,7.75,斤,,,2026-08-11
肉禽蛋,猪肉类,猪口条,8.5,9.0,8.75,斤,,,2026-08-11
肉禽蛋,猪肉类,猪耳,21.0,22.0,21.5,斤,,,2026-08-11
肉禽蛋,猪肉类,猪脑,17.0,18.0,17.5,斤,,,2026-08-11
肉禽蛋,猪肉类,猪肚,14.0,15.0,14.5,斤,,,2026-08-11
肉禽蛋,猪肉类,猪板油,4.5,5.0,4.75,斤,,,2026-08-11
肉禽蛋,猪肉类,肥膘肉,3.0,3.5,3.25,斤,,,2026-08-11
肉禽蛋,猪肉类,猪腰子,13.0,13.0,13.0,斤,,,2026-08-11
肉禽蛋,猪肉类,猪心,5.0,6.0,5.5,斤,,,2026-08-11
肉禽蛋,猪肉类,猪肝,4.0,5.0,4.5,斤,,,2026-08-11
肉禽蛋,猪肉类,猪肺,2.0,2.5,2.25,个,,,2026-08-11
肉禽蛋,猪肉类,猪皮,2.0,2.0,2.0,斤,,,2026-08-11
肉禽蛋,猪肉类,猪肠头,13.0,13.0,13.0,斤,,,2026-08-11
肉禽蛋,猪肉类,猪肠,10.0,10.0,10.0,斤,,,2026-08-11
肉禽蛋,猪肉类,白条猪,6.9,6.9,6.9,斤,,瘦,2026-08-10
肉禽蛋,猪肉类,白条猪,6.3,6.3,6.3,斤,,肥,2026-08-10
肉禽蛋,猪肉类,前臀尖,6.5,6.5,6.5,斤,,瘦,2026-08-10
肉禽蛋,猪肉类,前臀尖,5.5,6.0,5.75,斤,,肥,2026-08-10
肉禽蛋,猪肉类,后臀尖,6.5,6.5,6.5,斤,,瘦,2026-08-10
肉禽蛋,猪肉类,后臀尖,5.5,6.0,5.75,斤,,肥,2026-08-10
肉禽蛋,猪肉类,五花肉,8.5,8.5,8.5,斤,,瘦,2026-08-10
肉禽蛋,猪肉类,五花肉,8.0,8.0,8.0,斤,,肥,2026-08-10
肉禽蛋,猪肉类,精五花,10.0,11.0,10.5,斤,,,2026-08-10
肉禽蛋,猪肉类,纯通脊,8.0,8.0,8.0,斤,,,2026-08-10
肉禽蛋,猪肉类,通脊,6.5,6.5,6.5,斤,,带皮,2026-08-10
肉禽蛋,猪肉类,小里脊,9.0,9.0,9.0,斤,,,2026-08-10
肉禽蛋,猪肉类,梅花肉,8.0,9.0,8.5,斤,,,2026-08-10
肉禽蛋,猪肉类,纯瘦肉,7.0,7.0,7.0,斤,,,2026-08-10
肉禽蛋,猪肉类,护心肉,10.0,19.0,14.5,斤,,鲜,2026-08-10
肉禽蛋,猪肉类,前肘,6.0,7.0,6.5,斤,,,2026-08-10
肉禽蛋,猪肉类,后肘,4.8,5.5,5.15,斤,,,2026-08-10
肉禽蛋,猪肉类,月牙骨,15.0,16.0,15.5,斤,,,2026-08-10
肉禽蛋,猪肉类,猪尾巴,40.0,52.0,46.0,斤,,,2026-08-10
肉禽蛋,猪肉类,猪蹄,14.0,16.0,15.0,斤,,,2026-08-10
肉禽蛋,猪肉类,纯排骨,17.0,18.0,17.5,斤,,,2026-08-10
肉禽蛋,猪肉类,纯腔骨,4.0,5.0,4.5,斤,,,2026-08-10
肉禽蛋,猪肉类,腔排骨,10.5,11.0,10.75,斤,,,2026-08-10
肉禽蛋,猪肉类,梅花骨,5.5,6.0,5.75,斤,,,2026-08-10
肉禽蛋,猪肉类,棒骨,5.0,5.5,5.25,斤,,,2026-08-10
肉禽蛋,猪肉类,猪头,7.5,8.0,7.75,斤,,,2026-08-10
肉禽蛋,猪肉类,猪口条,8.5,9.0,8.75,斤,,,2026-08-10
肉禽蛋,猪肉类,猪耳,21.0,22.0,21.5,斤,,,2026-08-10
肉禽蛋,猪肉类,猪脑,17.0,18.0,17.5,斤,,,2026-08-10
肉禽蛋,猪肉类,猪肚,14.0,15.0,14.5,斤,,,2026-08-10
肉禽蛋,猪肉类,猪板油,4.5,5.0,4.75,斤,,,2026-08-10
肉禽蛋,猪肉类,肥膘肉,3.0,3.5,3.25,斤,,,2026-08-10
肉禽蛋,猪肉类,猪腰子,13.0,13.0,13.0,斤,,,2026-08-10
肉禽蛋,猪肉类,猪心,5.0,6.0,5.5,斤,,,2026-08-10
肉禽蛋,猪肉类,猪肝,4.0,5.0,4.5,斤,,,2026-08-10
肉禽蛋,猪肉类,猪肺,2.0,2.5,2.25,个,,,2026-08-10
肉禽蛋,猪肉类,猪皮,2.0,2.0,2.0,斤,,,2026-08-10
肉禽蛋,猪肉类,猪肠头,13.0,13.0,13.0,斤,,,2026-08-10
肉禽蛋,猪肉类,猪肠,10.0,10.0,10.0,斤,,,2026-08-10
肉禽蛋,猪肉类,白条猪,6.8,6.8,6.8,斤,,瘦,2026-08-09
肉禽蛋,猪肉类,白条猪,6.15,6.15,6.15,斤,,肥,2026-08-09
肉禽蛋,猪肉类,前臀尖,6.0,6.5,6.25,斤,,瘦,2026-08-09
肉禽蛋,猪肉类,前臀尖,5.5,5.5,5.5,斤,,肥,2026-08-09
肉禽蛋,猪肉类,后臀尖,6.0,6.5,6.25,斤,,瘦,2026-08-09
肉禽蛋,猪肉类,后臀尖,5.5,5.5,5.5,斤,,肥,2026-08-09
肉禽蛋,猪肉类,五花肉,8.0,8.5,8.25,斤,,瘦,2026-08-09
肉禽蛋,猪肉类,五花肉,7.5,8.0,7.75,斤,,肥,2026-08-09
肉禽蛋,猪肉类,精五花,10.0,10.5,10.25,斤,,,2026-08-09
肉禽蛋,猪肉类,纯通脊,7.5,8.0,7.75,斤,,,2026-08-09
肉禽蛋,猪肉类,通脊,6.5,6.5,6.5,斤,,带皮,2026-08-09
肉禽蛋,猪肉类,小里脊,8.5,9.0,8.75,斤,,,2026-08-09
肉禽蛋,猪肉类,梅花肉,8.0,9.0,8.5,斤,,,2026-08-09
肉禽蛋,猪肉类,纯瘦肉,7.0,7.0,7.0,斤,,,2026-08-09
肉禽蛋,猪肉类,护心肉,10.0,18.0,14.0,斤,,鲜,2026-08-09
肉禽蛋,猪肉类,前肘,6.5,7.5,7.0,斤,,,2026-08-09
肉禽蛋,猪肉类,后肘,4.8,5.0,4.9,斤,,,2026-08-09
肉禽蛋,猪肉类,月牙骨,15.0,16.0,15.5,斤,,,2026-08-09
肉禽蛋,猪肉类,猪尾巴,40.0,52.0,46.0,斤,,,2026-08-09
肉禽蛋,猪肉类,猪蹄,14.0,16.0,15.0,斤,,,2026-08-09
肉禽蛋,猪肉类,纯排骨,17.0,18.0,17.5,斤,,,2026-08-09
肉禽蛋,猪肉类,纯腔骨,4.0,5.0,4.5,斤,,,2026-08-09
肉禽蛋,猪肉类,腔排骨,10.0,11.0,10.5,斤,,,2026-08-09
肉禽蛋,猪肉类,梅花骨,5.5,6.0,5.75,斤,,,2026-08-09
肉禽蛋,猪肉类,棒骨,5.0,5.5,5.25,斤,,,2026-08-09
肉禽蛋,猪肉类,猪头,7.5,8.0,7.75,斤,,,2026-08-09
肉禽蛋,猪肉类,猪口条,8.5,9.0,8.75,斤,,,2026-08-09
肉禽蛋,猪肉类,猪耳,21.0,22.0,21.5,斤,,,2026-08-09
肉禽蛋,猪肉类,猪脑,17.0,18.0,17.5,斤,,,2026-08-09
肉禽蛋,猪肉类,猪肚,14.0,15.0,14.5,斤,,,2026-08-09
肉禽蛋,猪肉类,猪板油,4.5,5.0,4.75,斤,,,2026-08-09
肉禽蛋,猪肉类,肥膘肉,3.0,3.5,3.25,斤,,,2026-08-09
肉禽蛋,猪肉类,猪腰子,13.0,13.0,13.0,斤,,,2026-08-09
肉禽蛋,猪肉类,猪心,5.0,6.0,5.5,斤,,,2026-08-09
肉禽蛋,猪肉类,猪肝,4.0,5.0,4.5,斤,,,2026-08-09
肉禽蛋,猪肉类,猪肺,2.0,2.5,2.25,个,,,2026-08-09
肉禽蛋,猪肉类,猪皮,2.0,2.0,2.0,斤,,,2026-08-09
肉禽蛋,猪肉类,猪肠头,13.0,13.0,13.0,斤,,,2026-08-09
肉禽蛋,猪肉类,猪肠,10.0,10.0,10.0,斤,,,2026-08-09
肉禽蛋,猪肉类,白条猪,6.8,6.8,6.8,斤,,瘦,2026-08-08
肉禽蛋,猪肉类,白条猪,6.1,6.1,6.1,斤,,肥,2026-08-08
肉禽蛋,猪肉类,前臀尖,6.0,6.5,6.25,斤,,瘦,2026-08-08
肉禽蛋,猪肉类,前臀尖,5.5,5.5,5.5,斤,,肥,2026-08-08
肉禽蛋,猪肉类,后臀尖,6.0,6.5,6.25,斤,,瘦,2026-08-08
肉禽蛋,猪肉类,后臀尖,5.5,5.5,5.5,斤,,肥,2026-08-08
肉禽蛋,猪肉类,五花肉,8.0,8.5,8.25,斤,,瘦,2026-08-08
肉禽蛋,猪肉类,五花肉,7.5,8.0,7.75,斤,,肥,2026-08-08
肉禽蛋,猪肉类,精五花,10.0,10.5,10.25,斤,,,2026-08-08
肉禽蛋,猪肉类,纯通脊,7.5,8.0,7.75,斤,,,2026-08-08
肉禽蛋,猪肉类,通脊,6.5,6.5,6.5,斤,,带皮,2026-08-08
肉禽蛋,猪肉类,小里脊,8.5,9.0,8.75,斤,,,2026-08-08
肉禽蛋,猪肉类,梅花肉,8.0,9.0,8.5,斤,,,2026-08-08
肉禽蛋,猪肉类,纯瘦肉,7.0,7.0,7.0,斤,,,2026-08-08
肉禽蛋,猪肉类,护心肉,10.0,18.0,14.0,斤,,鲜,2026-08-08
肉禽蛋,猪肉类,前肘,6.5,7.5,7.0,斤,,,2026-08-08
肉禽蛋,猪肉类,后肘,4.8,5.0,4.9,斤,,,2026-08-08
肉禽蛋,猪肉类,月牙骨,15.0,16.0,15.5,斤,,,2026-08-08
肉禽蛋,猪肉类,猪尾巴,40.0,52.0,46.0,斤,,,2026-08-08
肉禽蛋,猪肉类,猪蹄,14.0,16.0,15.0,斤,,,2026-08-08
肉禽蛋,猪肉类,纯排骨,17.0,18.0,17.5,斤,,,2026-08-08
肉禽蛋,猪肉类,纯腔骨,4.0,5.0,4.5,斤,,,2026-08-08
肉禽蛋,猪肉类,腔排骨,10.0,11.0,10.5,斤,,,2026-08-08
肉禽蛋,猪肉类,梅花骨,5.5,6.0,5.75,斤,,,2026-08-08
肉禽蛋,猪肉类,棒骨,5.0,5.5,5.25,斤,,,2026-08-08
肉禽蛋,猪肉类,猪头,7.5,8.0,7.75,斤,,,2026-08-08
肉禽蛋,猪肉类,猪口条,8.5,9.0,8.75,斤,,,2026-08-08
肉禽蛋,猪肉类,猪耳,21.0,22.0,21.5,斤,,,2026-08-08
肉禽蛋,猪肉类,猪脑,17.0,18.0,17.5,斤,,,2026-08-08
肉禽蛋,猪肉类,猪肚,14.0,15.0,14.5,斤,,,2026-08-08
肉禽蛋,猪肉类,猪板油,4.5,5.0,4.75,斤,,,2026-08-08
肉禽蛋,猪肉类,肥膘肉,3.0,3.5,3.25,斤,,,2026-08-08
肉禽蛋,猪肉类,猪腰子,13.0,13.0,13.0,斤,,,2026-08-08
肉禽蛋,猪肉类,猪心,5.0,6.0,5.5,斤,,,2026-08-08
肉禽蛋,猪肉类,猪肝,4.0,5.0,4.5,斤,,,2026-08-08
肉禽蛋,猪肉类,猪肺,2.0,2.5,2.25,个,,,2026-08-08
肉禽蛋,猪肉类,猪皮,2.0,2.0,2.0,斤,,,2026-08-08
肉禽蛋,猪肉类,猪肠头,13.0,13.0,13.0,斤,,,2026-08-08
肉禽蛋,猪肉类,猪肠,10.0,10.0,10.0,斤,,,2026-08-08
肉禽蛋,猪肉类,白条猪,6.8,6.8,6.8,斤,,瘦,2026-08-07
肉禽蛋,猪肉类,白条猪,6.1,6.1,6.1,斤,,肥,2026-08-07
肉禽蛋,猪肉类,前臀尖,6.0,6.5,6.25,斤,,瘦,2026-08-07
肉禽蛋,猪肉类,前臀尖,5.5,5.5,5.5,斤,,肥,2026-08-07
肉禽蛋,猪肉类,后臀尖,6.0,6.5,6.25,斤,,瘦,2026-08-07
肉禽蛋,猪肉类,后臀尖,5.5,5.5,5.5,斤,,肥,2026-08-07
肉禽蛋,猪肉类,五花肉,8.0,8.5,8.25,斤,,瘦,2026-08-07
肉禽蛋,猪肉类,五花肉,7.5,8.0,7.75,斤,,肥,2026-08-07
肉禽蛋,猪肉类,精五花,10.0,11.0,10.5,斤,,,2026-08-07
肉禽蛋,猪肉类,纯通脊,7.5,8.0,7.75,斤,,,2026-08-07
肉禽蛋,猪肉类,通脊,6.5,6.5,6.5,斤,,带皮,2026-08-07
肉禽蛋,猪肉类,小里脊,8.5,9.0,8.75,斤,,,2026-08-07
肉禽蛋,猪肉类,梅花肉,8.0,9.0,8.5,斤,,,2026-08-07
肉禽蛋,猪肉类,纯瘦肉,7.0,7.0,7.0,斤,,,2026-08-07
肉禽蛋,猪肉类,护心肉,10.0,19.0,14.5,斤,,鲜,2026-08-07
肉禽蛋,猪肉类,前肘,6.5,7.5,7.0,斤,,,2026-08-07
肉禽蛋,猪肉类,后肘,4.8,5.0,4.9,斤,,,2026-08-07
肉禽蛋,猪肉类,月牙骨,15.0,16.0,15.5,斤,,,2026-08-07
肉禽蛋,猪肉类,猪尾巴,40.0,52.0,46.0,斤,,,2026-08-07
肉禽蛋,猪肉类,猪蹄,14.0,16.0,15.0,斤,,,2026-08-07
肉禽蛋,猪肉类,纯排骨,17.0,18.0,17.5,斤,,,2026-08-07
肉禽蛋,猪肉类,纯腔骨,4.0,5.0,4.5,斤,,,2026-08-07
肉禽蛋,猪肉类,腔排骨,10.0,11.0,10.5,斤,,,2026-08-07
肉禽蛋,猪肉类,梅花骨,5.5,6.0,5.75,斤,,,2026-08-07
肉禽蛋,猪肉类,棒骨,5.0,5.5,5.25,斤,,,2026-08-07
肉禽蛋,猪肉类,猪头,7.5,8.0,7.75,斤,,,2026-08-07
肉禽蛋,猪肉类,猪口条,8.5,9.0,8.75,斤,,,2026-08-07
肉禽蛋,猪肉类,猪耳,21.0,22.0,21.5,斤,,,2026-08-07
肉禽蛋,猪肉类,猪脑,17.0,18.0,17.5,斤,,,2026-08-07
肉禽蛋,猪肉类,猪肚,14.0,15.0,14.5,斤,,,2026-08-07
肉禽蛋,猪肉类,猪板油,4.5,5.0,4.75,斤,,,2026-08-07
肉禽蛋,猪肉类,肥膘肉,3.0,3.5,3.25,斤,,,2026-08-07
肉禽蛋,猪肉类,猪腰子,13.0,13.0,13.0,斤,,,2026-08-07
肉禽蛋,猪肉类,猪心,5.0,6.0,5.5,斤,,,2026-08-07
肉禽蛋,猪肉类,猪肝,4.0,5.0,4.5,斤,,,2026-08-07
肉禽蛋,猪肉类,猪肺,2.0,2.5,2.25,个,,,2026-08-07
肉禽蛋,猪肉类,猪皮,2.0,2.0,2.0,斤,,,2026-08-07
肉禽蛋,猪肉类,猪肠头,13.0,13.0,13.0,斤,,,2026-08-07
肉禽蛋,猪肉类,猪肠,10.0,10.0,10.0,斤,,,2026-08-07
肉禽蛋,猪肉类,白条猪,6.8,6.8,6.8,斤,,瘦,2026-08-06
肉禽蛋,猪肉类,白条猪,5.9,5.9,5.9,斤,,肥,2026-08-06
肉禽蛋,猪肉类,前臀尖,6.0,6.0,6.0,斤,,瘦,2026-08-06
肉禽蛋,猪肉类,前臀尖,5.5,5.5,5.5,斤,,肥,2026-08-06
肉禽蛋,猪肉类,后臀尖,6.0,6.0,6.0,斤,,瘦,2026-08-06
肉禽蛋,猪肉类,后臀尖,5.5,5.5,5.5,斤,,肥,2026-08-06
肉禽蛋,猪肉类,五花肉,8.5,8.5,8.5,斤,,瘦,2026-08-06
肉禽蛋,猪肉类,五花肉,7.5,7.5,7.5,斤,,肥,2026-08-06
肉禽蛋,猪肉类,精五花,10.0,11.0,10.5,斤,,,2026-08-06
肉禽蛋,猪肉类,纯通脊,7.5,8.0,7.75,斤,,,2026-08-06
肉禽蛋,猪肉类,通脊,6.5,6.5,6.5,斤,,带皮,2026-08-06
肉禽蛋,猪肉类,小里脊,8.5,9.0,8.75,斤,,,2026-08-06
肉禽蛋,猪肉类,梅花肉,8.0,9.0,8.5,斤,,,2026-08-06
肉禽蛋,猪肉类,纯瘦肉,7.0,7.5,7.25,斤,,,2026-08-06
肉禽蛋,猪肉类,护心肉,10.0,19.0,14.5,斤,,鲜,2026-08-06
肉禽蛋,猪肉类,前肘,6.5,9.0,7.75,斤,,,2026-08-06
肉禽蛋,猪肉类,后肘,4.8,5.0,4.9,斤,,,2026-08-06
肉禽蛋,猪肉类,月牙骨,15.0,16.0,15.5,斤,,,2026-08-06
肉禽蛋,猪肉类,猪尾巴,40.0,52.0,46.0,斤,,,2026-08-06
肉禽蛋,猪肉类,猪蹄,14.0,16.0,15.0,斤,,,2026-08-06
肉禽蛋,猪肉类,纯排骨,17.0,18.0,17.5,斤,,,2026-08-06
肉禽蛋,猪肉类,纯腔骨,4.0,5.0,4.5,斤,,,2026-08-06
肉禽蛋,猪肉类,腔排骨,10.0,11.0,10.5,斤,,,2026-08-06
肉禽蛋,猪肉类,梅花骨,5.5,6.0,5.75,斤,,,2026-08-06
肉禽蛋,猪肉类,棒骨,5.0,5.5,5.25,斤,,,2026-08-06
肉禽蛋,猪肉类,猪头,7.5,8.0,7.75,斤,,,2026-08-06
肉禽蛋,猪肉类,猪口条,8.5,9.0,8.75,斤,,,2026-08-06
肉禽蛋,猪肉类,猪耳,21.0,22.0,21.5,斤,,,2026-08-06
肉禽蛋,猪肉类,猪脑,17.0,18.0,17.5,斤,,,2026-08-06
肉禽蛋,猪肉类,猪肚,14.0,15.0,14.5,斤,,,2026-08-06
肉禽蛋,猪肉类,猪板油,4.5,5.0,4.75,斤,,,2026-08-06
肉禽蛋,猪肉类,肥膘肉,3.0,3.5,3.25,斤,,,2026-08-06
肉禽蛋,猪肉类,猪腰子,13.0,13.0,13.0,斤,,,2026-08-06
肉禽蛋,猪肉类,猪心,5.0,6.0,5.5,斤,,,2026-08-06
肉禽蛋,猪肉类,猪肝,4.0,5.0,4.5,斤,,,2026-08-06
肉禽蛋,猪肉类,猪肺,2.5,3.0,2.75,个,,,2026-08-06
肉禽蛋,猪肉类,猪皮,2.0,2.0,2.0,斤,,,2026-08-06
肉禽蛋,猪肉类,猪肠头,13.0,13.0,13.0,斤,,,2026-08-06
肉禽蛋,猪肉类,猪肠,10.0,10.0,10.0,斤,,,2026-08-06
肉禽蛋,猪肉类,白条猪,6.8,6.8,6.8,斤,,瘦,2026-08-05
肉禽蛋,猪肉类,白条猪,5.8,5.8,5.8,斤,,肥,2026-08-05
肉禽蛋,猪肉类,前臀尖,6.0,6.0,6.0,斤,,瘦,2026-08-05
肉禽蛋,猪肉类,前臀尖,5.5,5.5,5.5,斤,,肥,2026-08-05
肉禽蛋,猪肉类,后臀尖,6.0,6.0,6.0,斤,,瘦,2026-08-05
肉禽蛋,猪肉类,后臀尖,5.5,5.5,5.5,斤,,肥,2026-08-05
肉禽蛋,猪肉类,五花肉,8.0,8.5,8.25,斤,,瘦,2026-08-05
肉禽蛋,猪肉类,五花肉,7.5,8.0,7.75,斤,,肥,2026-08-05
肉禽蛋,猪肉类,精五花,10.0,10.5,10.25,斤,,,2026-08-05
肉禽蛋,猪肉类,纯通脊,7.5,8.0,7.75,斤,,,2026-08-05
肉禽蛋,猪肉类,通脊,6.5,6.5,6.5,斤,,带皮,2026-08-05
肉禽蛋,猪肉类,小里脊,8.5,9.0,8.75,斤,,,2026-08-05
肉禽蛋,猪肉类,梅花肉,8.0,9.0,8.5,斤,,,2026-08-05
肉禽蛋,猪肉类,纯瘦肉,7.0,7.0,7.0,斤,,,2026-08-05
肉禽蛋,猪肉类,护心肉,10.0,19.0,14.5,斤,,鲜,2026-08-05
肉禽蛋,猪肉类,前肘,6.0,7.5,6.75,斤,,,2026-08-05
肉禽蛋,猪肉类,后肘,4.8,5.0,4.9,斤,,,2026-08-05
肉禽蛋,猪肉类,月牙骨,15.0,16.0,15.5,斤,,,2026-08-05
肉禽蛋,猪肉类,猪尾巴,40.0,52.0,46.0,斤,,,2026-08-05
肉禽蛋,猪肉类,猪蹄,14.0,16.0,15.0,斤,,,2026-08-05
肉禽蛋,猪肉类,纯排骨,17.0,18.0,17.5,斤,,,2026-08-05
肉禽蛋,猪肉类,纯腔骨,4.0,5.0,4.5,斤,,,2026-08-05
肉禽蛋,猪肉类,腔排骨,10.0,11.0,10.5,斤,,,2026-08-05
肉禽蛋,猪肉类,梅花骨,5.5,6.0,5.75,斤,,,2026-08-05
肉禽蛋,猪肉类,棒骨,5.0,5.5,5.25,斤,,,2026-08-05
肉禽蛋,猪肉类,猪头,7.5,8.0,7.75,斤,,,2026-08-05
肉禽蛋,猪肉类,猪口条,8.5,9.0,8.75,斤,,,2026-08-05
肉禽蛋,猪肉类,猪耳,21.0,22.0,21.5,斤,,,2026-08-05
肉禽蛋,猪肉类,猪脑,17.0,18.0,17.5,斤,,,2026-08-05
肉禽蛋,猪肉类,猪肚,14.0,15.0,14.5,斤,,,2026-08-05
肉禽蛋,猪肉类,猪板油,4.5,5.0,4.75,斤,,,2026-08-05
肉禽蛋,猪肉类,肥膘肉,3.0,3.5,3.25,斤,,,2026-08-05
肉禽蛋,猪肉类,猪腰子,13.0,13.0,13.0,斤,,,2026-08-05
肉禽蛋,猪肉类,猪心,5.0,6.0,5.5,斤,,,2026-08-05
肉禽蛋,猪肉类,猪肝,4.0,5.0,4.5,斤,,,2026-08-05
肉禽蛋,猪肉类,猪肺,2.5,3.0,2.75,个,,,2026-08-05
肉禽蛋,猪肉类,猪皮,2.0,2.0,2.0,斤,,,2026-08-05
肉禽蛋,猪肉类,猪肠头,13.0,13.0,13.0,斤,,,2026-08-05
肉禽蛋,猪肉类,猪肠,10.0,10.0,10.0,斤,,,2026-08-05
肉禽蛋,猪肉类,白条猪,6.8,6.8,6.8,斤,,瘦,2026-08-04
肉禽蛋,猪肉类,白条猪,5.75,5.75,5.75,斤,,肥,2026-08-04
肉禽蛋,猪肉类,前臀尖,6.0,6.5,6.25,斤,,瘦,2026-08-04
肉禽蛋,猪肉类,前臀尖,5.5,5.5,5.5,斤,,肥,2026-08-04
肉禽蛋,猪肉类,后臀尖,6.0,6.5,6.25,斤,,瘦,2026-08-04
肉禽蛋,猪肉类,后臀尖,5.5,5.5,5.5,斤,,肥,2026-08-04
肉禽蛋,猪肉类,五花肉,8.0,8.5,8.25,斤,,瘦,2026-08-04
肉禽蛋,猪肉类,五花肉,7.5,8.0,7.75,斤,,肥,2026-08-04
肉禽蛋,猪肉类,精五花,10.0,10.5,10.25,斤,,,2026-08-04
肉禽蛋,猪肉类,纯通脊,7.5,8.0,7.75,斤,,,2026-08-04
肉禽蛋,猪肉类,通脊,6.5,6.5,6.5,斤,,带皮,2026-08-04
肉禽蛋,猪肉类,小里脊,8.5,9.0,8.75,斤,,,2026-08-04
肉禽蛋,猪肉类,梅花肉,8.0,9.0,8.5,斤,,,2026-08-04
肉禽蛋,猪肉类,纯瘦肉,7.0,7.0,7.0,斤,,,2026-08-04
肉禽蛋,猪肉类,护心肉,10.0,19.0,14.5,斤,,鲜,2026-08-04
肉禽蛋,猪肉类,前肘,6.0,7.0,6.5,斤,,,2026-08-04
肉禽蛋,猪肉类,后肘,4.8,5.0,4.9,斤,,,2026-08-04
肉禽蛋,猪肉类,月牙骨,15.0,16.0,15.5,斤,,,2026-08-04
肉禽蛋,猪肉类,猪尾巴,40.0,52.0,46.0,斤,,,2026-08-04
肉禽蛋,猪肉类,猪蹄,14.0,16.0,15.0,斤,,,2026-08-04
肉禽蛋,猪肉类,纯排骨,17.0,18.0,17.5,斤,,,2026-08-04
肉禽蛋,猪肉类,纯腔骨,4.0,5.0,4.5,斤,,,2026-08-04
肉禽蛋,猪肉类,腔排骨,10.0,11.0,10.5,斤,,,2026-08-04
肉禽蛋,猪肉类,梅花骨,5.5,6.0,5.75,斤,,,2026-08-04
肉禽蛋,猪肉类,棒骨,5.0,5.5,5.25,斤,,,2026-08-04
肉禽蛋,猪肉类,猪头,7.5,8.0,7.75,斤,,,2026-08-04
肉禽蛋,猪肉类,猪口条,8.5,9.0,8.75,斤,,,2026-08-04
肉禽蛋,猪肉类,猪耳,21.0,22.0,21.5,斤,,,2026-08-04
肉禽蛋,猪肉类,猪脑,17.0,18.0,17.5,斤,,,2026-08-04
肉禽蛋,猪肉类,猪肚,14.0,15.0,14.5,斤,,,2026-08-04
肉禽蛋,猪肉类,猪板油,4.5,5.0,4.75,斤,,,2026-08-04
肉禽蛋,猪肉类,肥膘肉,3.0,3.5,3.25,斤,,,2026-08-04
肉禽蛋,猪肉类,猪腰子,13.0,13.0,13.0,斤,,,2026-08-04
肉禽蛋,猪肉类,猪心,5.0,6.0,5.5,斤,,,2026-08-04
肉禽蛋,猪肉类,猪肝,4.0,5.0,4.5,斤,,,2026-08-04
肉禽蛋,猪肉类,猪肺,2.5,3.0,2.75,个,,,2026-08-04
肉禽蛋,猪肉类,猪皮,2.0,2.0,2.0,斤,,,2026-08-04
肉禽蛋,猪肉类,猪肠头,13.0,13.0,13.0,斤,,,2026-08-04
肉禽蛋,猪肉类,猪肠,10.0,10.0,10.0,斤,,,2026-08-04
肉禽蛋,猪肉类,白条猪,6.8,6.8,6.8,斤,,瘦,2026-08-03
肉禽蛋,猪肉类,白条猪,5.7,5.7,5.7,斤,,肥,2026-08-03
肉禽蛋,猪肉类,前臀尖,6.0,6.5,6.25,斤,,瘦,2026-08-03
肉禽蛋,猪肉类,前臀尖,5.5,5.5,5.5,斤,,肥,2026-08-03
肉禽蛋,猪肉类,后臀尖,6.0,6.5,6.25,斤,,瘦,2026-08-03
肉禽蛋,猪肉类,后臀尖,5.5,5.5,5.5,斤,,肥,2026-08-03
肉禽蛋,猪肉类,五花肉,8.0,8.5,8.25,斤,,瘦,2026-08-03
肉禽蛋,猪肉类,五花肉,7.5,8.0,7.75,斤,,肥,2026-08-03
肉禽蛋,猪肉类,精五花,10.0,10.5,10.25,斤,,,2026-08-03
肉禽蛋,猪肉类,纯通脊,7.5,8.0,7.75,斤,,,2026-08-03
肉禽蛋,猪肉类,通脊,6.5,6.5,6.5,斤,,带皮,2026-08-03
肉禽蛋,猪肉类,小里脊,8.5,9.0,8.75,斤,,,2026-08-03
肉禽蛋,猪肉类,梅花肉,8.0,9.0,8.5,斤,,,2026-08-03
肉禽蛋,猪肉类,纯瘦肉,7.0,7.0,7.0,斤,,,2026-08-03
肉禽蛋,猪肉类,护心肉,10.0,19.0,14.5,斤,,鲜,2026-08-03
肉禽蛋,猪肉类,前肘,6.0,6.5,6.25,斤,,,2026-08-03
肉禽蛋,猪肉类,后肘,4.8,5.0,4.9,斤,,,2026-08-03
肉禽蛋,猪肉类,月牙骨,15.0,16.0,15.5,斤,,,2026-08-03
肉禽蛋,猪肉类,猪尾巴,40.0,52.0,46.0,斤,,,2026-08-03
肉禽蛋,猪肉类,猪蹄,14.0,15.0,14.5,斤,,,2026-08-03
肉禽蛋,猪肉类,纯排骨,16.5,17.5,17.0,斤,,,2026-08-03
肉禽蛋,猪肉类,纯腔骨,4.0,5.0,4.5,斤,,,2026-08-03
肉禽蛋,猪肉类,腔排骨,10.0,11.0,10.5,斤,,,2026-08-03
肉禽蛋,猪肉类,梅花骨,5.5,6.0,5.75,斤,,,2026-08-03
肉禽蛋,猪肉类,棒骨,5.0,5.5,5.25,斤,,,2026-08-03
肉禽蛋,猪肉类,猪头,7.5,8.0,7.75,斤,,,2026-08-03
肉禽蛋,猪肉类,猪口条,8.5,9.0,8.75,斤,,,2026-08-03
肉禽蛋,猪肉类,猪耳,21.0,22.0,21.5,斤,,,2026-08-03
肉禽蛋,猪肉类,猪脑,15.0,18.0,16.5,斤,,,2026-08-03
肉禽蛋,猪肉类,猪肚,14.0,15.0,14.5,斤,,,2026-08-03
肉禽蛋,猪肉类,猪板油,4.5,5.0,4.75,斤,,,2026-08-03
肉禽蛋,猪肉类,肥膘肉,3.0,3.5,3.25,斤,,,2026-08-03
肉禽蛋,猪肉类,猪腰子,14.0,14.0,14.0,斤,,,2026-08-03
肉禽蛋,猪肉类,猪心,5.0,5.5,5.25,斤,,,2026-08-03
肉禽蛋,猪肉类,猪肝,4.0,4.5,4.25,斤,,,2026-08-03
肉禽蛋,猪肉类,猪肺,2.5,3.0,2.75,个,,,2026-08-03
肉禽蛋,猪肉类,猪皮,2.0,2.0,2.0,斤,,,2026-08-03
肉禽蛋,猪肉类,猪肠头,13.0,13.0,13.0,斤,,,2026-08-03
肉禽蛋,猪肉类,猪肠,10.0,10.0,10.0,斤,,,2026-08-03
肉禽蛋,猪肉类,白条猪,6.9,6.9,6.9,斤,,瘦,2026-08-02
肉禽蛋,猪肉类,白条猪,5.8,5.8,5.8,斤,,肥,2026-08-02
肉禽蛋,猪肉类,前臀尖,6.0,6.5,6.25,斤,,瘦,2026-08-02
肉禽蛋,猪肉类,前臀尖,5.5,6.0,5.75,斤,,肥,2026-08-02
肉禽蛋,猪肉类,后臀尖,6.0,6.5,6.25,斤,,瘦,2026-08-02
肉禽蛋,猪肉类,后臀尖,5.5,6.0,5.75,斤,,肥,2026-08-02
肉禽蛋,猪肉类,五花肉,8.0,8.5,8.25,斤,,瘦,2026-08-02
肉禽蛋,猪肉类,五花肉,7.5,8.0,7.75,斤,,肥,2026-08-02
肉禽蛋,猪肉类,精五花,10.0,10.5,10.25,斤,,,2026-08-02
肉禽蛋,猪肉类,纯通脊,7.5,8.0,7.75,斤,,,2026-08-02
肉禽蛋,猪肉类,通脊,6.5,6.5,6.5,斤,,带皮,2026-08-02
肉禽蛋,猪肉类,小里脊,8.5,9.0,8.75,斤,,,2026-08-02
肉禽蛋,猪肉类,梅花肉,8.0,9.0,8.5,斤,,,2026-08-02
肉禽蛋,猪肉类,纯瘦肉,7.0,7.0,7.0,斤,,,2026-08-02
肉禽蛋,猪肉类,护心肉,10.0,19.0,14.5,斤,,鲜,2026-08-02
肉禽蛋,猪肉类,前肘,6.0,6.5,6.25,斤,,,2026-08-02
肉禽蛋,猪肉类,后肘,4.8,5.0,4.9,斤,,,2026-08-02
肉禽蛋,猪肉类,月牙骨,15.0,16.0,15.5,斤,,,2026-08-02
肉禽蛋,猪肉类,猪尾巴,40.0,52.0,46.0,斤,,,2026-08-02
肉禽蛋,猪肉类,猪蹄,14.0,15.0,14.5,斤,,,2026-08-02
肉禽蛋,猪肉类,纯排骨,16.5,17.5,17.0,斤,,,2026-08-02
肉禽蛋,猪肉类,纯腔骨,4.5,5.0,4.75,斤,,,2026-08-02
肉禽蛋,猪肉类,腔排骨,10.0,11.0,10.5,斤,,,2026-08-02
肉禽蛋,猪肉类,梅花骨,5.5,6.0,5.75,斤,,,2026-08-02
肉禽蛋,猪肉类,棒骨,5.0,5.5,5.25,斤,,,2026-08-02
肉禽蛋,猪肉类,猪头,7.5,8.0,7.75,斤,,,2026-08-02
肉禽蛋,猪肉类,猪口条,8.5,9.0,8.75,斤,,,2026-08-02
肉禽蛋,猪肉类,猪耳,21.0,22.0,21.5,斤,,,2026-08-02
肉禽蛋,猪肉类,猪脑,15.0,18.0,16.5,斤,,,2026-08-02
肉禽蛋,猪肉类,猪肚,14.0,15.0,14.5,斤,,,2026-08-02
肉禽蛋,猪肉类,猪板油,4.5,5.0,4.75,斤,,,2026-08-02
肉禽蛋,猪肉类,肥膘肉,3.0,3.5,3.25,斤,,,2026-08-02
肉禽蛋,猪肉类,猪腰子,14.0,14.0,14.0,斤,,,2026-08-02
肉禽蛋,猪肉类,猪心,5.0,5.5,5.25,斤,,,2026-08-02
肉禽蛋,猪肉类,猪肝,4.0,4.5,4.25,斤,,,2026-08-02
肉禽蛋,猪肉类,猪肺,2.5,3.0,2.75,个,,,2026-08-02
肉禽蛋,猪肉类,猪皮,2.0,2.0,2.0,斤,,,2026-08-02
肉禽蛋,猪肉类,猪肠头,13.0,13.0,13.0,斤,,,2026-08-02
肉禽蛋,猪肉类,猪肠,10.0,10.0,10.0,斤,,,2026-08-02
肉禽蛋,猪肉类,白条猪,6.9,6.9,6.9,斤,,瘦,2026-08-01
肉禽蛋,猪肉类,白条猪,5.5,5.5,5.5,斤,,肥,2026-08-01
肉禽蛋,猪肉类,前臀尖,6.0,6.5,6.25,斤,,瘦,2026-08-01
肉禽蛋,猪肉类,前臀尖,5.5,6.0,5.75,斤,,肥,2026-08-01
肉禽蛋,猪肉类,后臀尖,6.0,6.5,6.25,斤,,瘦,2026-08-01
肉禽蛋,猪肉类,后臀尖,5.5,6.0,5.75,斤,,肥,2026-08-01
肉禽蛋,猪肉类,五花肉,8.0,8.5,8.25,斤,,瘦,2026-08-01
肉禽蛋,猪肉类,五花肉,7.5,8.0,7.75,斤,,肥,2026-08-01
肉禽蛋,猪肉类,精五花,10.0,10.5,10.25,斤,,,2026-08-01
肉禽蛋,猪肉类,纯通脊,7.5,8.0,7.75,斤,,,2026-08-01
肉禽蛋,猪肉类,通脊,6.5,6.5,6.5,斤,,带皮,2026-08-01
肉禽蛋,猪肉类,小里脊,8.5,9.0,8.75,斤,,,2026-08-01
肉禽蛋,猪肉类,梅花肉,8.0,9.0,8.5,斤,,,2026-08-01
肉禽蛋,猪肉类,纯瘦肉,7.0,7.0,7.0,斤,,,2026-08-01
肉禽蛋,猪肉类,护心肉,10.0,19.0,14.5,斤,,鲜,2026-08-01
肉禽蛋,猪肉类,前肘,6.0,6.5,6.25,斤,,,2026-08-01
肉禽蛋,猪肉类,后肘,4.8,5.0,4.9,斤,,,2026-08-01
肉禽蛋,猪肉类,月牙骨,15.0,16.0,15.5,斤,,,2026-08-01
肉禽蛋,猪肉类,猪尾巴,40.0,52.0,46.0,斤,,,2026-08-01
肉禽蛋,猪肉类,猪蹄,14.0,15.0,14.5,斤,,,2026-08-01
肉禽蛋,猪肉类,纯排骨,16.5,17.5,17.0,斤,,,2026-08-01
肉禽蛋,猪肉类,纯腔骨,4.5,5.0,4.75,斤,,,2026-08-01
肉禽蛋,猪肉类,腔排骨,10.0,11.0,10.5,斤,,,2026-08-01
肉禽蛋,猪肉类,梅花骨,5.5,6.0,5.75,斤,,,2026-08-01
肉禽蛋,猪肉类,棒骨,5.0,5.5,5.25,斤,,,2026-08-01
肉禽蛋,猪肉类,猪头,7.5,8.0,7.75,斤,,,2026-08-01
肉禽蛋,猪肉类,猪口条,8.5,9.0,8.75,斤,,,2026-08-01
肉禽蛋,猪肉类,猪耳,21.0,22.0,21.5,斤,,,2026-08-01
肉禽蛋,猪肉类,猪脑,15.0,18.0,16.5,斤,,,2026-08-01
肉禽蛋,猪肉类,猪肚,14.0,15.0,14.5,斤,,,2026-08-01
肉禽蛋,猪肉类,猪板油,4.5,5.0,4.75,斤,,,2026-08-01
肉禽蛋,猪肉类,肥膘肉,3.0,3.5,3.25,斤,,,2026-08-01
肉禽蛋,猪肉类,猪腰子,14.0,14.0,14.0,斤,,,2026-08-01
肉禽蛋,猪肉类,猪心,5.0,5.5,5.25,斤,,,2026-08-01
肉禽蛋,猪肉类,猪肝,4.0,4.5,4.25,斤,,,2026-08-01
肉禽蛋,猪肉类,猪肺,2.5,3.0,2.75,个,,,2026-08-01
肉禽蛋,猪肉类,猪皮,2.0,2.0,2.0,斤,,,2026-08-01
肉禽蛋,猪肉类,猪肠头,13.0,13.0,13.0,斤,,,2026-08-01
肉禽蛋,猪肉类,猪肠,10.0,10.0,10.0,斤,,,2026-08-01
肉禽蛋,猪肉类,白条猪,6.9,6.9,6.9,斤,,瘦,2026-07-31
肉禽蛋,猪肉类,白条猪,5.6,5.6,5.6,斤,,肥,2026-07-31
肉禽蛋,猪肉类,前臀尖,6.0,6.5,6.25,斤,,瘦,2026-07-31
肉禽蛋,猪肉类,前臀尖,5.5,6.0,5.75,斤,,肥,2026-07-31
肉禽蛋,猪肉类,后臀尖,6.0,6.5,6.25,斤,,瘦,2026-07-31
肉禽蛋,猪肉类,后臀尖,5.5,6.0,5.75,斤,,肥,2026-07-31
肉禽蛋,猪肉类,五花肉,8.0,8.5,8.25,斤,,瘦,2026-07-31
肉禽蛋,猪肉类,五花肉,7.8,8.0,7.9,斤,,肥,2026-07-31
肉禽蛋,猪肉类,精五花,10.0,10.5,10.25,斤,,,2026-07-31
肉禽蛋,猪肉类,纯通脊,7.5,8.0,7.75,斤,,,2026-07-31
肉禽蛋,猪肉类,通脊,6.5,6.5,6.5,斤,,带皮,2026-07-31
肉禽蛋,猪肉类,小里脊,8.5,9.0,8.75,斤,,,2026-07-31
肉禽蛋,猪肉类,梅花肉,8.0,9.0,8.5,斤,,,2026-07-31
肉禽蛋,猪肉类,纯瘦肉,7.0,7.0,7.0,斤,,,2026-07-31
肉禽蛋,猪肉类,护心肉,10.0,19.0,14.5,斤,,鲜,2026-07-31
肉禽蛋,猪肉类,前肘,6.0,6.5,6.25,斤,,,2026-07-31
肉禽蛋,猪肉类,后肘,4.8,5.0,4.9,斤,,,2026-07-31
肉禽蛋,猪肉类,月牙骨,15.0,16.0,15.5,斤,,,2026-07-31
肉禽蛋,猪肉类,猪尾巴,40.0,52.0,46.0,斤,,,2026-07-31
肉禽蛋,猪肉类,猪蹄,14.0,15.0,14.5,斤,,,2026-07-31
肉禽蛋,猪肉类,纯排骨,16.5,17.5,17.0,斤,,,2026-07-31
肉禽蛋,猪肉类,纯腔骨,4.5,5.0,4.75,斤,,,2026-07-31
肉禽蛋,猪肉类,腔排骨,10.0,11.0,10.5,斤,,,2026-07-31
肉禽蛋,猪肉类,梅花骨,5.5,6.0,5.75,斤,,,2026-07-31
肉禽蛋,猪肉类,棒骨,5.0,5.5,5.25,斤,,,2026-07-31
肉禽蛋,猪肉类,猪头,7.5,8.0,7.75,斤,,,2026-07-31
肉禽蛋,猪肉类,猪口条,8.5,9.0,8.75,斤,,,2026-07-31
肉禽蛋,猪肉类,猪耳,21.0,22.0,21.5,斤,,,2026-07-31
肉禽蛋,猪肉类,猪脑,15.0,18.0,16.5,斤,,,2026-07-31
肉禽蛋,猪肉类,猪肚,14.0,15.0,14.5,斤,,,2026-07-31
肉禽蛋,猪肉类,猪板油,4.5,5.0,4.75,斤,,,2026-07-31
肉禽蛋,猪肉类,肥膘肉,3.0,3.5,3.25,斤,,,2026-07-31
肉禽蛋,猪肉类,猪腰子,14.0,14.0,14.0,斤,,,2026-07-31
肉禽蛋,猪肉类,猪心,5.0,5.5,5.25,斤,,,2026-07-31
肉禽蛋,猪肉类,猪肝,4.0,4.5,4.25,斤,,,2026-07-31
肉禽蛋,猪肉类,猪肺,2.5,3.0,2.75,个,,,2026-07-31
肉禽蛋,猪肉类,猪皮,2.0,2.0,2.0,斤,,,2026-07-31
肉禽蛋,猪肉类,猪肠头,13.0,13.0,13.0,斤,,,2026-07-31
肉禽蛋,猪肉类,猪肠,10.0,10.0,10.0,斤,,,2026-07-31
肉禽蛋,猪肉类,白条猪,7.0,7.0,7.0,斤,,瘦,2026-07-30
肉禽蛋,猪肉类,白条猪,6.0,6.0,6.0,斤,,肥,2026-07-30
肉禽蛋,猪肉类,前臀尖,6.5,6.5,6.5,斤,,瘦,2026-07-30
肉禽蛋,猪肉类,前臀尖,6.0,6.0,6.0,斤,,肥,2026-07-30
肉禽蛋,猪肉类,后臀尖,6.5,6.5,6.5,斤,,瘦,2026-07-30
肉禽蛋,猪肉类,后臀尖,6.0,6.0,6.0,斤,,肥,2026-07-30
肉禽蛋,猪肉类,五花肉,8.5,8.5,8.5,斤,,瘦,2026-07-30
肉禽蛋,猪肉类,五花肉,8.0,8.0,8.0,斤,,肥,2026-07-30
肉禽蛋,猪肉类,精五花,10.0,11.0,10.5,斤,,,2026-07-30
肉禽蛋,猪肉类,纯通脊,8.0,8.5,8.25,斤,,,2026-07-30
肉禽蛋,猪肉类,通脊,6.5,7.0,6.75,斤,,带皮,2026-07-30
肉禽蛋,猪肉类,小里脊,9.0,9.0,9.0,斤,,,2026-07-30
肉禽蛋,猪肉类,梅花肉,8.5,9.0,8.75,斤,,,2026-07-30
肉禽蛋,猪肉类,纯瘦肉,7.5,7.5,7.5,斤,,,2026-07-30
肉禽蛋,猪肉类,护心肉,10.0,19.0,14.5,斤,,鲜,2026-07-30
肉禽蛋,猪肉类,前肘,6.0,6.5,6.25,斤,,,2026-07-30
肉禽蛋,猪肉类,后肘,4.8,5.5,5.15,斤,,,2026-07-30
肉禽蛋,猪肉类,月牙骨,15.0,16.0,15.5,斤,,,2026-07-30
肉禽蛋,猪肉类,猪尾巴,40.0,52.0,46.0,斤,,,2026-07-30
肉禽蛋,猪肉类,猪蹄,14.0,15.0,14.5,斤,,,2026-07-30
肉禽蛋,猪肉类,纯排骨,17.0,18.0,17.5,斤,,,2026-07-30
肉禽蛋,猪肉类,纯腔骨,4.5,5.0,4.75,斤,,,2026-07-30
肉禽蛋,猪肉类,腔排骨,10.5,11.0,10.75,斤,,,2026-07-30
肉禽蛋,猪肉类,梅花骨,5.5,6.0,5.75,斤,,,2026-07-30
肉禽蛋,猪肉类,棒骨,5.0,5.5,5.25,斤,,,2026-07-30
肉禽蛋,猪肉类,猪头,7.5,8.0,7.75,斤,,,2026-07-30
肉禽蛋,猪肉类,猪口条,8.5,9.0,8.75,斤,,,2026-07-30
肉禽蛋,猪肉类,猪耳,21.0,22.0,21.5,斤,,,2026-07-30
肉禽蛋,猪肉类,猪脑,15.0,18.0,16.5,斤,,,2026-07-30
肉禽蛋,猪肉类,猪肚,14.0,15.0,14.5,斤,,,2026-07-30
肉禽蛋,猪肉类,猪板油,4.5,5.0,4.75,斤,,,2026-07-30
肉禽蛋,猪肉类,肥膘肉,3.0,3.5,3.25,斤,,,2026-07-30
肉禽蛋,猪肉类,猪腰子,14.0,14.0,14.0,斤,,,2026-07-30
肉禽蛋,猪肉类,猪心,5.0,5.5,5.25,斤,,,2026-07-30
肉禽蛋,猪肉类,猪肝,4.0,4.5,4.25,斤,,,2026-07-30
肉禽蛋,猪肉类,猪肺,2.5,3.0,2.75,个,,,2026-07-30
肉禽蛋,猪肉类,猪皮,2.0,2.0,2.0,斤,,,2026-07-30
肉禽蛋,猪肉类,猪肠头,13.0,13.0,13.0,斤,,,2026-07-30
肉禽蛋,猪肉类,猪肠,10.0,10.0,10.0,斤,,,2026-07-30
肉禽蛋,猪肉类,白条猪,7.0,7.0,7.0,斤,,瘦,2026-07-29
肉禽蛋,猪肉类,白条猪,6.25,6.25,6.25,斤,,肥,2026-07-29
肉禽蛋,猪肉类,前臀尖,6.5,6.5,6.5,斤,,瘦,2026-07-29
肉禽蛋,猪肉类,前臀尖,6.0,6.0,6.0,斤,,肥,2026-07-29
肉禽蛋,猪肉类,后臀尖,6.5,6.5,6.5,斤,,瘦,2026-07-29
肉禽蛋,猪肉类,后臀尖,6.0,6.0,6.0,斤,,肥,2026-07-29
肉禽蛋,猪肉类,五花肉,8.5,8.5,8.5,斤,,瘦,2026-07-29
肉禽蛋,猪肉类,五花肉,8.0,8.0,8.0,斤,,肥,2026-07-29
肉禽蛋,猪肉类,精五花,10.0,11.0,10.5,斤,,,2026-07-29
肉禽蛋,猪肉类,纯通脊,8.0,8.5,8.25,斤,,,2026-07-29
肉禽蛋,猪肉类,通脊,6.5,7.0,6.75,斤,,带皮,2026-07-29
肉禽蛋,猪肉类,小里脊,9.0,9.5,9.25,斤,,,2026-07-29
肉禽蛋,猪肉类,梅花肉,8.5,9.0,8.75,斤,,,2026-07-29
肉禽蛋,猪肉类,纯瘦肉,7.5,7.5,7.5,斤,,,2026-07-29
肉禽蛋,猪肉类,护心肉,10.0,19.0,14.5,斤,,鲜,2026-07-29
肉禽蛋,猪肉类,前肘,6.0,6.5,6.25,斤,,,2026-07-29
肉禽蛋,猪肉类,后肘,5.0,5.5,5.25,斤,,,2026-07-29
肉禽蛋,猪肉类,月牙骨,15.0,16.0,15.5,斤,,,2026-07-29
肉禽蛋,猪肉类,猪尾巴,40.0,52.0,46.0,斤,,,2026-07-29
肉禽蛋,猪肉类,猪蹄,14.0,15.0,14.5,斤,,,2026-07-29
肉禽蛋,猪肉类,纯排骨,17.0,18.0,17.5,斤,,,2026-07-29
肉禽蛋,猪肉类,纯腔骨,4.5,5.0,4.75,斤,,,2026-07-29
肉禽蛋,猪肉类,腔排骨,10.5,11.0,10.75,斤,,,2026-07-29
肉禽蛋,猪肉类,梅花骨,5.5,6.0,5.75,斤,,,2026-07-29
肉禽蛋,猪肉类,棒骨,5.0,5.5,5.25,斤,,,2026-07-29
肉禽蛋,猪肉类,猪头,7.5,8.0,7.75,斤,,,2026-07-29
肉禽蛋,猪肉类,猪口条,8.5,9.0,8.75,斤,,,2026-07-29
肉禽蛋,猪肉类,猪耳,21.0,22.0,21.5,斤,,,2026-07-29
肉禽蛋,猪肉类,猪脑,15.0,18.0,16.5,斤,,,2026-07-29
肉禽蛋,猪肉类,猪肚,14.0,15.0,14.5,斤,,,2026-07-29
肉禽蛋,猪肉类,猪板油,4.5,5.0,4.75,斤,,,2026-07-29
肉禽蛋,猪肉类,肥膘肉,3.0,3.5,3.25,斤,,,2026-07-29
肉禽蛋,猪肉类,猪腰子,14.0,14.0,14.0,斤,,,2026-07-29
肉禽蛋,猪肉类,猪心,5.0,5.5,5.25,斤,,,2026-07-29
肉禽蛋,猪肉类,猪肝,4.0,4.5,4.25,斤,,,2026-07-29
肉禽蛋,猪肉类,猪肺,2.5,3.0,2.75,个,,,2026-07-29
肉禽蛋,猪肉类,猪皮,2.0,2.0,2.0,斤,,,2026-07-29
肉禽蛋,猪肉类,猪肠头,13.0,13.0,13.0,斤,,,2026-07-29
肉禽蛋,猪肉类,猪肠,10.0,10.0,10.0,斤,,,2026-07-29
肉禽蛋,猪肉类,白条猪,7.15,7.15,7.15,斤,,瘦,2026-07-28
肉禽蛋,猪肉类,白条猪,6.15,6.15,6.15,斤,,肥,2026-07-28
肉禽蛋,猪肉类,前臀尖,6.5,7.0,6.75,斤,,瘦,2026-07-28
肉禽蛋,猪肉类,前臀尖,6.0,6.0,6.0,斤,,肥,2026-07-28
肉禽蛋,猪肉类,后臀尖,6.5,7.0,6.75,斤,,瘦,2026-07-28
肉禽蛋,猪肉类,后臀尖,6.0,6.0,6.0,斤,,肥,2026-07-28
肉禽蛋,猪肉类,五花肉,8.5,8.5,8.5,斤,,瘦,2026-07-28
肉禽蛋,猪肉类,五花肉,8.0,8.0,8.0,斤,,肥,2026-07-28
肉禽蛋,猪肉类,精五花,10.0,11.0,10.5,斤,,,2026-07-28
肉禽蛋,猪肉类,纯通脊,8.0,8.5,8.25,斤,,,2026-07-28
肉禽蛋,猪肉类,通脊,6.5,7.0,6.75,斤,,带皮,2026-07-28
肉禽蛋,猪肉类,小里脊,9.0,9.5,9.25,斤,,,2026-07-28
肉禽蛋,猪肉类,梅花肉,8.5,9.0,8.75,斤,,,2026-07-28
肉禽蛋,猪肉类,纯瘦肉,7.5,7.5,7.5,斤,,,2026-07-28
肉禽蛋,猪肉类,护心肉,10.0,19.0,14.5,斤,,鲜,2026-07-28
肉禽蛋,猪肉类,前肘,6.0,7.0,6.5,斤,,,2026-07-28
肉禽蛋,猪肉类,后肘,5.0,5.5,5.25,斤,,,2026-07-28
肉禽蛋,猪肉类,月牙骨,15.0,16.0,15.5,斤,,,2026-07-28
肉禽蛋,猪肉类,猪尾巴,40.0,52.0,46.0,斤,,,2026-07-28
肉禽蛋,猪肉类,猪蹄,14.0,15.0,14.5,斤,,,2026-07-28
肉禽蛋,猪肉类,纯排骨,16.5,18.0,17.25,斤,,,2026-07-28
肉禽蛋,猪肉类,纯腔骨,4.5,5.0,4.75,斤,,,2026-07-28
肉禽蛋,猪肉类,腔排骨,10.5,11.0,10.75,斤,,,2026-07-28
肉禽蛋,猪肉类,梅花骨,5.5,6.0,5.75,斤,,,2026-07-28
肉禽蛋,猪肉类,棒骨,5.0,5.5,5.25,斤,,,2026-07-28
肉禽蛋,猪肉类,猪头,7.5,8.0,7.75,斤,,,2026-07-28
肉禽蛋,猪肉类,猪口条,8.5,9.0,8.75,斤,,,2026-07-28
肉禽蛋,猪肉类,猪耳,21.0,22.0,21.5,斤,,,2026-07-28
肉禽蛋,猪肉类,猪脑,15.0,18.0,16.5,斤,,,2026-07-28
肉禽蛋,猪肉类,猪肚,14.0,15.0,14.5,斤,,,2026-07-28
肉禽蛋,猪肉类,猪板油,4.5,5.0,4.75,斤,,,2026-07-28
肉禽蛋,猪肉类,肥膘肉,3.0,3.5,3.25,斤,,,2026-07-28
肉禽蛋,猪肉类,猪腰子,14.0,14.0,14.0,斤,,,2026-07-28
肉禽蛋,猪肉类,猪心,5.0,5.5,5.25,斤,,,2026-07-28
肉禽蛋,猪肉类,猪肝,4.0,4.5,4.25,斤,,,2026-07-28
肉禽蛋,猪肉类,猪肺,2.5,3.0,2.75,个,,,2026-07-28
肉禽蛋,猪肉类,猪皮,2.0,2.0,2.0,斤,,,2026-07-28
肉禽蛋,猪肉类,猪肠头,13.0,13.0,13.0,斤,,,2026-07-28
肉禽蛋,猪肉类,猪肠,10.0,10.0,10.0,斤,,,2026-07-28
肉禽蛋,猪肉类,白条猪,7.4,7.4,7.4,斤,,瘦,2026-07-27
肉禽蛋,猪肉类,白条猪,6.0,6.0,6.0,斤,,肥,2026-07-27
肉禽蛋,猪肉类,前臀尖,6.5,7.0,6.75,斤,,瘦,2026-07-27
肉禽蛋,猪肉类,前臀尖,6.0,6.0,6.0,斤,,肥,2026-07-27
肉禽蛋,猪肉类,后臀尖,6.5,7.0,6.75,斤,,瘦,2026-07-27
肉禽蛋,猪肉类,后臀尖,6.0,6.0,6.0,斤,,肥,2026-07-27
肉禽蛋,猪肉类,五花肉,8.5,8.5,8.5,斤,,瘦,2026-07-27
肉禽蛋,猪肉类,五花肉,8.0,8.0,8.0,斤,,肥,2026-07-27
肉禽蛋,猪肉类,精五花,10.0,11.0,10.5,斤,,,2026-07-27
肉禽蛋,猪肉类,纯通脊,8.0,8.5,8.25,斤,,,2026-07-27
肉禽蛋,猪肉类,通脊,6.5,7.0,6.75,斤,,带皮,2026-07-27
肉禽蛋,猪肉类,小里脊,9.0,9.5,9.25,斤,,,2026-07-27
肉禽蛋,猪肉类,梅花肉,8.5,9.0,8.75,斤,,,2026-07-27
肉禽蛋,猪肉类,纯瘦肉,7.5,7.5,7.5,斤,,,2026-07-27
肉禽蛋,猪肉类,护心肉,10.0,19.0,14.5,斤,,鲜,2026-07-27
肉禽蛋,猪肉类,前肘,6.0,6.5,6.25,斤,,,2026-07-27
肉禽蛋,猪肉类,后肘,5.0,5.5,5.25,斤,,,2026-07-27
肉禽蛋,猪肉类,月牙骨,15.0,16.0,15.5,斤,,,2026-07-27
肉禽蛋,猪肉类,猪尾巴,40.0,52.0,46.0,斤,,,2026-07-27
肉禽蛋,猪肉类,猪蹄,14.0,15.0,14.5,斤,,,2026-07-27
肉禽蛋,猪肉类,纯排骨,16.5,17.5,17.0,斤,,,2026-07-27
肉禽蛋,猪肉类,纯腔骨,4.5,5.0,4.75,斤,,,2026-07-27
肉禽蛋,猪肉类,腔排骨,10.5,11.0,10.75,斤,,,2026-07-27
肉禽蛋,猪肉类,梅花骨,5.5,6.0,5.75,斤,,,2026-07-27
肉禽蛋,猪肉类,棒骨,5.0,5.5,5.25,斤,,,2026-07-27
肉禽蛋,猪肉类,猪头,7.5,8.0,7.75,斤,,,2026-07-27
肉禽蛋,猪肉类,猪口条,8.5,9.0,8.75,斤,,,2026-07-27
肉禽蛋,猪肉类,猪耳,21.0,22.0,21.5,斤,,,2026-07-27
肉禽蛋,猪肉类,猪脑,15.0,18.0,16.5,斤,,,2026-07-27
肉禽蛋,猪肉类,猪肚,14.0,15.0,14.5,斤,,,2026-07-27
肉禽蛋,猪肉类,猪板油,4.5,5.0,4.75,斤,,,2026-07-27
肉禽蛋,猪肉类,肥膘肉,3.0,3.5,3.25,斤,,,2026-07-27
肉禽蛋,猪肉类,猪腰子,14.0,14.0,14.0,斤,,,2026-07-27
肉禽蛋,猪肉类,猪心,5.0,5.5,5.25,斤,,,2026-07-27
肉禽蛋,猪肉类,猪肝,4.0,4.5,4.25,斤,,,2026-07-27
肉禽蛋,猪肉类,猪肺,2.5,3.0,2.75,个,,,2026-07-27
肉禽蛋,猪肉类,猪皮,2.0,2.0,2.0,斤,,,2026-07-27
肉禽蛋,猪肉类,猪肠头,13.0,13.0,13.0,斤,,,2026-07-27
肉禽蛋,猪肉类,猪肠,10.0,10.0,10.0,斤,,,2026-07-27
肉禽蛋,猪肉类,白条猪,7.15,7.15,7.15,斤,,瘦,2026-07-26
肉禽蛋,猪肉类,白条猪,6.35,6.35,6.35,斤,,肥,2026-07-26
肉禽蛋,猪肉类,前臀尖,6.5,6.5,6.5,斤,,瘦,2026-07-26
肉禽蛋,猪肉类,前臀尖,5.5,5.5,5.5,斤,,肥,2026-07-26
肉禽蛋,猪肉类,后臀尖,6.5,6.5,6.5,斤,,瘦,2026-07-26
肉禽蛋,猪肉类,后臀尖,5.5,5.5,5.5,斤,,肥,2026-07-26
肉禽蛋,猪肉类,五花肉,8.0,8.5,8.25,斤,,瘦,2026-07-26
肉禽蛋,猪肉类,五花肉,7.5,8.0,7.75,斤,,肥,2026-07-26
肉禽蛋,猪肉类,精五花,9.5,10.5,10.0,斤,,,2026-07-26
肉禽蛋,猪肉类,纯通脊,7.5,8.0,7.75,斤,,,2026-07-26
肉禽蛋,猪肉类,通脊,6.5,6.5,6.5,斤,,带皮,2026-07-26
肉禽蛋,猪肉类,小里脊,8.5,9.0,8.75,斤,,,2026-07-26
肉禽蛋,猪肉类,梅花肉,8.0,9.0,8.5,斤,,,2026-07-26
肉禽蛋,猪肉类,纯瘦肉,7.0,7.5,7.25,斤,,,2026-07-26
肉禽蛋,猪肉类,护心肉,10.0,19.0,14.5,斤,,鲜,2026-07-26
肉禽蛋,猪肉类,前肘,5.8,6.5,6.15,斤,,,2026-07-26
肉禽蛋,猪肉类,后肘,4.8,5.0,4.9,斤,,,2026-07-26
肉禽蛋,猪肉类,月牙骨,15.0,16.0,15.5,斤,,,2026-07-26
肉禽蛋,猪肉类,猪尾巴,40.0,52.0,46.0,斤,,,2026-07-26
肉禽蛋,猪肉类,猪蹄,14.0,15.0,14.5,斤,,,2026-07-26
肉禽蛋,猪肉类,纯排骨,16.0,17.0,16.5,斤,,,2026-07-26
肉禽蛋,猪肉类,纯腔骨,4.5,5.0,4.75,斤,,,2026-07-26
肉禽蛋,猪肉类,腔排骨,10.0,10.5,10.25,斤,,,2026-07-26
肉禽蛋,猪肉类,梅花骨,5.5,6.0,5.75,斤,,,2026-07-26
肉禽蛋,猪肉类,棒骨,5.0,5.5,5.25,斤,,,2026-07-26
肉禽蛋,猪肉类,猪头,7.5,8.0,7.75,斤,,,2026-07-26
肉禽蛋,猪肉类,猪口条,8.5,9.0,8.75,斤,,,2026-07-26
肉禽蛋,猪肉类,猪耳,21.0,22.0,21.5,斤,,,2026-07-26
肉禽蛋,猪肉类,猪脑,15.0,18.0,16.5,斤,,,2026-07-26
肉禽蛋,猪肉类,猪肚,14.0,15.0,14.5,斤,,,2026-07-26
肉禽蛋,猪肉类,猪板油,4.5,5.0,4.75,斤,,,2026-07-26
肉禽蛋,猪肉类,肥膘肉,3.0,3.5,3.25,斤,,,2026-07-26
肉禽蛋,猪肉类,猪腰子,14.0,14.0,14.0,斤,,,2026-07-26
肉禽蛋,猪肉类,猪心,5.0,5.5,5.25,斤,,,2026-07-26
肉禽蛋,猪肉类,猪肝,4.0,4.5,4.25,斤,,,2026-07-26
肉禽蛋,猪肉类,猪肺,2.5,3.0,2.75,个,,,2026-07-26
肉禽蛋,猪肉类,猪皮,2.0,2.0,2.0,斤,,,2026-07-26
肉禽蛋,猪肉类,猪肠头,13.0,13.0,13.0,斤,,,2026-07-26
肉禽蛋,猪肉类,猪肠,10.0,10.0,10.0,斤,,,2026-07-26
肉禽蛋,猪肉类,白条猪,7.25,7.25,7.25,斤,,瘦,2026-07-25
肉禽蛋,猪肉类,白条猪,5.9,5.9,5.9,斤,,肥,2026-07-25
肉禽蛋,猪肉类,前臀尖,6.5,6.5,6.5,斤,,瘦,2026-07-25
肉禽蛋,猪肉类,前臀尖,5.5,5.5,5.5,斤,,肥,2026-07-25
肉禽蛋,猪肉类,后臀尖,6.5,6.5,6.5,斤,,瘦,2026-07-25
肉禽蛋,猪肉类,后臀尖,5.5,5.5,5.5,斤,,肥,2026-07-25
肉禽蛋,猪肉类,五花肉,8.0,8.5,8.25,斤,,瘦,2026-07-25
肉禽蛋,猪肉类,五花肉,7.5,8.0,7.75,斤,,肥,2026-07-25
肉禽蛋,猪肉类,精五花,9.5,10.5,10.0,斤,,,2026-07-25
肉禽蛋,猪肉类,纯通脊,7.5,8.0,7.75,斤,,,2026-07-25
肉禽蛋,猪肉类,通脊,6.5,6.5,6.5,斤,,带皮,2026-07-25
肉禽蛋,猪肉类,小里脊,8.5,9.0,8.75,斤,,,2026-07-25
肉禽蛋,猪肉类,梅花肉,8.0,9.0,8.5,斤,,,2026-07-25
肉禽蛋,猪肉类,纯瘦肉,7.0,7.5,7.25,斤,,,2026-07-25
肉禽蛋,猪肉类,护心肉,10.0,19.0,14.5,斤,,鲜,2026-07-25
肉禽蛋,猪肉类,前肘,5.8,6.5,6.15,斤,,,2026-07-25
肉禽蛋,猪肉类,后肘,4.8,5.0,4.9,斤,,,2026-07-25
肉禽蛋,猪肉类,月牙骨,15.0,16.0,15.5,斤,,,2026-07-25
肉禽蛋,猪肉类,猪尾巴,40.0,52.0,46.0,斤,,,2026-07-25
肉禽蛋,猪肉类,猪蹄,14.0,15.0,14.5,斤,,,2026-07-25
肉禽蛋,猪肉类,纯排骨,16.0,17.0,16.5,斤,,,2026-07-25
肉禽蛋,猪肉类,纯腔骨,4.5,5.0,4.75,斤,,,2026-07-25
肉禽蛋,猪肉类,腔排骨,10.0,10.5,10.25,斤,,,2026-07-25
肉禽蛋,猪肉类,梅花骨,5.5,6.0,5.75,斤,,,2026-07-25
肉禽蛋,猪肉类,棒骨,5.0,5.5,5.25,斤,,,2026-07-25
肉禽蛋,猪肉类,猪头,7.5,8.0,7.75,斤,,,2026-07-25
肉禽蛋,猪肉类,猪口条,8.5,9.0,8.75,斤,,,2026-07-25
肉禽蛋,猪肉类,猪耳,21.0,22.0,21.5,斤,,,2026-07-25
肉禽蛋,猪肉类,猪脑,15.0,18.0,16.5,斤,,,2026-07-25
肉禽蛋,猪肉类,猪肚,14.0,15.0,14.5,斤,,,2026-07-25
肉禽蛋,猪肉类,猪板油,4.5,5.0,4.75,斤,,,2026-07-25
肉禽蛋,猪肉类,肥膘肉,3.0,3.5,3.25,斤,,,2026-07-25
肉禽蛋,猪肉类,猪腰子,14.0,14.0,14.0,斤,,,2026-07-25
肉禽蛋,猪肉类,猪心,5.0,5.5,5.25,斤,,,2026-07-25
肉禽蛋,猪肉类,猪肝,4.0,4.5,4.25,斤,,,2026-07-25
肉禽蛋,猪肉类,猪肺,2.5,3.0,2.75,个,,,2026-07-25
肉禽蛋,猪肉类,猪皮,2.0,2.0,2.0,斤,,,2026-07-25
肉禽蛋,猪肉类,猪肠头,13.0,13.0,13.0,斤,,,2026-07-25
肉禽蛋,猪肉类,猪肠,10.0,10.0,10.0,斤,,,2026-07-25
肉禽蛋,猪肉类,白条猪,7.15,7.15,7.15,斤,,瘦,2026-07-24
肉禽蛋,猪肉类,白条猪,6.0,6.0,6.0,斤,,肥,2026-07-24
肉禽蛋,猪肉类,前臀尖,6.5,6.5,6.5,斤,,瘦,2026-07-24
肉禽蛋,猪肉类,前臀尖,5.5,5.5,5.5,斤,,肥,2026-07-24
肉禽蛋,猪肉类,后臀尖,6.5,6.5,6.5,斤,,瘦,2026-07-24
肉禽蛋,猪肉类,后臀尖,5.5,5.5,5.5,斤,,肥,2026-07-24
肉禽蛋,猪肉类,五花肉,8.0,8.5,8.25,斤,,瘦,2026-07-24
肉禽蛋,猪肉类,五花肉,7.5,8.0,7.75,斤,,肥,2026-07-24
肉禽蛋,猪肉类,精五花,9.5,10.5,10.0,斤,,,2026-07-24
肉禽蛋,猪肉类,纯通脊,7.5,8.0,7.75,斤,,,2026-07-24
肉禽蛋,猪肉类,通脊,6.5,6.5,6.5,斤,,带皮,2026-07-24
肉禽蛋,猪肉类,小里脊,8.5,9.0,8.75,斤,,,2026-07-24
肉禽蛋,猪肉类,梅花肉,8.0,9.0,8.5,斤,,,2026-07-24
肉禽蛋,猪肉类,纯瘦肉,7.0,7.5,7.25,斤,,,2026-07-24
肉禽蛋,猪肉类,护心肉,10.0,19.0,14.5,斤,,鲜,2026-07-24
肉禽蛋,猪肉类,前肘,5.8,6.5,6.15,斤,,,2026-07-24
肉禽蛋,猪肉类,后肘,4.8,5.5,5.15,斤,,,2026-07-24
肉禽蛋,猪肉类,月牙骨,15.0,16.0,15.5,斤,,,2026-07-24
肉禽蛋,猪肉类,猪尾巴,40.0,52.0,46.0,斤,,,2026-07-24
肉禽蛋,猪肉类,猪蹄,14.0,15.0,14.5,斤,,,2026-07-24
肉禽蛋,猪肉类,纯排骨,16.0,17.0,16.5,斤,,,2026-07-24
肉禽蛋,猪肉类,纯腔骨,4.5,5.0,4.75,斤,,,2026-07-24
肉禽蛋,猪肉类,腔排骨,10.0,10.5,10.25,斤,,,2026-07-24
肉禽蛋,猪肉类,梅花骨,5.5,6.0,5.75,斤,,,2026-07-24
肉禽蛋,猪肉类,棒骨,5.0,5.5,5.25,斤,,,2026-07-24
肉禽蛋,猪肉类,猪头,7.5,8.0,7.75,斤,,,2026-07-24
肉禽蛋,猪肉类,猪口条,8.5,9.0,8.75,斤,,,2026-07-24
肉禽蛋,猪肉类,猪耳,21.0,22.0,21.5,斤,,,2026-07-24
肉禽蛋,猪肉类,猪脑,15.0,18.0,16.5,斤,,,2026-07-24
肉禽蛋,猪肉类,猪肚,14.0,15.0,14.5,斤,,,2026-07-24
肉禽蛋,猪肉类,猪板油,4.5,5.0,4.75,斤,,,2026-07-24
肉禽蛋,猪肉类,肥膘肉,3.0,3.5,3.25,斤,,,2026-07-24
肉禽蛋,猪肉类,猪腰子,14.0,14.0,14.0,斤,,,2026-07-24
肉禽蛋,猪肉类,猪心,5.0,5.5,5.25,斤,,,2026-07-24
肉禽蛋,猪肉类,猪肝,4.0,4.5,4.25,斤,,,2026-07-24
肉禽蛋,猪肉类,猪肺,2.5,3.0,2.75,个,,,2026-07-24
肉禽蛋,猪肉类,猪皮,2.0,2.0,2.0,斤,,,2026-07-24
肉禽蛋,猪肉类,猪肠头,13.0,13.0,13.0,斤,,,2026-07-24
肉禽蛋,猪肉类,猪肠,10.0,10.0,10.0,斤,,,2026-07-24
肉禽蛋,猪肉类,白条猪,7.25,7.25,7.25,斤,,瘦,2026-07-23
肉禽蛋,猪肉类,白条猪,6.5,6.5,6.5,斤,,肥,2026-07-23
肉禽蛋,猪肉类,前臀尖,6.5,6.5,6.5,斤,,瘦,2026-07-23
肉禽蛋,猪肉类,前臀尖,5.5,6.0,5.75,斤,,肥,2026-07-23
肉禽蛋,猪肉类,后臀尖,6.5,6.5,6.5,斤,,瘦,2026-07-23
肉禽蛋,猪肉类,后臀尖,5.5,6.0,5.75,斤,,肥,2026-07-23
肉禽蛋,猪肉类,五花肉,8.0,8.5,8.25,斤,,瘦,2026-07-23
肉禽蛋,猪肉类,五花肉,7.5,8.0,7.75,斤,,肥,2026-07-23
肉禽蛋,猪肉类,精五花,10.0,11.0,10.5,斤,,,2026-07-23
肉禽蛋,猪肉类,纯通脊,8.0,8.5,8.25,斤,,,2026-07-23
肉禽蛋,猪肉类,通脊,6.5,7.0,6.75,斤,,带皮,2026-07-23
肉禽蛋,猪肉类,小里脊,9.0,9.0,9.0,斤,,,2026-07-23
肉禽蛋,猪肉类,梅花肉,8.5,9.5,9.0,斤,,,2026-07-23
肉禽蛋,猪肉类,纯瘦肉,7.0,8.0,7.5,斤,,,2026-07-23
肉禽蛋,猪肉类,护心肉,10.0,19.0,14.5,斤,,鲜,2026-07-23
肉禽蛋,猪肉类,前肘,6.0,6.5,6.25,斤,,,2026-07-23
肉禽蛋,猪肉类,后肘,4.8,5.5,5.15,斤,,,2026-07-23
肉禽蛋,猪肉类,月牙骨,15.0,16.0,15.5,斤,,,2026-07-23
肉禽蛋,猪肉类,猪尾巴,40.0,52.0,46.0,斤,,,2026-07-23
肉禽蛋,猪肉类,猪蹄,14.0,15.0,14.5,斤,,,2026-07-23
肉禽蛋,猪肉类,纯排骨,16.5,17.5,17.0,斤,,,2026-07-23
肉禽蛋,猪肉类,纯腔骨,4.5,5.0,4.75,斤,,,2026-07-23
肉禽蛋,猪肉类,腔排骨,10.0,11.0,10.5,斤,,,2026-07-23
肉禽蛋,猪肉类,梅花骨,5.5,6.5,6.0,斤,,,2026-07-23
肉禽蛋,猪肉类,棒骨,5.0,6.0,5.5,斤,,,2026-07-23
肉禽蛋,猪肉类,猪头,7.5,8.0,7.75,斤,,,2026-07-23
肉禽蛋,猪肉类,猪口条,8.5,9.0,8.75,斤,,,2026-07-23
肉禽蛋,猪肉类,猪耳,21.0,22.0,21.5,斤,,,2026-07-23
肉禽蛋,猪肉类,猪脑,15.0,18.0,16.5,斤,,,2026-07-23
肉禽蛋,猪肉类,猪肚,14.0,15.0,14.5,斤,,,2026-07-23
肉禽蛋,猪肉类,猪板油,4.5,5.0,4.75,斤,,,2026-07-23
肉禽蛋,猪肉类,肥膘肉,3.0,3.5,3.25,斤,,,2026-07-23
肉禽蛋,猪肉类,猪腰子,14.0,14.0,14.0,斤,,,2026-07-23
肉禽蛋,猪肉类,猪心,5.0,5.5,5.25,斤,,,2026-07-23
肉禽蛋,猪肉类,猪肝,4.0,4.5,4.25,斤,,,2026-07-23
肉禽蛋,猪肉类,猪肺,2.5,3.0,2.75,个,,,2026-07-23
肉禽蛋,猪肉类,猪皮,2.0,2.0,2.0,斤,,,2026-07-23
肉禽蛋,猪肉类,猪肠头,13.0,13.0,13.0,斤,,,2026-07-23
肉禽蛋,猪肉类,猪肠,10.0,10.0,10.0,斤,,,2026-07-23
肉禽蛋,猪肉类,白条猪,7.4,7.4,7.4,斤,,瘦,2026-07-22
肉禽蛋,猪肉类,白条猪,6.5,6.5,6.5,斤,,肥,2026-07-22
肉禽蛋,猪肉类,前臀尖,6.5,7.0,6.75,斤,,瘦,2026-07-22
肉禽蛋,猪肉类,前臀尖,5.5,6.0,5.75,斤,,肥,2026-07-22
肉禽蛋,猪肉类,后臀尖,6.5,7.0,6.75,斤,,瘦,2026-07-22
肉禽蛋,猪肉类,后臀尖,5.5,6.0,5.75,斤,,肥,2026-07-22
肉禽蛋,猪肉类,五花肉,8.0,8.5,8.25,斤,,瘦,2026-07-22
肉禽蛋,猪肉类,五花肉,7.5,8.0,7.75,斤,,肥,2026-07-22
肉禽蛋,猪肉类,精五花,10.5,11.5,11.0,斤,,,2026-07-22
肉禽蛋,猪肉类,纯通脊,8.0,8.5,8.25,斤,,,2026-07-22
肉禽蛋,猪肉类,通脊,7.0,7.5,7.25,斤,,带皮,2026-07-22
肉禽蛋,猪肉类,小里脊,9.0,9.0,9.0,斤,,,2026-07-22
肉禽蛋,猪肉类,梅花肉,8.5,9.5,9.0,斤,,,2026-07-22
肉禽蛋,猪肉类,纯瘦肉,7.0,8.0,7.5,斤,,,2026-07-22
肉禽蛋,猪肉类,护心肉,10.0,19.0,14.5,斤,,鲜,2026-07-22
肉禽蛋,猪肉类,前肘,6.0,6.5,6.25,斤,,,2026-07-22
肉禽蛋,猪肉类,后肘,4.8,5.5,5.15,斤,,,2026-07-22
肉禽蛋,猪肉类,月牙骨,15.0,16.0,15.5,斤,,,2026-07-22
肉禽蛋,猪肉类,猪尾巴,40.0,52.0,46.0,斤,,,2026-07-22
肉禽蛋,猪肉类,猪蹄,14.0,15.0,14.5,斤,,,2026-07-22
肉禽蛋,猪肉类,纯排骨,16.5,17.5,17.0,斤,,,2026-07-22
肉禽蛋,猪肉类,纯腔骨,4.0,5.0,4.5,斤,,,2026-07-22
肉禽蛋,猪肉类,腔排骨,10.0,10.5,10.25,斤,,,2026-07-22
肉禽蛋,猪肉类,梅花骨,5.5,6.5,6.0,斤,,,2026-07-22
肉禽蛋,猪肉类,棒骨,5.0,6.0,5.5,斤,,,2026-07-22
肉禽蛋,猪肉类,猪头,7.0,7.5,7.25,斤,,,2026-07-22
肉禽蛋,猪肉类,猪口条,8.5,9.0,8.75,斤,,,2026-07-22
肉禽蛋,猪肉类,猪耳,21.0,22.0,21.5,斤,,,2026-07-22
肉禽蛋,猪肉类,猪脑,17.0,18.0,17.5,斤,,,2026-07-22
肉禽蛋,猪肉类,猪肚,14.0,15.0,14.5,斤,,,2026-07-22
肉禽蛋,猪肉类,猪板油,4.5,5.0,4.75,斤,,,2026-07-22
肉禽蛋,猪肉类,肥膘肉,3.0,3.5,3.25,斤,,,2026-07-22
肉禽蛋,猪肉类,猪腰子,13.0,13.0,13.0,斤,,,2026-07-22
肉禽蛋,猪肉类,猪心,5.5,6.0,5.75,斤,,,2026-07-22
肉禽蛋,猪肉类,猪肝,4.0,4.5,4.25,斤,,,2026-07-22
肉禽蛋,猪肉类,猪肺,2.5,2.5,2.5,个,,,2026-07-22
肉禽蛋,猪肉类,猪皮,2.0,2.0,2.0,斤,,,2026-07-22
肉禽蛋,猪肉类,猪肠头,13.0,13.0,13.0,斤,,,2026-07-22
肉禽蛋,猪肉类,猪肠,10.0,10.0,10.0,斤,,,2026-07-22
肉禽蛋,猪肉类,白条猪,7.5,7.5,7.5,斤,,瘦,2026-07-21
肉禽蛋,猪肉类,白条猪,6.25,6.25,6.25,斤,,肥,2026-07-21
肉禽蛋,猪肉类,前臀尖,6.5,7.0,6.75,斤,,瘦,2026-07-21
肉禽蛋,猪肉类,前臀尖,6.0,6.0,6.0,斤,,肥,2026-07-21
肉禽蛋,猪肉类,后臀尖,6.5,7.0,6.75,斤,,瘦,2026-07-21
肉禽蛋,猪肉类,后臀尖,6.0,6.0,6.0,斤,,肥,2026-07-21
肉禽蛋,猪肉类,五花肉,8.0,8.5,8.25,斤,,瘦,2026-07-21
肉禽蛋,猪肉类,五花肉,7.5,8.0,7.75,斤,,肥,2026-07-21
肉禽蛋,猪肉类,精五花,10.5,11.5,11.0,斤,,,2026-07-21
肉禽蛋,猪肉类,纯通脊,7.8,8.0,7.9,斤,,,2026-07-21
肉禽蛋,猪肉类,通脊,7.0,7.5,7.25,斤,,带皮,2026-07-21
肉禽蛋,猪肉类,小里脊,9.0,9.0,9.0,斤,,,2026-07-21
肉禽蛋,猪肉类,梅花肉,8.5,9.5,9.0,斤,,,2026-07-21
肉禽蛋,猪肉类,纯瘦肉,7.0,8.0,7.5,斤,,,2026-07-21
肉禽蛋,猪肉类,护心肉,10.0,19.0,14.5,斤,,鲜,2026-07-21
肉禽蛋,猪肉类,前肘,6.5,7.0,6.75,斤,,,2026-07-21
肉禽蛋,猪肉类,后肘,5.0,5.5,5.25,斤,,,2026-07-21
肉禽蛋,猪肉类,月牙骨,15.0,16.0,15.5,斤,,,2026-07-21
肉禽蛋,猪肉类,猪尾巴,40.0,52.0,46.0,斤,,,2026-07-21
肉禽蛋,猪肉类,猪蹄,14.0,15.0,14.5,斤,,,2026-07-21
肉禽蛋,猪肉类,纯排骨,16.5,17.5,17.0,斤,,,2026-07-21
肉禽蛋,猪肉类,纯腔骨,4.0,5.0,4.5,斤,,,2026-07-21
肉禽蛋,猪肉类,腔排骨,10.5,11.0,10.75,斤,,,2026-07-21
肉禽蛋,猪肉类,梅花骨,6.0,7.0,6.5,斤,,,2026-07-21
肉禽蛋,猪肉类,棒骨,5.0,6.0,5.5,斤,,,2026-07-21
肉禽蛋,猪肉类,猪头,7.0,7.5,7.25,斤,,,2026-07-21
肉禽蛋,猪肉类,猪口条,8.5,9.0,8.75,斤,,,2026-07-21
肉禽蛋,猪肉类,猪耳,21.0,22.0,21.5,斤,,,2026-07-21
肉禽蛋,猪肉类,猪脑,17.0,18.0,17.5,斤,,,2026-07-21
肉禽蛋,猪肉类,猪肚,14.0,15.0,14.5,斤,,,2026-07-21
肉禽蛋,猪肉类,猪板油,4.5,5.0,4.75,斤,,,2026-07-21
肉禽蛋,猪肉类,肥膘肉,3.0,3.5,3.25,斤,,,2026-07-21
肉禽蛋,猪肉类,猪腰子,13.0,13.0,13.0,斤,,,2026-07-21
肉禽蛋,猪肉类,猪心,5.5,6.0,5.75,斤,,,2026-07-21
肉禽蛋,猪肉类,猪肝,4.0,4.5,4.25,斤,,,2026-07-21
肉禽蛋,猪肉类,猪肺,2.5,2.5,2.5,个,,,2026-07-21
肉禽蛋,猪肉类,猪皮,2.0,2.0,2.0,斤,,,2026-07-21
肉禽蛋,猪肉类,猪肠头,13.0,13.0,13.0,斤,,,2026-07-21
肉禽蛋,猪肉类,猪肠,10.0,10.0,10.0,斤,,,2026-07-21
肉禽蛋,猪肉类,白条猪,7.5,7.5,7.5,斤,,瘦,2026-07-20
肉禽蛋,猪肉类,白条猪,6.5,6.5,6.5,斤,,肥,2026-07-20
肉禽蛋,猪肉类,前臀尖,6.5,7.0,6.75,斤,,瘦,2026-07-20
肉禽蛋,猪肉类,前臀尖,6.0,6.0,6.0,斤,,肥,2026-07-20
肉禽蛋,猪肉类,后臀尖,6.5,7.0,6.75,斤,,瘦,2026-07-20
肉禽蛋,猪肉类,后臀尖,6.0,6.0,6.0,斤,,肥,2026-07-20
肉禽蛋,猪肉类,五花肉,8.0,8.5,8.25,斤,,瘦,2026-07-20
肉禽蛋,猪肉类,五花肉,7.5,8.0,7.75,斤,,肥,2026-07-20
肉禽蛋,猪肉类,精五花,10.5,11.5,11.0,斤,,,2026-07-20
肉禽蛋,猪肉类,纯通脊,7.8,8.0,7.9,斤,,,2026-07-20
肉禽蛋,猪肉类,通脊,7.0,7.5,7.25,斤,,带皮,2026-07-20
肉禽蛋,猪肉类,小里脊,9.0,9.0,9.0,斤,,,2026-07-20
肉禽蛋,猪肉类,梅花肉,8.5,9.5,9.0,斤,,,2026-07-20
肉禽蛋,猪肉类,纯瘦肉,7.0,8.0,7.5,斤,,,2026-07-20
肉禽蛋,猪肉类,护心肉,10.0,19.0,14.5,斤,,鲜,2026-07-20
肉禽蛋,猪肉类,前肘,6.5,7.0,6.75,斤,,,2026-07-20
肉禽蛋,猪肉类,后肘,5.0,5.5,5.25,斤,,,2026-07-20
肉禽蛋,猪肉类,月牙骨,15.0,16.0,15.5,斤,,,2026-07-20
肉禽蛋,猪肉类,猪尾巴,40.0,52.0,46.0,斤,,,2026-07-20
肉禽蛋,猪肉类,猪蹄,14.0,15.0,14.5,斤,,,2026-07-20
肉禽蛋,猪肉类,纯排骨,16.5,17.5,17.0,斤,,,2026-07-20
肉禽蛋,猪肉类,纯腔骨,4.0,5.0,4.5,斤,,,2026-07-20
肉禽蛋,猪肉类,腔排骨,10.0,11.0,10.5,斤,,,2026-07-20
肉禽蛋,猪肉类,梅花骨,6.0,7.0,6.5,斤,,,2026-07-20
肉禽蛋,猪肉类,棒骨,5.0,6.0,5.5,斤,,,2026-07-20
肉禽蛋,猪肉类,猪头,7.0,7.5,7.25,斤,,,2026-07-20
肉禽蛋,猪肉类,猪口条,8.5,9.0,8.75,斤,,,2026-07-20
肉禽蛋,猪肉类,猪耳,21.0,22.0,21.5,斤,,,2026-07-20
肉禽蛋,猪肉类,猪脑,17.0,18.0,17.5,斤,,,2026-07-20
肉禽蛋,猪肉类,猪肚,14.0,15.0,14.5,斤,,,2026-07-20
肉禽蛋,猪肉类,猪板油,4.5,5.0,4.75,斤,,,2026-07-20
肉禽蛋,猪肉类,肥膘肉,3.0,3.5,3.25,斤,,,2026-07-20
肉禽蛋,猪肉类,猪腰子,13.0,13.0,13.0,斤,,,2026-07-20
肉禽蛋,猪肉类,猪心,5.5,6.0,5.75,斤,,,2026-07-20
肉禽蛋,猪肉类,猪肝,4.0,4.5,4.25,斤,,,2026-07-20
肉禽蛋,猪肉类,猪肺,2.5,2.5,2.5,个,,,2026-07-20
肉禽蛋,猪肉类,猪皮,2.0,2.0,2.0,斤,,,2026-07-20
肉禽蛋,猪肉类,猪肠头,13.0,13.0,13.0,斤,,,2026-07-20
肉禽蛋,猪肉类,猪肠,10.0,10.0,10.0,斤,,,2026-07-20
肉禽蛋,猪肉类,白条猪,7.5,7.5,7.5,斤,,瘦,2026-07-19
肉禽蛋,猪肉类,白条猪,6.55,6.55,6.55,斤,,肥,2026-07-19
肉禽蛋,猪肉类,前臀尖,7.0,7.0,7.0,斤,,瘦,2026-07-19
肉禽蛋,猪肉类,前臀尖,6.0,6.5,6.25,斤,,肥,2026-07-19
肉禽蛋,猪肉类,后臀尖,7.0,7.0,7.0,斤,,瘦,2026-07-19
肉禽蛋,猪肉类,后臀尖,6.0,6.5,6.25,斤,,肥,2026-07-19
肉禽蛋,猪肉类,五花肉,8.5,9.0,8.75,斤,,瘦,2026-07-19
肉禽蛋,猪肉类,五花肉,8.0,8.5,8.25,斤,,肥,2026-07-19
肉禽蛋,猪肉类,精五花,10.5,11.5,11.0,斤,,,2026-07-19
肉禽蛋,猪肉类,纯通脊,8.0,8.5,8.25,斤,,,2026-07-19
肉禽蛋,猪肉类,通脊,7.0,7.5,7.25,斤,,带皮,2026-07-19
肉禽蛋,猪肉类,小里脊,9.5,9.5,9.5,斤,,,2026-07-19
肉禽蛋,猪肉类,梅花肉,8.5,9.5,9.0,斤,,,2026-07-19
肉禽蛋,猪肉类,纯瘦肉,7.5,8.0,7.75,斤,,,2026-07-19
肉禽蛋,猪肉类,护心肉,10.0,19.0,14.5,斤,,鲜,2026-07-19
肉禽蛋,猪肉类,前肘,6.0,6.5,6.25,斤,,,2026-07-19
肉禽蛋,猪肉类,后肘,5.2,5.5,5.35,斤,,,2026-07-19
肉禽蛋,猪肉类,月牙骨,15.0,16.0,15.5,斤,,,2026-07-19
肉禽蛋,猪肉类,猪尾巴,40.0,52.0,46.0,斤,,,2026-07-19
肉禽蛋,猪肉类,猪蹄,14.0,15.0,14.5,斤,,,2026-07-19
肉禽蛋,猪肉类,纯排骨,16.5,17.5,17.0,斤,,,2026-07-19
肉禽蛋,猪肉类,纯腔骨,4.0,5.0,4.5,斤,,,2026-07-19
肉禽蛋,猪肉类,腔排骨,11.0,11.5,11.25,斤,,,2026-07-19
肉禽蛋,猪肉类,梅花骨,6.0,7.0,6.5,斤,,,2026-07-19
肉禽蛋,猪肉类,棒骨,5.5,6.0,5.75,斤,,,2026-07-19
肉禽蛋,猪肉类,猪头,7.0,7.5,7.25,斤,,,2026-07-19
肉禽蛋,猪肉类,猪口条,8.5,9.0,8.75,斤,,,2026-07-19
肉禽蛋,猪肉类,猪耳,21.0,22.0,21.5,斤,,,2026-07-19
肉禽蛋,猪肉类,猪脑,17.0,18.0,17.5,斤,,,2026-07-19
肉禽蛋,猪肉类,猪肚,14.0,15.0,14.5,斤,,,2026-07-19
肉禽蛋,猪肉类,猪板油,4.5,5.0,4.75,斤,,,2026-07-19
肉禽蛋,猪肉类,肥膘肉,3.0,3.5,3.25,斤,,,2026-07-19
肉禽蛋,猪肉类,猪腰子,13.0,13.0,13.0,斤,,,2026-07-19
肉禽蛋,猪肉类,猪心,5.5,6.0,5.75,斤,,,2026-07-19
肉禽蛋,猪肉类,猪肝,4.0,4.5,4.25,斤,,,2026-07-19
肉禽蛋,猪肉类,猪肺,2.5,2.5,2.5,个,,,2026-07-19
肉禽蛋,猪肉类,猪皮,2.0,2.0,2.0,斤,,,2026-07-19
肉禽蛋,猪肉类,猪肠头,13.0,13.0,13.0,斤,,,2026-07-19
肉禽蛋,猪肉类,猪肠,10.0,10.0,10.0,斤,,,2026-07-19
肉禽蛋,猪肉类,白条猪,7.5,7.5,7.5,斤,,瘦,2026-07-18
肉禽蛋,猪肉类,白条猪,6.85,6.85,6.85,斤,,肥,2026-07-18
肉禽蛋,猪肉类,前臀尖,7.0,7.0,7.0,斤,,瘦,2026-07-18
肉禽蛋,猪肉类,前臀尖,6.0,6.5,6.25,斤,,肥,2026-07-18
肉禽蛋,猪肉类,后臀尖,7.0,7.0,7.0,斤,,瘦,2026-07-18
肉禽蛋,猪肉类,后臀尖,6.0,6.5,6.25,斤,,肥,2026-07-18
肉禽蛋,猪肉类,五花肉,8.5,9.0,8.75,斤,,瘦,2026-07-18
肉禽蛋,猪肉类,五花肉,8.0,8.5,8.25,斤,,肥,2026-07-18
肉禽蛋,猪肉类,精五花,10.5,11.5,11.0,斤,,,2026-07-18
肉禽蛋,猪肉类,纯通脊,8.0,8.5,8.25,斤,,,2026-07-18
肉禽蛋,猪肉类,通脊,7.0,7.5,7.25,斤,,带皮,2026-07-18
肉禽蛋,猪肉类,小里脊,9.5,9.5,9.5,斤,,,2026-07-18
肉禽蛋,猪肉类,梅花肉,8.5,9.5,9.0,斤,,,2026-07-18
肉禽蛋,猪肉类,纯瘦肉,7.5,8.0,7.75,斤,,,2026-07-18
肉禽蛋,猪肉类,护心肉,10.0,19.0,14.5,斤,,鲜,2026-07-18
肉禽蛋,猪肉类,前肘,6.0,6.5,6.25,斤,,,2026-07-18
肉禽蛋,猪肉类,后肘,5.2,5.5,5.35,斤,,,2026-07-18
肉禽蛋,猪肉类,月牙骨,15.0,16.0,15.5,斤,,,2026-07-18
肉禽蛋,猪肉类,猪尾巴,40.0,52.0,46.0,斤,,,2026-07-18
肉禽蛋,猪肉类,猪蹄,14.0,15.0,14.5,斤,,,2026-07-18
肉禽蛋,猪肉类,纯排骨,16.5,17.5,17.0,斤,,,2026-07-18
肉禽蛋,猪肉类,纯腔骨,4.0,5.0,4.5,斤,,,2026-07-18
肉禽蛋,猪肉类,腔排骨,11.0,11.5,11.25,斤,,,2026-07-18
肉禽蛋,猪肉类,梅花骨,6.0,7.0,6.5,斤,,,2026-07-18
肉禽蛋,猪肉类,棒骨,5.5,6.0,5.75,斤,,,2026-07-18
肉禽蛋,猪肉类,猪头,7.0,7.5,7.25,斤,,,2026-07-18
肉禽蛋,猪肉类,猪口条,8.5,9.0,8.75,斤,,,2026-07-18
肉禽蛋,猪肉类,猪耳,21.0,22.0,21.5,斤,,,2026-07-18
肉禽蛋,猪肉类,猪脑,17.0,18.0,17.5,斤,,,2026-07-18
肉禽蛋,猪肉类,猪肚,14.0,15.0,14.5,斤,,,2026-07-18
肉禽蛋,猪肉类,猪板油,4.5,5.0,4.75,斤,,,2026-07-18
肉禽蛋,猪肉类,肥膘肉,3.0,3.5,3.25,斤,,,2026-07-18
肉禽蛋,猪肉类,猪腰子,13.0,13.0,13.0,斤,,,2026-07-18
肉禽蛋,猪肉类,猪心,5.5,6.0,5.75,斤,,,2026-07-18
肉禽蛋,猪肉类,猪肝,4.0,4.5,4.25,斤,,,2026-07-18
肉禽蛋,猪肉类,猪肺,2.5,2.5,2.5,个,,,2026-07-18
肉禽蛋,猪肉类,猪皮,2.0,2.0,2.0,斤,,,2026-07-18
肉禽蛋,猪肉类,猪肠头,13.0,13.0,13.0,斤,,,2026-07-18
肉禽蛋,猪肉类,猪肠,10.0,10.0,10.0,斤,,,2026-07-18
肉禽蛋,猪肉类,白条猪,7.65,7.65,7.65,斤,,瘦,2026-07-17
肉禽蛋,猪肉类,白条猪,6.7,6.7,6.7,斤,,肥,2026-07-17
肉禽蛋,猪肉类,前臀尖,7.0,7.0,7.0,斤,,瘦,2026-07-17
肉禽蛋,猪肉类,前臀尖,6.0,6.5,6.25,斤,,肥,2026-07-17
肉禽蛋,猪肉类,后臀尖,7.0,7.0,7.0,斤,,瘦,2026-07-17
肉禽蛋,猪肉类,后臀尖,6.0,6.5,6.25,斤,,肥,2026-07-17
肉禽蛋,猪肉类,五花肉,8.5,9.0,8.75,斤,,瘦,2026-07-17
肉禽蛋,猪肉类,五花肉,8.0,8.5,8.25,斤,,肥,2026-07-17
肉禽蛋,猪肉类,精五花,10.5,11.5,11.0,斤,,,2026-07-17
肉禽蛋,猪肉类,纯通脊,8.0,8.5,8.25,斤,,,2026-07-17
肉禽蛋,猪肉类,通脊,7.0,7.5,7.25,斤,,带皮,2026-07-17
肉禽蛋,猪肉类,小里脊,9.5,9.5,9.5,斤,,,2026-07-17
肉禽蛋,猪肉类,梅花肉,8.5,9.5,9.0,斤,,,2026-07-17
肉禽蛋,猪肉类,纯瘦肉,7.5,8.0,7.75,斤,,,2026-07-17
肉禽蛋,猪肉类,护心肉,10.0,19.0,14.5,斤,,鲜,2026-07-17
肉禽蛋,猪肉类,前肘,6.0,6.5,6.25,斤,,,2026-07-17
肉禽蛋,猪肉类,后肘,5.2,5.5,5.35,斤,,,2026-07-17
肉禽蛋,猪肉类,月牙骨,15.0,16.0,15.5,斤,,,2026-07-17
肉禽蛋,猪肉类,猪尾巴,40.0,52.0,46.0,斤,,,2026-07-17
肉禽蛋,猪肉类,猪蹄,14.0,15.0,14.5,斤,,,2026-07-17
肉禽蛋,猪肉类,纯排骨,16.5,17.5,17.0,斤,,,2026-07-17
肉禽蛋,猪肉类,纯腔骨,4.0,5.0,4.5,斤,,,2026-07-17
肉禽蛋,猪肉类,腔排骨,11.0,11.5,11.25,斤,,,2026-07-17
肉禽蛋,猪肉类,梅花骨,6.0,7.0,6.5,斤,,,2026-07-17
肉禽蛋,猪肉类,棒骨,5.5,6.0,5.75,斤,,,2026-07-17
肉禽蛋,猪肉类,猪头,7.0,7.5,7.25,斤,,,2026-07-17
肉禽蛋,猪肉类,猪口条,8.5,9.0,8.75,斤,,,2026-07-17
肉禽蛋,猪肉类,猪耳,21.0,22.0,21.5,斤,,,2026-07-17
肉禽蛋,猪肉类,猪脑,17.0,18.0,17.5,斤,,,2026-07-17
肉禽蛋,猪肉类,猪肚,14.0,15.0,14.5,斤,,,2026-07-17
肉禽蛋,猪肉类,猪板油,4.5,5.0,4.75,斤,,,2026-07-17
肉禽蛋,猪肉类,肥膘肉,3.0,3.5,3.25,斤,,,2026-07-17
肉禽蛋,猪肉类,猪腰子,13.0,13.0,13.0,斤,,,2026-07-17
肉禽蛋,猪肉类,猪心,5.5,6.0,5.75,斤,,,2026-07-17
肉禽蛋,猪肉类,猪肝,4.0,4.5,4.25,斤,,,2026-07-17
肉禽蛋,猪肉类,猪肺,2.5,2.5,2.5,个,,,2026-07-17
肉禽蛋,猪肉类,猪皮,2.0,2.0,2.0,斤,,,2026-07-17
肉禽蛋,猪肉类,猪肠头,13.0,13.0,13.0,斤,,,2026-07-17
肉禽蛋,猪肉类,猪肠,10.0,10.0,10.0,斤,,,2026-07-17
肉禽蛋,猪肉类,白条猪,7.6,7.6,7.6,斤,,瘦,2026-07-16
肉禽蛋,猪肉类,白条猪,7.0,7.0,7.0,斤,,肥,2026-07-16
肉禽蛋,猪肉类,前臀尖,7.0,7.0,7.0,斤,,瘦,2026-07-16
肉禽蛋,猪肉类,前臀尖,6.0,6.5,6.25,斤,,肥,2026-07-16
肉禽蛋,猪肉类,后臀尖,7.0,7.0,7.0,斤,,瘦,2026-07-16
肉禽蛋,猪肉类,后臀尖,6.0,6.5,6.25,斤,,肥,2026-07-16
肉禽蛋,猪肉类,五花肉,9.0,9.5,9.25,斤,,瘦,2026-07-16
肉禽蛋,猪肉类,五花肉,8.5,8.5,8.5,斤,,肥,2026-07-16
肉禽蛋,猪肉类,精五花,11.0,11.5,11.25,斤,,,2026-07-16
肉禽蛋,猪肉类,纯通脊,8.5,9.0,8.75,斤,,,2026-07-16
肉禽蛋,猪肉类,通脊,7.0,7.5,7.25,斤,,带皮,2026-07-16
肉禽蛋,猪肉类,小里脊,9.5,9.5,9.5,斤,,,2026-07-16
肉禽蛋,猪肉类,梅花肉,9.0,9.5,9.25,斤,,,2026-07-16
肉禽蛋,猪肉类,纯瘦肉,7.5,8.0,7.75,斤,,,2026-07-16
肉禽蛋,猪肉类,护心肉,10.0,19.0,14.5,斤,,鲜,2026-07-16
肉禽蛋,猪肉类,前肘,6.0,6.5,6.25,斤,,,2026-07-16
肉禽蛋,猪肉类,后肘,5.2,5.5,5.35,斤,,,2026-07-16
肉禽蛋,猪肉类,月牙骨,15.0,16.0,15.5,斤,,,2026-07-16
肉禽蛋,猪肉类,猪尾巴,40.0,52.0,46.0,斤,,,2026-07-16
肉禽蛋,猪肉类,猪蹄,14.0,15.0,14.5,斤,,,2026-07-16
肉禽蛋,猪肉类,纯排骨,17.0,18.0,17.5,斤,,,2026-07-16
肉禽蛋,猪肉类,纯腔骨,4.0,5.0,4.5,斤,,,2026-07-16
肉禽蛋,猪肉类,腔排骨,11.0,11.5,11.25,斤,,,2026-07-16
肉禽蛋,猪肉类,梅花骨,6.0,7.0,6.5,斤,,,2026-07-16
肉禽蛋,猪肉类,棒骨,5.5,6.0,5.75,斤,,,2026-07-16
肉禽蛋,猪肉类,猪头,7.0,7.5,7.25,斤,,,2026-07-16
肉禽蛋,猪肉类,猪口条,8.5,9.0,8.75,斤,,,2026-07-16
肉禽蛋,猪肉类,猪耳,21.0,22.0,21.5,斤,,,2026-07-16
肉禽蛋,猪肉类,猪脑,17.0,18.0,17.5,斤,,,2026-07-16
肉禽蛋,猪肉类,猪肚,14.0,15.0,14.5,斤,,,2026-07-16
肉禽蛋,猪肉类,猪板油,4.5,5.0,4.75,斤,,,2026-07-16
肉禽蛋,猪肉类,肥膘肉,3.0,3.5,3.25,斤,,,2026-07-16
肉禽蛋,猪肉类,猪腰子,13.0,13.0,13.0,斤,,,2026-07-16
肉禽蛋,猪肉类,猪心,5.5,6.0,5.75,斤,,,2026-07-16
肉禽蛋,猪肉类,猪肝,4.0,4.5,4.25,斤,,,2026-07-16
肉禽蛋,猪肉类,猪肺,2.5,2.5,2.5,个,,,2026-07-16
肉禽蛋,猪肉类,猪皮,2.0,2.0,2.0,斤,,,2026-07-16
肉禽蛋,猪肉类,猪肠头,13.0,13.0,13.0,斤,,,2026-07-16
肉禽蛋,猪肉类,猪肠,10.0,10.0,10.0,斤,,,2026-07-16
肉禽蛋,猪肉类,白条猪,7.65,7.65,7.65,斤,,瘦,2026-07-15
肉禽蛋,猪肉类,白条猪,6.8,6.8,6.8,斤,,肥,2026-07-15
肉禽蛋,猪肉类,前臀尖,7.0,7.0,7.0,斤,,瘦,2026-07-15
肉禽蛋,猪肉类,前臀尖,6.0,6.5,6.25,斤,,肥,2026-07-15
肉禽蛋,猪肉类,后臀尖,7.0,7.0,7.0,斤,,瘦,2026-07-15
肉禽蛋,猪肉类,后臀尖,6.0,6.5,6.25,斤,,肥,2026-07-15
肉禽蛋,猪肉类,五花肉,9.0,9.5,9.25,斤,,瘦,2026-07-15
肉禽蛋,猪肉类,五花肉,8.5,8.5,8.5,斤,,肥,2026-07-15
肉禽蛋,猪肉类,精五花,11.0,11.5,11.25,斤,,,2026-07-15
肉禽蛋,猪肉类,纯通脊,8.5,9.0,8.75,斤,,,2026-07-15
肉禽蛋,猪肉类,通脊,7.0,7.5,7.25,斤,,带皮,2026-07-15
肉禽蛋,猪肉类,小里脊,9.5,9.5,9.5,斤,,,2026-07-15
肉禽蛋,猪肉类,梅花肉,9.0,9.5,9.25,斤,,,2026-07-15
肉禽蛋,猪肉类,纯瘦肉,7.5,8.0,7.75,斤,,,2026-07-15
肉禽蛋,猪肉类,护心肉,10.0,19.0,14.5,斤,,鲜,2026-07-15
肉禽蛋,猪肉类,前肘,6.0,6.5,6.25,斤,,,2026-07-15
肉禽蛋,猪肉类,后肘,5.3,6.0,5.65,斤,,,2026-07-15
肉禽蛋,猪肉类,月牙骨,15.0,16.0,15.5,斤,,,2026-07-15
肉禽蛋,猪肉类,猪尾巴,40.0,52.0,46.0,斤,,,2026-07-15
肉禽蛋,猪肉类,猪蹄,14.0,15.0,14.5,斤,,,2026-07-15
肉禽蛋,猪肉类,纯排骨,17.0,18.0,17.5,斤,,,2026-07-15
肉禽蛋,猪肉类,纯腔骨,4.0,5.0,4.5,斤,,,2026-07-15
肉禽蛋,猪肉类,腔排骨,11.0,11.5,11.25,斤,,,2026-07-15
肉禽蛋,猪肉类,梅花骨,6.0,7.0,6.5,斤,,,2026-07-15
肉禽蛋,猪肉类,棒骨,5.5,6.0,5.75,斤,,,2026-07-15
肉禽蛋,猪肉类,猪头,7.0,7.5,7.25,斤,,,2026-07-15
肉禽蛋,猪肉类,猪口条,8.5,9.0,8.75,斤,,,2026-07-15
肉禽蛋,猪肉类,猪耳,21.0,22.0,21.5,斤,,,2026-07-15
肉禽蛋,猪肉类,猪脑,17.0,18.0,17.5,斤,,,2026-07-15
肉禽蛋,猪肉类,猪肚,14.0,15.0,14.5,斤,,,2026-07-15
肉禽蛋,猪肉类,猪板油,4.5,5.0,4.75,斤,,,2026-07-15
肉禽蛋,猪肉类,肥膘肉,3.0,3.5,3.25,斤,,,2026-07-15
肉禽蛋,猪肉类,猪腰子,13.0,13.0,13.0,斤,,,2026-07-15
肉禽蛋,猪肉类,猪心,5.5,6.0,5.75,斤,,,2026-07-15
肉禽蛋,猪肉类,猪肝,4.0,4.5,4.25,斤,,,2026-07-15
肉禽蛋,猪肉类,猪肺,2.5,2.5,2.5,个,,,2026-07-15
肉禽蛋,猪肉类,猪皮,2.0,2.0,2.0,斤,,,2026-07-15
肉禽蛋,猪肉类,猪肠头,13.0,13.0,13.0,斤,,,2026-07-15
肉禽蛋,猪肉类,猪肠,10.0,10.0,10.0,斤,,,2026-07-15
肉禽蛋,猪肉类,白条猪,7.75,7.75,7.75,斤,,瘦,2026-07-14
肉禽蛋,猪肉类,白条猪,6.8,6.8,6.8,斤,,肥,2026-07-14
肉禽蛋,猪肉类,前臀尖,7.0,7.5,7.25,斤,,瘦,2026-07-14
肉禽蛋,猪肉类,前臀尖,6.0,6.5,6.25,斤,,肥,2026-07-14
肉禽蛋,猪肉类,后臀尖,7.0,7.5,7.25,斤,,瘦,2026-07-14
肉禽蛋,猪肉类,后臀尖,6.0,6.5,6.25,斤,,肥,2026-07-14
肉禽蛋,猪肉类,五花肉,9.0,10.0,9.5,斤,,瘦,2026-07-14
肉禽蛋,猪肉类,五花肉,8.5,9.0,8.75,斤,,肥,2026-07-14
肉禽蛋,猪肉类,精五花,11.0,11.5,11.25,斤,,,2026-07-14
肉禽蛋,猪肉类,纯通脊,8.5,9.5,9.0,斤,,,2026-07-14
肉禽蛋,猪肉类,通脊,7.5,7.5,7.5,斤,,带皮,2026-07-14
肉禽蛋,猪肉类,小里脊,9.5,10.0,9.75,斤,,,2026-07-14
肉禽蛋,猪肉类,梅花肉,9.0,9.5,9.25,斤,,,2026-07-14
肉禽蛋,猪肉类,纯瘦肉,7.5,8.0,7.75,斤,,,2026-07-14
肉禽蛋,猪肉类,护心肉,11.0,19.0,15.0,斤,,鲜,2026-07-14
肉禽蛋,猪肉类,前肘,6.5,7.0,6.75,斤,,,2026-07-14
肉禽蛋,猪肉类,后肘,5.3,6.0,5.65,斤,,,2026-07-14
肉禽蛋,猪肉类,月牙骨,16.0,16.0,16.0,斤,,,2026-07-14
肉禽蛋,猪肉类,猪尾巴,40.0,52.0,46.0,斤,,,2026-07-14
肉禽蛋,猪肉类,猪蹄,14.0,15.0,14.5,斤,,,2026-07-14
肉禽蛋,猪肉类,纯排骨,17.5,18.0,17.75,斤,,,2026-07-14
肉禽蛋,猪肉类,纯腔骨,4.0,5.0,4.5,斤,,,2026-07-14
肉禽蛋,猪肉类,腔排骨,11.5,12.0,11.75,斤,,,2026-07-14
肉禽蛋,猪肉类,梅花骨,6.0,7.0,6.5,斤,,,2026-07-14
肉禽蛋,猪肉类,棒骨,5.5,6.0,5.75,斤,,,2026-07-14
肉禽蛋,猪肉类,猪头,7.0,7.5,7.25,斤,,,2026-07-14
肉禽蛋,猪肉类,猪口条,8.5,9.0,8.75,斤,,,2026-07-14
肉禽蛋,猪肉类,猪耳,21.0,22.0,21.5,斤,,,2026-07-14
肉禽蛋,猪肉类,猪脑,17.0,18.0,17.5,斤,,,2026-07-14
肉禽蛋,猪肉类,猪肚,14.0,15.0,14.5,斤,,,2026-07-14
肉禽蛋,猪肉类,猪板油,4.5,5.0,4.75,斤,,,2026-07-14
肉禽蛋,猪肉类,肥膘肉,3.0,3.5,3.25,斤,,,2026-07-14
肉禽蛋,猪肉类,猪腰子,13.0,13.0,13.0,斤,,,2026-07-14
肉禽蛋,猪肉类,猪心,5.5,6.0,5.75,斤,,,2026-07-14
肉禽蛋,猪肉类,猪肝,4.0,4.5,4.25,斤,,,2026-07-14
肉禽蛋,猪肉类,猪肺,2.5,2.5,2.5,个,,,2026-07-14
肉禽蛋,猪肉类,猪皮,2.0,2.0,2.0,斤,,,2026-07-14
肉禽蛋,猪肉类,猪肠头,13.0,13.0,13.0,斤,,,2026-07-14
肉禽蛋,猪肉类,猪肠,10.0,10.0,10.0,斤,,,2026-07-14
肉禽蛋,猪肉类,白条猪,7.75,7.75,7.75,斤,,瘦,2026-07-13
肉禽蛋,猪肉类,白条猪,6.8,6.8,6.8,斤,,肥,2026-07-13
肉禽蛋,猪肉类,前臀尖,7.0,7.5,7.25,斤,,瘦,2026-07-13
肉禽蛋,猪肉类,前臀尖,6.0,6.5,6.25,斤,,肥,2026-07-13
肉禽蛋,猪肉类,后臀尖,7.0,7.5,7.25,斤,,瘦,2026-07-13
肉禽蛋,猪肉类,后臀尖,6.0,6.5,6.25,斤,,肥,2026-07-13
肉禽蛋,猪肉类,五花肉,9.0,9.5,9.25,斤,,瘦,2026-07-13
肉禽蛋,猪肉类,五花肉,8.5,8.5,8.5,斤,,肥,2026-07-13
肉禽蛋,猪肉类,精五花,11.0,11.0,11.0,斤,,,2026-07-13
肉禽蛋,猪肉类,纯通脊,8.5,9.0,8.75,斤,,,2026-07-13
肉禽蛋,猪肉类,通脊,7.5,7.5,7.5,斤,,带皮,2026-07-13
肉禽蛋,猪肉类,小里脊,9.5,10.0,9.75,斤,,,2026-07-13
肉禽蛋,猪肉类,梅花肉,8.5,9.5,9.0,斤,,,2026-07-13
肉禽蛋,猪肉类,纯瘦肉,7.5,8.0,7.75,斤,,,2026-07-13
肉禽蛋,猪肉类,护心肉,11.0,18.0,14.5,斤,,鲜,2026-07-13
肉禽蛋,猪肉类,前肘,6.5,7.0,6.75,斤,,,2026-07-13
肉禽蛋,猪肉类,后肘,5.3,5.5,5.4,斤,,,2026-07-13
肉禽蛋,猪肉类,月牙骨,16.0,16.0,16.0,斤,,,2026-07-13
肉禽蛋,猪肉类,猪尾巴,40.0,52.0,46.0,斤,,,2026-07-13
肉禽蛋,猪肉类,猪蹄,14.0,15.0,14.5,斤,,,2026-07-13
肉禽蛋,猪肉类,纯排骨,17.0,18.0,17.5,斤,,,2026-07-13
肉禽蛋,猪肉类,纯腔骨,4.0,5.0,4.5,斤,,,2026-07-13
肉禽蛋,猪肉类,腔排骨,11.0,11.5,11.25,斤,,,2026-07-13
肉禽蛋,猪肉类,梅花骨,6.0,7.0,6.5,斤,,,2026-07-13
肉禽蛋,猪肉类,棒骨,5.5,6.0,5.75,斤,,,2026-07-13
肉禽蛋,猪肉类,猪头,7.0,7.5,7.25,斤,,,2026-07-13
肉禽蛋,猪肉类,猪口条,8.5,9.0,8.75,斤,,,2026-07-13
肉禽蛋,猪肉类,猪耳,21.0,22.0,21.5,斤,,,2026-07-13
肉禽蛋,猪肉类,猪脑,17.0,18.0,17.5,斤,,,2026-07-13
肉禽蛋,猪肉类,猪肚,14.0,15.0,14.5,斤,,,2026-07-13
肉禽蛋,猪肉类,猪板油,4.5,5.0,4.75,斤,,,2026-07-13
肉禽蛋,猪肉类,肥膘肉,3.0,3.5,3.25,斤,,,2026-07-13
肉禽蛋,猪肉类,猪腰子,12.0,13.0,12.5,斤,,,2026-07-13
肉禽蛋,猪肉类,猪心,5.5,6.0,5.75,斤,,,2026-07-13
肉禽蛋,猪肉类,猪肝,4.0,4.5,4.25,斤,,,2026-07-13
肉禽蛋,猪肉类,猪肺,2.5,2.5,2.5,个,,,2026-07-13
肉禽蛋,猪肉类,猪皮,2.0,2.0,2.0,斤,,,2026-07-13
肉禽蛋,猪肉类,猪肠头,13.0,13.0,13.0,斤,,,2026-07-13
肉禽蛋,猪肉类,猪肠,10.0,10.0,10.0,斤,,,2026-07-13
肉禽蛋,猪肉类,白条猪,7.65,7.65,7.65,斤,,瘦,2026-07-12
肉禽蛋,猪肉类,白条猪,6.75,6.75,6.75,斤,,肥,2026-07-12
肉禽蛋,猪肉类,前臀尖,6.5,7.0,6.75,斤,,瘦,2026-07-12
肉禽蛋,猪肉类,前臀尖,5.5,6.0,5.75,斤,,肥,2026-07-12
肉禽蛋,猪肉类,后臀尖,6.5,7.0,6.75,斤,,瘦,2026-07-12
肉禽蛋,猪肉类,后臀尖,5.5,6.0,5.75,斤,,肥,2026-07-12
肉禽蛋,猪肉类,五花肉,8.5,9.0,8.75,斤,,瘦,2026-07-12
肉禽蛋,猪肉类,五花肉,8.0,8.5,8.25,斤,,肥,2026-07-12
肉禽蛋,猪肉类,精五花,10.0,11.0,10.5,斤,,,2026-07-12
肉禽蛋,猪肉类,纯通脊,8.0,8.5,8.25,斤,,,2026-07-12
肉禽蛋,猪肉类,通脊,7.0,7.0,7.0,斤,,带皮,2026-07-12
肉禽蛋,猪肉类,小里脊,9.0,9.5,9.25,斤,,,2026-07-12
肉禽蛋,猪肉类,梅花肉,8.5,9.5,9.0,斤,,,2026-07-12
肉禽蛋,猪肉类,纯瘦肉,7.0,7.5,7.25,斤,,,2026-07-12
肉禽蛋,猪肉类,护心肉,11.0,17.0,14.0,斤,,鲜,2026-07-12
肉禽蛋,猪肉类,前肘,6.0,6.5,6.25,斤,,,2026-07-12
肉禽蛋,猪肉类,后肘,5.0,5.5,5.25,斤,,,2026-07-12
肉禽蛋,猪肉类,月牙骨,16.0,16.0,16.0,斤,,,2026-07-12
肉禽蛋,猪肉类,猪尾巴,40.0,52.0,46.0,斤,,,2026-07-12
肉禽蛋,猪肉类,猪蹄,14.0,15.0,14.5,斤,,,2026-07-12
肉禽蛋,猪肉类,纯排骨,16.0,17.0,16.5,斤,,,2026-07-12
肉禽蛋,猪肉类,纯腔骨,4.0,5.0,4.5,斤,,,2026-07-12
肉禽蛋,猪肉类,腔排骨,10.5,11.0,10.75,斤,,,2026-07-12
肉禽蛋,猪肉类,梅花骨,6.0,6.0,6.0,斤,,,2026-07-12
肉禽蛋,猪肉类,棒骨,5.5,6.0,5.75,斤,,,2026-07-12
肉禽蛋,猪肉类,猪头,7.0,7.5,7.25,斤,,,2026-07-12
肉禽蛋,猪肉类,猪口条,8.5,9.0,8.75,斤,,,2026-07-12
肉禽蛋,猪肉类,猪耳,21.0,22.0,21.5,斤,,,2026-07-12
肉禽蛋,猪肉类,猪脑,17.0,18.0,17.5,斤,,,2026-07-12
肉禽蛋,猪肉类,猪肚,14.0,15.0,14.5,斤,,,2026-07-12
肉禽蛋,猪肉类,猪板油,4.5,5.0,4.75,斤,,,2026-07-12
肉禽蛋,猪肉类,肥膘肉,3.0,3.5,3.25,斤,,,2026-07-12
肉禽蛋,猪肉类,猪腰子,12.0,13.0,12.5,斤,,,2026-07-12
肉禽蛋,猪肉类,猪心,5.5,6.0,5.75,斤,,,2026-07-12
肉禽蛋,猪肉类,猪肝,3.5,4.5,4.0,斤,,,2026-07-12
肉禽蛋,猪肉类,猪肺,2.5,2.5,2.5,个,,,2026-07-12
肉禽蛋,猪肉类,猪皮,2.0,2.0,2.0,斤,,,2026-07-12
肉禽蛋,猪肉类,猪肠头,13.0,13.0,13.0,斤,,,2026-07-12
肉禽蛋,猪肉类,猪肠,10.0,10.0,10.0,斤,,,2026-07-12
肉禽蛋,猪肉类,白条猪,7.5,7.5,7.5,斤,,瘦,2026-07-11
肉禽蛋,猪肉类,白条猪,6.5,6.5,6.5,斤,,肥,2026-07-11
肉禽蛋,猪肉类,前臀尖,6.5,7.0,6.75,斤,,瘦,2026-07-11
肉禽蛋,猪肉类,前臀尖,5.5,6.0,5.75,斤,,肥,2026-07-11
肉禽蛋,猪肉类,后臀尖,6.5,7.0,6.75,斤,,瘦,2026-07-11
肉禽蛋,猪肉类,后臀尖,5.5,6.0,5.75,斤,,肥,2026-07-11
肉禽蛋,猪肉类,五花肉,8.5,9.0,8.75,斤,,瘦,2026-07-11
肉禽蛋,猪肉类,五花肉,8.0,8.5,8.25,斤,,肥,2026-07-11
肉禽蛋,猪肉类,精五花,10.0,11.0,10.5,斤,,,2026-07-11
肉禽蛋,猪肉类,纯通脊,8.0,8.5,8.25,斤,,,2026-07-11
肉禽蛋,猪肉类,通脊,7.0,7.0,7.0,斤,,带皮,2026-07-11
肉禽蛋,猪肉类,小里脊,9.0,9.5,9.25,斤,,,2026-07-11
肉禽蛋,猪肉类,梅花肉,8.5,9.5,9.0,斤,,,2026-07-11
肉禽蛋,猪肉类,纯瘦肉,7.0,7.5,7.25,斤,,,2026-07-11
肉禽蛋,猪肉类,护心肉,11.0,17.0,14.0,斤,,鲜,2026-07-11
肉禽蛋,猪肉类,前肘,6.0,6.5,6.25,斤,,,2026-07-11
肉禽蛋,猪肉类,后肘,5.0,5.5,5.25,斤,,,2026-07-11
肉禽蛋,猪肉类,月牙骨,16.0,16.0,16.0,斤,,,2026-07-11
肉禽蛋,猪肉类,猪尾巴,40.0,52.0,46.0,斤,,,2026-07-11
肉禽蛋,猪肉类,猪蹄,14.0,15.0,14.5,斤,,,2026-07-11
肉禽蛋,猪肉类,纯排骨,16.0,17.0,16.5,斤,,,2026-07-11
肉禽蛋,猪肉类,纯腔骨,4.0,5.0,4.5,斤,,,2026-07-11
肉禽蛋,猪肉类,腔排骨,10.5,11.0,10.75,斤,,,2026-07-11
肉禽蛋,猪肉类,梅花骨,6.0,6.0,6.0,斤,,,2026-07-11
肉禽蛋,猪肉类,棒骨,5.5,6.0,5.75,斤,,,2026-07-11
肉禽蛋,猪肉类,猪头,7.0,7.5,7.25,斤,,,2026-07-11
肉禽蛋,猪肉类,猪口条,8.5,9.0,8.75,斤,,,2026-07-11
肉禽蛋,猪肉类,猪耳,21.0,22.0,21.5,斤,,,2026-07-11
肉禽蛋,猪肉类,猪脑,17.0,18.0,17.5,斤,,,2026-07-11
肉禽蛋,猪肉类,猪肚,14.0,15.0,14.5,斤,,,2026-07-11
肉禽蛋,猪肉类,猪板油,4.5,5.0,4.75,斤,,,2026-07-11
肉禽蛋,猪肉类,肥膘肉,3.0,3.5,3.25,斤,,,2026-07-11
肉禽蛋,猪肉类,猪腰子,12.0,13.0,12.5,斤,,,2026-07-11
肉禽蛋,猪肉类,猪心,5.5,6.0,5.75,斤,,,2026-07-11
肉禽蛋,猪肉类,猪肝,3.5,4.5,4.0,斤,,,2026-07-11
肉禽蛋,猪肉类,猪肺,2.5,2.5,2.5,个,,,2026-07-11
肉禽蛋,猪肉类,猪皮,2.0,2.0,2.0,斤,,,2026-07-11
肉禽蛋,猪肉类,猪肠头,13.0,13.0,13.0,斤,,,2026-07-11
肉禽蛋,猪肉类,猪肠,10.0,10.0,10.0,斤,,,2026-07-11
肉禽蛋,猪肉类,白条猪,7.6,7.6,7.6,斤,,瘦,2026-07-10
肉禽蛋,猪肉类,白条猪,6.0,6.0,6.0,斤,,肥,2026-07-10
肉禽蛋,猪肉类,前臀尖,6.5,7.0,6.75,斤,,瘦,2026-07-10
肉禽蛋,猪肉类,前臀尖,5.5,6.0,5.75,斤,,肥,2026-07-10
肉禽蛋,猪肉类,后臀尖,6.5,7.0,6.75,斤,,瘦,2026-07-10
肉禽蛋,猪肉类,后臀尖,5.5,6.0,5.75,斤,,肥,2026-07-10
肉禽蛋,猪肉类,五花肉,8.5,9.0,8.75,斤,,瘦,2026-07-10
肉禽蛋,猪肉类,五花肉,8.0,8.5,8.25,斤,,肥,2026-07-10
肉禽蛋,猪肉类,精五花,10.0,11.0,10.5,斤,,,2026-07-10
肉禽蛋,猪肉类,纯通脊,8.0,8.5,8.25,斤,,,2026-07-10
肉禽蛋,猪肉类,通脊,7.0,7.0,7.0,斤,,带皮,2026-07-10
肉禽蛋,猪肉类,小里脊,9.0,9.5,9.25,斤,,,2026-07-10
肉禽蛋,猪肉类,梅花肉,8.5,9.5,9.0,斤,,,2026-07-10
肉禽蛋,猪肉类,纯瘦肉,7.0,7.5,7.25,斤,,,2026-07-10
肉禽蛋,猪肉类,护心肉,11.0,17.0,14.0,斤,,鲜,2026-07-10
肉禽蛋,猪肉类,前肘,6.0,6.5,6.25,斤,,,2026-07-10
肉禽蛋,猪肉类,后肘,5.0,5.5,5.25,斤,,,2026-07-10
肉禽蛋,猪肉类,月牙骨,16.0,16.0,16.0,斤,,,2026-07-10
肉禽蛋,猪肉类,猪尾巴,40.0,52.0,46.0,斤,,,2026-07-10
肉禽蛋,猪肉类,猪蹄,14.0,15.0,14.5,斤,,,2026-07-10
肉禽蛋,猪肉类,纯排骨,16.0,17.0,16.5,斤,,,2026-07-10
肉禽蛋,猪肉类,纯腔骨,4.0,5.0,4.5,斤,,,2026-07-10
肉禽蛋,猪肉类,腔排骨,10.5,11.0,10.75,斤,,,2026-07-10
肉禽蛋,猪肉类,梅花骨,6.0,6.0,6.0,斤,,,2026-07-10
肉禽蛋,猪肉类,棒骨,5.5,6.0,5.75,斤,,,2026-07-10
肉禽蛋,猪肉类,猪头,7.0,7.5,7.25,斤,,,2026-07-10
肉禽蛋,猪肉类,猪口条,8.5,9.0,8.75,斤,,,2026-07-10
肉禽蛋,猪肉类,猪耳,21.0,22.0,21.5,斤,,,2026-07-10
肉禽蛋,猪肉类,猪脑,17.0,18.0,17.5,斤,,,2026-07-10
肉禽蛋,猪肉类,猪肚,14.0,15.0,14.5,斤,,,2026-07-10
肉禽蛋,猪肉类,猪板油,4.5,5.0,4.75,斤,,,2026-07-10
肉禽蛋,猪肉类,肥膘肉,3.0,3.5,3.25,斤,,,2026-07-10
肉禽蛋,猪肉类,猪腰子,12.0,13.0,12.5,斤,,,2026-07-10
肉禽蛋,猪肉类,猪心,5.5,6.0,5.75,斤,,,2026-07-10
肉禽蛋,猪肉类,猪肝,3.5,4.5,4.0,斤,,,2026-07-10
肉禽蛋,猪肉类,猪肺,2.5,2.5,2.5,个,,,2026-07-10
肉禽蛋,猪肉类,猪皮,2.0,2.0,2.0,斤,,,2026-07-10
肉禽蛋,猪肉类,猪肠头,13.0,13.0,13.0,斤,,,2026-07-10
肉禽蛋,猪肉类,猪肠,10.0,10.0,10.0,斤,,,2026-07-10
肉禽蛋,猪肉类,白条猪,7.65,7.65,7.65,斤,,瘦,2026-07-09
肉禽蛋,猪肉类,白条猪,6.3,6.3,6.3,斤,,肥,2026-07-09
肉禽蛋,猪肉类,前臀尖,6.5,7.0,6.75,斤,,瘦,2026-07-09
肉禽蛋,猪肉类,前臀尖,5.5,6.0,5.75,斤,,肥,2026-07-09
肉禽蛋,猪肉类,后臀尖,6.5,7.0,6.75,斤,,瘦,2026-07-09
肉禽蛋,猪肉类,后臀尖,5.5,6.0,5.75,斤,,肥,2026-07-09
肉禽蛋,猪肉类,五花肉,9.0,9.5,9.25,斤,,瘦,2026-07-09
肉禽蛋,猪肉类,五花肉,8.5,9.0,8.75,斤,,肥,2026-07-09
肉禽蛋,猪肉类,精五花,10.5,11.5,11.0,斤,,,2026-07-09
肉禽蛋,猪肉类,纯通脊,8.0,8.5,8.25,斤,,,2026-07-09
肉禽蛋,猪肉类,通脊,7.0,7.0,7.0,斤,,带皮,2026-07-09
肉禽蛋,猪肉类,小里脊,9.5,9.5,9.5,斤,,,2026-07-09
肉禽蛋,猪肉类,梅花肉,8.5,9.5,9.0,斤,,,2026-07-09
肉禽蛋,猪肉类,纯瘦肉,7.5,8.0,7.75,斤,,,2026-07-09
肉禽蛋,猪肉类,护心肉,11.0,17.0,14.0,斤,,鲜,2026-07-09
肉禽蛋,猪肉类,前肘,6.0,6.5,6.25,斤,,,2026-07-09
肉禽蛋,猪肉类,后肘,5.0,5.5,5.25,斤,,,2026-07-09
肉禽蛋,猪肉类,月牙骨,16.0,16.0,16.0,斤,,,2026-07-09
肉禽蛋,猪肉类,猪尾巴,40.0,52.0,46.0,斤,,,2026-07-09
肉禽蛋,猪肉类,猪蹄,14.0,15.0,14.5,斤,,,2026-07-09
肉禽蛋,猪肉类,纯排骨,17.0,18.0,17.5,斤,,,2026-07-09
肉禽蛋,猪肉类,纯腔骨,4.5,5.0,4.75,斤,,,2026-07-09
肉禽蛋,猪肉类,腔排骨,10.5,11.0,10.75,斤,,,2026-07-09
肉禽蛋,猪肉类,梅花骨,6.0,6.0,6.0,斤,,,2026-07-09
肉禽蛋,猪肉类,棒骨,5.5,6.0,5.75,斤,,,2026-07-09
肉禽蛋,猪肉类,猪头,7.0,7.5,7.25,斤,,,2026-07-09
肉禽蛋,猪肉类,猪口条,8.5,9.0,8.75,斤,,,2026-07-09
肉禽蛋,猪肉类,猪耳,21.0,22.0,21.5,斤,,,2026-07-09
肉禽蛋,猪肉类,猪脑,17.0,18.0,17.5,斤,,,2026-07-09
肉禽蛋,猪肉类,猪肚,14.0,15.0,14.5,斤,,,2026-07-09
肉禽蛋,猪肉类,猪板油,4.5,5.0,4.75,斤,,,2026-07-09
肉禽蛋,猪肉类,肥膘肉,3.0,3.5,3.25,斤,,,2026-07-09
肉禽蛋,猪肉类,猪腰子,12.0,13.0,12.5,斤,,,2026-07-09
肉禽蛋,猪肉类,猪心,5.5,6.0,5.75,斤,,,2026-07-09
肉禽蛋,猪肉类,猪肝,3.5,4.5,4.0,斤,,,2026-07-09
肉禽蛋,猪肉类,猪肺,2.5,2.5,2.5,个,,,2026-07-09
肉禽蛋,猪肉类,猪皮,2.0,2.0,2.0,斤,,,2026-07-09
肉禽蛋,猪肉类,猪肠头,13.0,13.0,13.0,斤,,,2026-07-09
肉禽蛋,猪肉类,猪肠,10.0,10.0,10.0,斤,,,2026-07-09
肉禽蛋,猪肉类,白条猪,7.65,7.65,7.65,斤,,瘦,2026-07-08
肉禽蛋,猪肉类,白条猪,6.9,6.9,6.9,斤,,肥,2026-07-08
肉禽蛋,猪肉类,前臀尖,7.0,7.0,7.0,斤,,瘦,2026-07-08
肉禽蛋,猪肉类,前臀尖,6.0,6.0,6.0,斤,,肥,2026-07-08
肉禽蛋,猪肉类,后臀尖,7.0,7.0,7.0,斤,,瘦,2026-07-08
肉禽蛋,猪肉类,后臀尖,6.0,6.0,6.0,斤,,肥,2026-07-08
肉禽蛋,猪肉类,五花肉,9.0,9.5,9.25,斤,,瘦,2026-07-08
肉禽蛋,猪肉类,五花肉,8.5,9.0,8.75,斤,,肥,2026-07-08
肉禽蛋,猪肉类,精五花,10.5,11.5,11.0,斤,,,2026-07-08
肉禽蛋,猪肉类,纯通脊,8.0,8.5,8.25,斤,,,2026-07-08
肉禽蛋,猪肉类,通脊,7.0,7.5,7.25,斤,,带皮,2026-07-08
肉禽蛋,猪肉类,小里脊,9.5,10.0,9.75,斤,,,2026-07-08
肉禽蛋,猪肉类,梅花肉,8.5,9.5,9.0,斤,,,2026-07-08
肉禽蛋,猪肉类,纯瘦肉,7.5,7.5,7.5,斤,,,2026-07-08
肉禽蛋,猪肉类,护心肉,10.0,17.0,13.5,斤,,鲜,2026-07-08
肉禽蛋,猪肉类,前肘,6.5,7.0,6.75,斤,,,2026-07-08
肉禽蛋,猪肉类,后肘,5.0,5.5,5.25,斤,,,2026-07-08
肉禽蛋,猪肉类,月牙骨,16.0,16.0,16.0,斤,,,2026-07-08
肉禽蛋,猪肉类,猪尾巴,40.0,52.0,46.0,斤,,,2026-07-08
肉禽蛋,猪肉类,猪蹄,14.0,15.0,14.5,斤,,,2026-07-08
肉禽蛋,猪肉类,纯排骨,18.0,19.0,18.5,斤,,,2026-07-08
肉禽蛋,猪肉类,纯腔骨,4.5,5.0,4.75,斤,,,2026-07-08
肉禽蛋,猪肉类,腔排骨,10.5,11.5,11.0,斤,,,2026-07-08
肉禽蛋,猪肉类,梅花骨,6.0,6.5,6.25,斤,,,2026-07-08
肉禽蛋,猪肉类,棒骨,5.5,6.0,5.75,斤,,,2026-07-08
肉禽蛋,猪肉类,猪头,7.0,7.5,7.25,斤,,,2026-07-08
肉禽蛋,猪肉类,猪口条,8.5,9.0,8.75,斤,,,2026-07-08
肉禽蛋,猪肉类,猪耳,20.0,21.0,20.5,斤,,,2026-07-08
肉禽蛋,猪肉类,猪脑,17.0,18.0,17.5,斤,,,2026-07-08
肉禽蛋,猪肉类,猪肚,14.0,15.0,14.5,斤,,,2026-07-08
肉禽蛋,猪肉类,猪板油,4.5,5.0,4.75,斤,,,2026-07-08
肉禽蛋,猪肉类,肥膘肉,3.0,3.5,3.25,斤,,,2026-07-08
肉禽蛋,猪肉类,猪腰子,10.0,11.0,10.5,斤,,,2026-07-08
肉禽蛋,猪肉类,猪心,5.5,6.0,5.75,斤,,,2026-07-08
肉禽蛋,猪肉类,猪肝,3.0,4.0,3.5,斤,,,2026-07-08
肉禽蛋,猪肉类,猪肺,2.5,2.5,2.5,个,,,2026-07-08
肉禽蛋,猪肉类,猪皮,2.0,2.0,2.0,斤,,,2026-07-08
肉禽蛋,猪肉类,猪肠头,13.0,13.0,13.0,斤,,,2026-07-08
肉禽蛋,猪肉类,猪肠,11.0,11.0,11.0,斤,,,2026-07-08
肉禽蛋,猪肉类,白条猪,7.75,7.75,7.75,斤,,瘦,2026-07-07
肉禽蛋,猪肉类,白条猪,6.5,6.5,6.5,斤,,肥,2026-07-07
肉禽蛋,猪肉类,前臀尖,7.0,7.5,7.25,斤,,瘦,2026-07-07
肉禽蛋,猪肉类,前臀尖,6.0,6.5,6.25,斤,,肥,2026-07-07
肉禽蛋,猪肉类,后臀尖,7.0,7.5,7.25,斤,,瘦,2026-07-07
肉禽蛋,猪肉类,后臀尖,6.0,6.5,6.25,斤,,肥,2026-07-07
肉禽蛋,猪肉类,五花肉,9.0,9.5,9.25,斤,,瘦,2026-07-07
肉禽蛋,猪肉类,五花肉,8.5,8.5,8.5,斤,,肥,2026-07-07
肉禽蛋,猪肉类,精五花,10.5,11.5,11.0,斤,,,2026-07-07
肉禽蛋,猪肉类,纯通脊,8.0,8.5,8.25,斤,,,2026-07-07
肉禽蛋,猪肉类,通脊,7.0,7.5,7.25,斤,,带皮,2026-07-07
肉禽蛋,猪肉类,小里脊,9.5,10.0,9.75,斤,,,2026-07-07
肉禽蛋,猪肉类,梅花肉,8.5,9.5,9.0,斤,,,2026-07-07
肉禽蛋,猪肉类,纯瘦肉,7.5,7.5,7.5,斤,,,2026-07-07
肉禽蛋,猪肉类,护心肉,10.0,17.0,13.5,斤,,鲜,2026-07-07
肉禽蛋,猪肉类,前肘,6.5,7.0,6.75,斤,,,2026-07-07
肉禽蛋,猪肉类,后肘,5.0,5.5,5.25,斤,,,2026-07-07
肉禽蛋,猪肉类,月牙骨,16.0,16.0,16.0,斤,,,2026-07-07
肉禽蛋,猪肉类,猪尾巴,40.0,52.0,46.0,斤,,,2026-07-07
肉禽蛋,猪肉类,猪蹄,14.0,15.0,14.5,斤,,,2026-07-07
肉禽蛋,猪肉类,纯排骨,18.0,19.0,18.5,斤,,,2026-07-07
肉禽蛋,猪肉类,纯腔骨,4.5,5.0,4.75,斤,,,2026-07-07
肉禽蛋,猪肉类,腔排骨,11.0,12.0,11.5,斤,,,2026-07-07
肉禽蛋,猪肉类,梅花骨,6.0,6.5,6.25,斤,,,2026-07-07
肉禽蛋,猪肉类,棒骨,5.5,6.0,5.75,斤,,,2026-07-07
肉禽蛋,猪肉类,猪头,7.0,7.5,7.25,斤,,,2026-07-07
肉禽蛋,猪肉类,猪口条,8.5,9.0,8.75,斤,,,2026-07-07
肉禽蛋,猪肉类,猪耳,20.0,21.0,20.5,斤,,,2026-07-07
肉禽蛋,猪肉类,猪脑,17.0,18.0,17.5,斤,,,2026-07-07
肉禽蛋,猪肉类,猪肚,14.0,15.0,14.5,斤,,,2026-07-07
肉禽蛋,猪肉类,猪板油,4.5,5.0,4.75,斤,,,2026-07-07
肉禽蛋,猪肉类,肥膘肉,3.0,3.5,3.25,斤,,,2026-07-07
肉禽蛋,猪肉类,猪腰子,10.0,11.0,10.5,斤,,,2026-07-07
肉禽蛋,猪肉类,猪心,5.5,6.0,5.75,斤,,,2026-07-07
肉禽蛋,猪肉类,猪肝,3.0,4.0,3.5,斤,,,2026-07-07
肉禽蛋,猪肉类,猪肺,2.5,2.5,2.5,个,,,2026-07-07
肉禽蛋,猪肉类,猪皮,2.0,2.0,2.0,斤,,,2026-07-07
肉禽蛋,猪肉类,猪肠头,13.0,13.0,13.0,斤,,,2026-07-07
肉禽蛋,猪肉类,猪肠,11.0,11.0,11.0,斤,,,2026-07-07
肉禽蛋,猪肉类,白条猪,7.3,7.3,7.3,斤,,瘦,2026-07-06
肉禽蛋,猪肉类,白条猪,6.6,6.6,6.6,斤,,肥,2026-07-06
肉禽蛋,猪肉类,前臀尖,7.0,7.0,7.0,斤,,瘦,2026-07-06
肉禽蛋,猪肉类,前臀尖,6.0,6.0,6.0,斤,,肥,2026-07-06
肉禽蛋,猪肉类,后臀尖,7.0,7.0,7.0,斤,,瘦,2026-07-06
肉禽蛋,猪肉类,后臀尖,6.0,6.0,6.0,斤,,肥,2026-07-06
肉禽蛋,猪肉类,五花肉,9.0,9.0,9.0,斤,,瘦,2026-07-06
肉禽蛋,猪肉类,五花肉,8.0,8.5,8.25,斤,,肥,2026-07-06
肉禽蛋,猪肉类,精五花,10.5,11.0,10.75,斤,,,2026-07-06
肉禽蛋,猪肉类,纯通脊,8.0,8.5,8.25,斤,,,2026-07-06
肉禽蛋,猪肉类,通脊,7.0,7.0,7.0,斤,,带皮,2026-07-06
肉禽蛋,猪肉类,小里脊,9.5,10.0,9.75,斤,,,2026-07-06
肉禽蛋,猪肉类,梅花肉,8.5,9.0,8.75,斤,,,2026-07-06
肉禽蛋,猪肉类,纯瘦肉,7.0,7.5,7.25,斤,,,2026-07-06
肉禽蛋,猪肉类,护心肉,9.0,17.0,13.0,斤,,鲜,2026-07-06
肉禽蛋,猪肉类,前肘,6.0,7.0,6.5,斤,,,2026-07-06
肉禽蛋,猪肉类,后肘,5.0,5.5,5.25,斤,,,2026-07-06
肉禽蛋,猪肉类,月牙骨,16.0,17.0,16.5,斤,,,2026-07-06
肉禽蛋,猪肉类,猪尾巴,40.0,52.0,46.0,斤,,,2026-07-06
肉禽蛋,猪肉类,猪蹄,14.0,15.0,14.5,斤,,,2026-07-06
肉禽蛋,猪肉类,纯排骨,17.0,19.0,18.0,斤,,,2026-07-06
肉禽蛋,猪肉类,纯腔骨,4.5,5.0,4.75,斤,,,2026-07-06
肉禽蛋,猪肉类,腔排骨,10.5,11.5,11.0,斤,,,2026-07-06
肉禽蛋,猪肉类,梅花骨,5.5,6.0,5.75,斤,,,2026-07-06
肉禽蛋,猪肉类,棒骨,5.5,6.0,5.75,斤,,,2026-07-06
肉禽蛋,猪肉类,猪头,7.0,7.5,7.25,斤,,,2026-07-06
肉禽蛋,猪肉类,猪口条,8.5,9.0,8.75,斤,,,2026-07-06
肉禽蛋,猪肉类,猪耳,20.0,21.0,20.5,斤,,,2026-07-06
肉禽蛋,猪肉类,猪脑,17.0,18.0,17.5,斤,,,2026-07-06
肉禽蛋,猪肉类,猪肚,14.0,15.0,14.5,斤,,,2026-07-06
肉禽蛋,猪肉类,猪板油,4.5,5.0,4.75,斤,,,2026-07-06
肉禽蛋,猪肉类,肥膘肉,3.0,3.5,3.25,斤,,,2026-07-06
肉禽蛋,猪肉类,猪腰子,10.0,11.0,10.5,斤,,,2026-07-06
肉禽蛋,猪肉类,猪心,5.5,6.0,5.75,斤,,,2026-07-06
肉禽蛋,猪肉类,猪肝,3.0,4.0,3.5,斤,,,2026-07-06
肉禽蛋,猪肉类,猪肺,2.5,2.5,2.5,个,,,2026-07-06
肉禽蛋,猪肉类,猪皮,2.0,2.0,2.0,斤,,,2026-07-06
肉禽蛋,猪肉类,猪肠头,13.0,13.0,13.0,斤,,,2026-07-06
肉禽蛋,猪肉类,猪肠,11.0,11.0,11.0,斤,,,2026-07-06
肉禽蛋,猪肉类,白条猪,6.9,6.9,6.9,斤,,瘦,2026-07-05
肉禽蛋,猪肉类,白条猪,6.25,6.25,6.25,斤,,肥,2026-07-05
肉禽蛋,猪肉类,前臀尖,6.0,6.5,6.25,斤,,瘦,2026-07-05
肉禽蛋,猪肉类,前臀尖,5.5,5.5,5.5,斤,,肥,2026-07-05
肉禽蛋,猪肉类,后臀尖,6.0,6.5,6.25,斤,,瘦,2026-07-05
肉禽蛋,猪肉类,后臀尖,5.5,5.5,5.5,斤,,肥,2026-07-05
肉禽蛋,猪肉类,五花肉,8.5,8.5,8.5,斤,,瘦,2026-07-05
肉禽蛋,猪肉类,五花肉,7.5,7.5,7.5,斤,,肥,2026-07-05
肉禽蛋,猪肉类,精五花,10.0,11.0,10.5,斤,,,2026-07-05
肉禽蛋,猪肉类,纯通脊,7.5,8.0,7.75,斤,,,2026-07-05
肉禽蛋,猪肉类,通脊,6.0,6.5,6.25,斤,,带皮,2026-07-05
肉禽蛋,猪肉类,小里脊,8.5,9.0,8.75,斤,,,2026-07-05
肉禽蛋,猪肉类,梅花肉,8.0,8.5,8.25,斤,,,2026-07-05
肉禽蛋,猪肉类,纯瘦肉,6.5,7.5,7.0,斤,,,2026-07-05
肉禽蛋,猪肉类,护心肉,9.0,17.0,13.0,斤,,鲜,2026-07-05
肉禽蛋,猪肉类,前肘,6.0,6.5,6.25,斤,,,2026-07-05
肉禽蛋,猪肉类,后肘,4.8,5.0,4.9,斤,,,2026-07-05
肉禽蛋,猪肉类,月牙骨,15.0,16.0,15.5,斤,,,2026-07-05
肉禽蛋,猪肉类,猪尾巴,40.0,50.0,45.0,斤,,,2026-07-05
肉禽蛋,猪肉类,猪蹄,14.0,15.0,14.5,斤,,,2026-07-05
肉禽蛋,猪肉类,纯排骨,16.5,17.0,16.75,斤,,,2026-07-05
肉禽蛋,猪肉类,纯腔骨,4.0,4.5,4.25,斤,,,2026-07-05
肉禽蛋,猪肉类,腔排骨,9.5,10.5,10.0,斤,,,2026-07-05
肉禽蛋,猪肉类,梅花骨,5.0,6.0,5.5,斤,,,2026-07-05
肉禽蛋,猪肉类,棒骨,5.0,6.0,5.5,斤,,,2026-07-05
肉禽蛋,猪肉类,猪头,7.0,7.5,7.25,斤,,,2026-07-05
肉禽蛋,猪肉类,猪口条,8.5,9.0,8.75,斤,,,2026-07-05
肉禽蛋,猪肉类,猪耳,20.0,21.0,20.5,斤,,,2026-07-05
肉禽蛋,猪肉类,猪脑,17.0,18.0,17.5,斤,,,2026-07-05
肉禽蛋,猪肉类,猪肚,14.0,15.0,14.5,斤,,,2026-07-05
肉禽蛋,猪肉类,猪板油,4.5,5.0,4.75,斤,,,2026-07-05
肉禽蛋,猪肉类,肥膘肉,3.0,3.5,3.25,斤,,,2026-07-05
肉禽蛋,猪肉类,猪腰子,10.0,11.0,10.5,斤,,,2026-07-05
肉禽蛋,猪肉类,猪心,5.5,6.0,5.75,斤,,,2026-07-05
肉禽蛋,猪肉类,猪肝,3.0,4.0,3.5,斤,,,2026-07-05
肉禽蛋,猪肉类,猪肺,2.5,2.5,2.5,个,,,2026-07-05
肉禽蛋,猪肉类,猪皮,2.0,2.0,2.0,斤,,,2026-07-05
肉禽蛋,猪肉类,猪肠头,13.0,13.0,13.0,斤,,,2026-07-05
肉禽蛋,猪肉类,猪肠,11.0,11.0,11.0,斤,,,2026-07-05
肉禽蛋,猪肉类,白条猪,6.9,6.9,6.9,斤,,瘦,2026-07-04
肉禽蛋,猪肉类,白条猪,5.8,5.8,5.8,斤,,肥,2026-07-04
肉禽蛋,猪肉类,前臀尖,6.0,6.5,6.25,斤,,瘦,2026-07-04
肉禽蛋,猪肉类,前臀尖,5.5,5.5,5.5,斤,,肥,2026-07-04
肉禽蛋,猪肉类,后臀尖,6.0,6.5,6.25,斤,,瘦,2026-07-04
肉禽蛋,猪肉类,后臀尖,5.5,5.5,5.5,斤,,肥,2026-07-04
肉禽蛋,猪肉类,五花肉,8.5,8.5,8.5,斤,,瘦,2026-07-04
肉禽蛋,猪肉类,五花肉,7.5,7.5,7.5,斤,,肥,2026-07-04
肉禽蛋,猪肉类,精五花,10.0,11.0,10.5,斤,,,2026-07-04
肉禽蛋,猪肉类,纯通脊,7.5,8.0,7.75,斤,,,2026-07-04
肉禽蛋,猪肉类,通脊,6.0,6.5,6.25,斤,,带皮,2026-07-04
肉禽蛋,猪肉类,小里脊,8.5,9.0,8.75,斤,,,2026-07-04
肉禽蛋,猪肉类,梅花肉,8.0,8.5,8.25,斤,,,2026-07-04
肉禽蛋,猪肉类,纯瘦肉,6.5,7.5,7.0,斤,,,2026-07-04
肉禽蛋,猪肉类,护心肉,9.0,17.0,13.0,斤,,鲜,2026-07-04
肉禽蛋,猪肉类,前肘,6.0,6.5,6.25,斤,,,2026-07-04
肉禽蛋,猪肉类,后肘,4.8,5.0,4.9,斤,,,2026-07-04
肉禽蛋,猪肉类,月牙骨,15.0,16.0,15.5,斤,,,2026-07-04
肉禽蛋,猪肉类,猪尾巴,40.0,50.0,45.0,斤,,,2026-07-04
肉禽蛋,猪肉类,猪蹄,14.0,15.0,14.5,斤,,,2026-07-04
肉禽蛋,猪肉类,纯排骨,16.5,17.0,16.75,斤,,,2026-07-04
肉禽蛋,猪肉类,纯腔骨,4.0,4.5,4.25,斤,,,2026-07-04
肉禽蛋,猪肉类,腔排骨,9.5,10.5,10.0,斤,,,2026-07-04
肉禽蛋,猪肉类,梅花骨,5.0,6.0,5.5,斤,,,2026-07-04
肉禽蛋,猪肉类,棒骨,5.0,6.0,5.5,斤,,,2026-07-04
肉禽蛋,猪肉类,猪头,7.0,7.5,7.25,斤,,,2026-07-04
肉禽蛋,猪肉类,猪口条,8.5,9.0,8.75,斤,,,2026-07-04
肉禽蛋,猪肉类,猪耳,20.0,21.0,20.5,斤,,,2026-07-04
肉禽蛋,猪肉类,猪脑,17.0,18.0,17.5,斤,,,2026-07-04
肉禽蛋,猪肉类,猪肚,14.0,15.0,14.5,斤,,,2026-07-04
肉禽蛋,猪肉类,猪板油,4.5,5.0,4.75,斤,,,2026-07-04
肉禽蛋,猪肉类,肥膘肉,3.0,3.5,3.25,斤,,,2026-07-04
肉禽蛋,猪肉类,猪腰子,10.0,11.0,10.5,斤,,,2026-07-04
肉禽蛋,猪肉类,猪心,5.5,6.0,5.75,斤,,,2026-07-04
肉禽蛋,猪肉类,猪肝,3.0,4.0,3.5,斤,,,2026-07-04
肉禽蛋,猪肉类,猪肺,2.5,2.5,2.5,个,,,2026-07-04
肉禽蛋,猪肉类,猪皮,2.0,2.0,2.0,斤,,,2026-07-04
肉禽蛋,猪肉类,猪肠头,13.0,13.0,13.0,斤,,,2026-07-04
肉禽蛋,猪肉类,猪肠,11.0,11.0,11.0,斤,,,2026-07-04
肉禽蛋,猪肉类,白条猪,6.8,6.8,6.8,斤,,瘦,2026-07-03
肉禽蛋,猪肉类,白条猪,6.0,6.0,6.0,斤,,肥,2026-07-03
肉禽蛋,猪肉类,前臀尖,6.0,6.5,6.25,斤,,瘦,2026-07-03
肉禽蛋,猪肉类,前臀尖,5.5,5.5,5.5,斤,,肥,2026-07-03
肉禽蛋,猪肉类,后臀尖,6.0,6.5,6.25,斤,,瘦,2026-07-03
肉禽蛋,猪肉类,后臀尖,5.5,5.5,5.5,斤,,肥,2026-07-03
肉禽蛋,猪肉类,五花肉,8.5,8.5,8.5,斤,,瘦,2026-07-03
肉禽蛋,猪肉类,五花肉,7.5,7.5,7.5,斤,,肥,2026-07-03
肉禽蛋,猪肉类,精五花,10.0,11.0,10.5,斤,,,2026-07-03
肉禽蛋,猪肉类,纯通脊,7.5,8.0,7.75,斤,,,2026-07-03
肉禽蛋,猪肉类,通脊,6.0,6.5,6.25,斤,,带皮,2026-07-03
肉禽蛋,猪肉类,小里脊,8.5,9.0,8.75,斤,,,2026-07-03
肉禽蛋,猪肉类,梅花肉,8.0,8.5,8.25,斤,,,2026-07-03
肉禽蛋,猪肉类,纯瘦肉,6.5,7.5,7.0,斤,,,2026-07-03
肉禽蛋,猪肉类,护心肉,9.0,17.0,13.0,斤,,鲜,2026-07-03
肉禽蛋,猪肉类,前肘,6.0,6.5,6.25,斤,,,2026-07-03
肉禽蛋,猪肉类,后肘,4.8,5.0,4.9,斤,,,2026-07-03
肉禽蛋,猪肉类,月牙骨,15.0,16.0,15.5,斤,,,2026-07-03
肉禽蛋,猪肉类,猪尾巴,40.0,50.0,45.0,斤,,,2026-07-03
肉禽蛋,猪肉类,猪蹄,14.0,15.0,14.5,斤,,,2026-07-03
肉禽蛋,猪肉类,纯排骨,16.5,17.0,16.75,斤,,,2026-07-03
肉禽蛋,猪肉类,纯腔骨,4.0,4.5,4.25,斤,,,2026-07-03
肉禽蛋,猪肉类,腔排骨,9.5,10.5,10.0,斤,,,2026-07-03
肉禽蛋,猪肉类,梅花骨,5.0,6.0,5.5,斤,,,2026-07-03
肉禽蛋,猪肉类,棒骨,5.0,6.0,5.5,斤,,,2026-07-03
肉禽蛋,猪肉类,猪头,7.0,7.5,7.25,斤,,,2026-07-03
肉禽蛋,猪肉类,猪口条,8.5,9.0,8.75,斤,,,2026-07-03
肉禽蛋,猪肉类,猪耳,20.0,21.0,20.5,斤,,,2026-07-03
肉禽蛋,猪肉类,猪脑,17.0,18.0,17.5,斤,,,2026-07-03
肉禽蛋,猪肉类,猪肚,14.0,15.0,14.5,斤,,,2026-07-03
肉禽蛋,猪肉类,猪板油,4.5,5.0,4.75,斤,,,2026-07-03
肉禽蛋,猪肉类,肥膘肉,3.0,3.5,3.25,斤,,,2026-07-03
肉禽蛋,猪肉类,猪腰子,10.0,11.0,10.5,斤,,,2026-07-03
肉禽蛋,猪肉类,猪心,5.5,6.0,5.75,斤,,,2026-07-03
肉禽蛋,猪肉类,猪肝,3.0,4.0,3.5,斤,,,2026-07-03
肉禽蛋,猪肉类,猪肺,2.5,2.5,2.5,个,,,2026-07-03
肉禽蛋,猪肉类,猪皮,2.0,2.0,2.0,斤,,,2026-07-03
肉禽蛋,猪肉类,猪肠头,13.0,13.0,13.0,斤,,,2026-07-03
肉禽蛋,猪肉类,猪肠,11.0,11.0,11.0,斤,,,2026-07-03
肉禽蛋,猪肉类,白条猪,6.65,6.65,6.65,斤,,瘦,2026-07-02
肉禽蛋,猪肉类,白条猪,5.75,5.75,5.75,斤,,肥,2026-07-02
肉禽蛋,猪肉类,前臀尖,6.0,6.0,6.0,斤,,瘦,2026-07-02
肉禽蛋,猪肉类,前臀尖,5.5,5.5,5.5,斤,,肥,2026-07-02
肉禽蛋,猪肉类,后臀尖,6.0,6.0,6.0,斤,,瘦,2026-07-02
肉禽蛋,猪肉类,后臀尖,5.5,5.5,5.5,斤,,肥,2026-07-02
肉禽蛋,猪肉类,五花肉,8.5,8.5,8.5,斤,,瘦,2026-07-02
肉禽蛋,猪肉类,五花肉,7.5,7.5,7.5,斤,,肥,2026-07-02
肉禽蛋,猪肉类,精五花,10.0,11.0,10.5,斤,,,2026-07-02
肉禽蛋,猪肉类,纯通脊,7.5,8.0,7.75,斤,,,2026-07-02
肉禽蛋,猪肉类,通脊,6.0,6.5,6.25,斤,,带皮,2026-07-02
肉禽蛋,猪肉类,小里脊,8.5,9.0,8.75,斤,,,2026-07-02
肉禽蛋,猪肉类,梅花肉,8.0,8.5,8.25,斤,,,2026-07-02
肉禽蛋,猪肉类,纯瘦肉,6.5,7.5,7.0,斤,,,2026-07-02
肉禽蛋,猪肉类,护心肉,9.0,17.0,13.0,斤,,鲜,2026-07-02
肉禽蛋,猪肉类,前肘,6.0,6.5,6.25,斤,,,2026-07-02
肉禽蛋,猪肉类,后肘,4.8,5.0,4.9,斤,,,2026-07-02
肉禽蛋,猪肉类,月牙骨,15.0,16.0,15.5,斤,,,2026-07-02
肉禽蛋,猪肉类,猪尾巴,40.0,50.0,45.0,斤,,,2026-07-02
肉禽蛋,猪肉类,猪蹄,14.0,15.0,14.5,斤,,,2026-07-02
肉禽蛋,猪肉类,纯排骨,16.5,17.0,16.75,斤,,,2026-07-02
肉禽蛋,猪肉类,纯腔骨,4.0,4.5,4.25,斤,,,2026-07-02
肉禽蛋,猪肉类,腔排骨,9.5,10.5,10.0,斤,,,2026-07-02
肉禽蛋,猪肉类,梅花骨,5.0,6.0,5.5,斤,,,2026-07-02
肉禽蛋,猪肉类,棒骨,5.0,5.5,5.25,斤,,,2026-07-02
肉禽蛋,猪肉类,猪头,7.0,7.5,7.25,斤,,,2026-07-02
肉禽蛋,猪肉类,猪口条,8.5,9.0,8.75,斤,,,2026-07-02
肉禽蛋,猪肉类,猪耳,20.0,21.0,20.5,斤,,,2026-07-02
肉禽蛋,猪肉类,猪脑,17.0,18.0,17.5,斤,,,2026-07-02
肉禽蛋,猪肉类,猪肚,14.0,15.0,14.5,斤,,,2026-07-02
肉禽蛋,猪肉类,猪板油,4.5,5.0,4.75,斤,,,2026-07-02
肉禽蛋,猪肉类,肥膘肉,3.0,3.5,3.25,斤,,,2026-07-02
肉禽蛋,猪肉类,猪腰子,10.0,11.0,10.5,斤,,,2026-07-02
肉禽蛋,猪肉类,猪心,5.5,6.0,5.75,斤,,,2026-07-02
肉禽蛋,猪肉类,猪肝,3.0,4.0,3.5,斤,,,2026-07-02
肉禽蛋,猪肉类,猪肺,2.5,2.5,2.5,个,,,2026-07-02
肉禽蛋,猪肉类,猪皮,2.0,2.0,2.0,斤,,,2026-07-02
肉禽蛋,猪肉类,猪肠头,13.0,13.0,13.0,斤,,,2026-07-02
肉禽蛋,猪肉类,猪肠,11.0,11.0,11.0,斤,,,2026-07-02
肉禽蛋,猪肉类,白条猪,6.5,6.5,6.5,斤,,瘦,2026-07-01
肉禽蛋,猪肉类,白条猪,6.0,6.0,6.0,斤,,肥,2026-07-01
肉禽蛋,猪肉类,前臀尖,6.0,6.0,6.0,斤,,瘦,2026-07-01
肉禽蛋,猪肉类,前臀尖,5.5,5.5,5.5,斤,,肥,2026-07-01
肉禽蛋,猪肉类,后臀尖,6.0,6.0,6.0,斤,,瘦,2026-07-01
肉禽蛋,猪肉类,后臀尖,5.5,5.5,5.5,斤,,肥,2026-07-01
肉禽蛋,猪肉类,五花肉,8.0,8.5,8.25,斤,,瘦,2026-07-01
肉禽蛋,猪肉类,五花肉,7.5,7.5,7.5,斤,,肥,2026-07-01
肉禽蛋,猪肉类,精五花,10.0,10.5,10.25,斤,,,2026-07-01
肉禽蛋,猪肉类,纯通脊,7.5,7.5,7.5,斤,,,2026-07-01
肉禽蛋,猪肉类,通脊,6.0,6.5,6.25,斤,,带皮,2026-07-01
肉禽蛋,猪肉类,小里脊,8.0,9.0,8.5,斤,,,2026-07-01
肉禽蛋,猪肉类,梅花肉,8.0,8.5,8.25,斤,,,2026-07-01
肉禽蛋,猪肉类,纯瘦肉,6.5,7.5,7.0,斤,,,2026-07-01
肉禽蛋,猪肉类,护心肉,9.0,17.0,13.0,斤,,鲜,2026-07-01
肉禽蛋,猪肉类,前肘,6.0,6.5,6.25,斤,,,2026-07-01
肉禽蛋,猪肉类,后肘,4.8,5.0,4.9,斤,,,2026-07-01
肉禽蛋,猪肉类,月牙骨,15.0,16.0,15.5,斤,,,2026-07-01
肉禽蛋,猪肉类,猪尾巴,40.0,50.0,45.0,斤,,,2026-07-01
肉禽蛋,猪肉类,猪蹄,14.0,15.0,14.5,斤,,,2026-07-01
肉禽蛋,猪肉类,纯排骨,16.5,17.0,16.75,斤,,,2026-07-01
肉禽蛋,猪肉类,纯腔骨,4.0,4.5,4.25,斤,,,2026-07-01
肉禽蛋,猪肉类,腔排骨,9.5,10.5,10.0,斤,,,2026-07-01
肉禽蛋,猪肉类,梅花骨,5.0,6.0,5.5,斤,,,2026-07-01
肉禽蛋,猪肉类,棒骨,5.0,6.0,5.5,斤,,,2026-07-01
肉禽蛋,猪肉类,猪头,7.0,7.5,7.25,斤,,,2026-07-01
肉禽蛋,猪肉类,猪口条,8.5,9.0,8.75,斤,,,2026-07-01
肉禽蛋,猪肉类,猪耳,20.0,21.0,20.5,斤,,,2026-07-01
肉禽蛋,猪肉类,猪脑,17.0,18.0,17.5,斤,,,2026-07-01
肉禽蛋,猪肉类,猪肚,14.0,15.0,14.5,斤,,,2026-07-01
肉禽蛋,猪肉类,猪板油,4.5,5.0,4.75,斤,,,2026-07-01
肉禽蛋,猪肉类,肥膘肉,3.0,3.5,3.25,斤,,,2026-07-01
肉禽蛋,猪肉类,猪腰子,10.0,11.0,10.5,斤,,,2026-07-01
肉禽蛋,猪肉类,猪心,5.5,6.0,5.75,斤,,,2026-07-01
肉禽蛋,猪肉类,猪肝,3.0,4.0,3.5,斤,,,2026-07-01
肉禽蛋,猪肉类,猪肺,2.0,2.5,2.25,个,,,2026-07-01
肉禽蛋,猪肉类,猪皮,2.0,2.0,2.0,斤,,,2026-07-01
肉禽蛋,猪肉类,猪肠头,13.0,13.0,13.0,斤,,,2026-07-01
肉禽蛋,猪肉类,猪肠,11.0,11.0,11.0,斤,,,2026-07-01
肉禽蛋,猪肉类,白条猪,6.4,6.4,6.4,斤,,瘦,2026-06-30
肉禽蛋,猪肉类,白条猪,5.6,5.6,5.6,斤,,肥,2026-06-30
肉禽蛋,猪肉类,前臀尖,5.5,6.0,5.75,斤,,瘦,2026-06-30
肉禽蛋,猪肉类,前臀尖,5.0,5.5,5.25,斤,,肥,2026-06-30
肉禽蛋,猪肉类,后臀尖,5.5,6.0,5.75,斤,,瘦,2026-06-30
肉禽蛋,猪肉类,后臀尖,5.0,5.5,5.25,斤,,肥,2026-06-30
肉禽蛋,猪肉类,五花肉,8.0,8.0,8.0,斤,,瘦,2026-06-30
肉禽蛋,猪肉类,五花肉,7.5,7.5,7.5,斤,,肥,2026-06-30
肉禽蛋,猪肉类,精五花,9.5,10.5,10.0,斤,,,2026-06-30
肉禽蛋,猪肉类,纯通脊,7.0,7.5,7.25,斤,,,2026-06-30
肉禽蛋,猪肉类,通脊,6.0,6.0,6.0,斤,,带皮,2026-06-30
肉禽蛋,猪肉类,小里脊,8.0,8.5,8.25,斤,,,2026-06-30
肉禽蛋,猪肉类,梅花肉,7.5,8.0,7.75,斤,,,2026-06-30
肉禽蛋,猪肉类,纯瘦肉,6.5,7.5,7.0,斤,,,2026-06-30
肉禽蛋,猪肉类,护心肉,9.0,17.0,13.0,斤,,鲜,2026-06-30
肉禽蛋,猪肉类,前肘,5.5,6.5,6.0,斤,,,2026-06-30
肉禽蛋,猪肉类,后肘,4.8,5.5,5.15,斤,,,2026-06-30
肉禽蛋,猪肉类,月牙骨,15.0,16.0,15.5,斤,,,2026-06-30
肉禽蛋,猪肉类,猪尾巴,40.0,50.0,45.0,斤,,,2026-06-30
肉禽蛋,猪肉类,猪蹄,14.0,16.0,15.0,斤,,,2026-06-30
肉禽蛋,猪肉类,纯排骨,16.0,17.0,16.5,斤,,,2026-06-30
肉禽蛋,猪肉类,纯腔骨,3.5,4.5,4.0,斤,,,2026-06-30
肉禽蛋,猪肉类,腔排骨,9.5,10.0,9.75,斤,,,2026-06-30
肉禽蛋,猪肉类,梅花骨,5.0,6.0,5.5,斤,,,2026-06-30
肉禽蛋,猪肉类,棒骨,5.0,5.5,5.25,斤,,,2026-06-30
肉禽蛋,猪肉类,猪头,7.0,7.5,7.25,斤,,,2026-06-30
肉禽蛋,猪肉类,猪口条,8.5,9.0,8.75,斤,,,2026-06-30
肉禽蛋,猪肉类,猪耳,20.0,21.0,20.5,斤,,,2026-06-30
肉禽蛋,猪肉类,猪脑,17.0,18.0,17.5,斤,,,2026-06-30
肉禽蛋,猪肉类,猪肚,14.0,15.0,14.5,斤,,,2026-06-30
肉禽蛋,猪肉类,猪板油,4.5,5.0,4.75,斤,,,2026-06-30
肉禽蛋,猪肉类,肥膘肉,3.0,3.0,3.0,斤,,,2026-06-30
肉禽蛋,猪肉类,猪腰子,10.0,11.0,10.5,斤,,,2026-06-30
肉禽蛋,猪肉类,猪心,5.5,6.0,5.75,斤,,,2026-06-30
肉禽蛋,猪肉类,猪肝,3.0,4.0,3.5,斤,,,2026-06-30
肉禽蛋,猪肉类,猪肺,2.0,2.5,2.25,个,,,2026-06-30
肉禽蛋,猪肉类,猪皮,2.0,2.0,2.0,斤,,,2026-06-30
肉禽蛋,猪肉类,猪肠头,13.0,13.0,13.0,斤,,,2026-06-30
肉禽蛋,猪肉类,猪肠,11.0,11.0,11.0,斤,,,2026-06-30
肉禽蛋,猪肉类,白条猪,6.3,6.3,6.3,斤,,瘦,2026-06-29
肉禽蛋,猪肉类,白条猪,5.6,5.6,5.6,斤,,肥,2026-06-29
肉禽蛋,猪肉类,前臀尖,5.5,6.0,5.75,斤,,瘦,2026-06-29
肉禽蛋,猪肉类,前臀尖,5.0,5.0,5.0,斤,,肥,2026-06-29
肉禽蛋,猪肉类,后臀尖,5.5,6.0,5.75,斤,,瘦,2026-06-29
肉禽蛋,猪肉类,后臀尖,5.0,5.0,5.0,斤,,肥,2026-06-29
肉禽蛋,猪肉类,五花肉,7.5,8.0,7.75,斤,,瘦,2026-06-29
肉禽蛋,猪肉类,五花肉,7.0,7.5,7.25,斤,,肥,2026-06-29
肉禽蛋,猪肉类,精五花,9.5,10.5,10.0,斤,,,2026-06-29
肉禽蛋,猪肉类,纯通脊,7.0,7.5,7.25,斤,,,2026-06-29
肉禽蛋,猪肉类,通脊,6.0,6.0,6.0,斤,,带皮,2026-06-29
肉禽蛋,猪肉类,小里脊,8.0,8.5,8.25,斤,,,2026-06-29
肉禽蛋,猪肉类,梅花肉,7.0,8.0,7.5,斤,,,2026-06-29
肉禽蛋,猪肉类,纯瘦肉,6.5,7.5,7.0,斤,,,2026-06-29
肉禽蛋,猪肉类,护心肉,9.0,17.0,13.0,斤,,鲜,2026-06-29
肉禽蛋,猪肉类,前肘,5.5,6.5,6.0,斤,,,2026-06-29
肉禽蛋,猪肉类,后肘,4.8,5.5,5.15,斤,,,2026-06-29
肉禽蛋,猪肉类,月牙骨,15.0,16.0,15.5,斤,,,2026-06-29
肉禽蛋,猪肉类,猪尾巴,40.0,50.0,45.0,斤,,,2026-06-29
肉禽蛋,猪肉类,猪蹄,14.0,16.0,15.0,斤,,,2026-06-29
肉禽蛋,猪肉类,纯排骨,15.5,16.5,16.0,斤,,,2026-06-29
肉禽蛋,猪肉类,纯腔骨,3.5,4.5,4.0,斤,,,2026-06-29
肉禽蛋,猪肉类,腔排骨,9.0,10.0,9.5,斤,,,2026-06-29
肉禽蛋,猪肉类,梅花骨,5.0,6.0,5.5,斤,,,2026-06-29
肉禽蛋,猪肉类,棒骨,5.0,5.5,5.25,斤,,,2026-06-29
肉禽蛋,猪肉类,猪头,7.0,7.5,7.25,斤,,,2026-06-29
肉禽蛋,猪肉类,猪口条,9.0,9.0,9.0,斤,,,2026-06-29
肉禽蛋,猪肉类,猪耳,21.0,22.0,21.5,斤,,,2026-06-29
肉禽蛋,猪肉类,猪脑,15.0,17.0,16.0,斤,,,2026-06-29
肉禽蛋,猪肉类,猪肚,14.0,15.0,14.5,斤,,,2026-06-29
肉禽蛋,猪肉类,猪板油,4.5,5.0,4.75,斤,,,2026-06-29
肉禽蛋,猪肉类,肥膘肉,3.0,3.0,3.0,斤,,,2026-06-29
肉禽蛋,猪肉类,猪腰子,10.0,11.0,10.5,斤,,,2026-06-29
肉禽蛋,猪肉类,猪心,5.5,6.0,5.75,斤,,,2026-06-29
肉禽蛋,猪肉类,猪肝,3.0,4.0,3.5,斤,,,2026-06-29
肉禽蛋,猪肉类,猪肺,2.0,2.0,2.0,个,,,2026-06-29
肉禽蛋,猪肉类,猪皮,2.0,2.0,2.0,斤,,,2026-06-29
肉禽蛋,猪肉类,猪肠头,13.0,13.0,13.0,斤,,,2026-06-29
肉禽蛋,猪肉类,猪肠,11.0,11.0,11.0,斤,,,2026-06-29
肉禽蛋,猪肉类,白条猪,6.4,6.4,6.4,斤,,瘦,2026-06-28
肉禽蛋,猪肉类,白条猪,5.5,5.5,5.5,斤,,肥,2026-06-28
肉禽蛋,猪肉类,前臀尖,5.5,6.0,5.75,斤,,瘦,2026-06-28
肉禽蛋,猪肉类,前臀尖,5.0,5.5,5.25,斤,,肥,2026-06-28
肉禽蛋,猪肉类,后臀尖,5.5,6.0,5.75,斤,,瘦,2026-06-28
肉禽蛋,猪肉类,后臀尖,5.0,5.5,5.25,斤,,肥,2026-06-28
肉禽蛋,猪肉类,五花肉,7.5,8.5,8.0,斤,,瘦,2026-06-28
肉禽蛋,猪肉类,五花肉,7.0,7.5,7.25,斤,,肥,2026-06-28
肉禽蛋,猪肉类,精五花,9.5,10.5,10.0,斤,,,2026-06-28
肉禽蛋,猪肉类,纯通脊,7.0,7.5,7.25,斤,,,2026-06-28
肉禽蛋,猪肉类,通脊,6.0,6.0,6.0,斤,,带皮,2026-06-28
肉禽蛋,猪肉类,小里脊,8.0,8.5,8.25,斤,,,2026-06-28
肉禽蛋,猪肉类,梅花肉,7.0,8.0,7.5,斤,,,2026-06-28
肉禽蛋,猪肉类,纯瘦肉,6.5,7.5,7.0,斤,,,2026-06-28
肉禽蛋,猪肉类,护心肉,9.0,17.0,13.0,斤,,鲜,2026-06-28
肉禽蛋,猪肉类,前肘,5.5,6.0,5.75,斤,,,2026-06-28
肉禽蛋,猪肉类,后肘,5.0,5.5,5.25,斤,,,2026-06-28
肉禽蛋,猪肉类,月牙骨,15.0,16.0,15.5,斤,,,2026-06-28
肉禽蛋,猪肉类,猪尾巴,40.0,50.0,45.0,斤,,,2026-06-28
肉禽蛋,猪肉类,猪蹄,14.0,16.0,15.0,斤,,,2026-06-28
肉禽蛋,猪肉类,纯排骨,15.5,16.5,16.0,斤,,,2026-06-28
肉禽蛋,猪肉类,纯腔骨,3.5,4.5,4.0,斤,,,2026-06-28
肉禽蛋,猪肉类,腔排骨,9.0,10.0,9.5,斤,,,2026-06-28
肉禽蛋,猪肉类,梅花骨,5.0,6.0,5.5,斤,,,2026-06-28
肉禽蛋,猪肉类,棒骨,5.0,5.5,5.25,斤,,,2026-06-28
肉禽蛋,猪肉类,猪头,7.0,7.5,7.25,斤,,,2026-06-28
肉禽蛋,猪肉类,猪口条,9.0,9.0,9.0,斤,,,2026-06-28
肉禽蛋,猪肉类,猪耳,21.0,22.0,21.5,斤,,,2026-06-28
肉禽蛋,猪肉类,猪脑,15.0,17.0,16.0,斤,,,2026-06-28
肉禽蛋,猪肉类,猪肚,14.0,15.0,14.5,斤,,,2026-06-28
肉禽蛋,猪肉类,猪板油,4.5,5.0,4.75,斤,,,2026-06-28
肉禽蛋,猪肉类,肥膘肉,3.0,3.0,3.0,斤,,,2026-06-28
肉禽蛋,猪肉类,猪腰子,10.0,11.0,10.5,斤,,,2026-06-28
肉禽蛋,猪肉类,猪心,5.5,6.0,5.75,斤,,,2026-06-28
肉禽蛋,猪肉类,猪肝,3.0,4.0,3.5,斤,,,2026-06-28
肉禽蛋,猪肉类,猪肺,2.0,2.0,2.0,个,,,2026-06-28
肉禽蛋,猪肉类,猪皮,2.0,2.0,2.0,斤,,,2026-06-28
肉禽蛋,猪肉类,猪肠头,13.0,13.0,13.0,斤,,,2026-06-28
肉禽蛋,猪肉类,猪肠,11.0,11.0,11.0,斤,,,2026-06-28
肉禽蛋,猪肉类,白条猪,6.4,6.4,6.4,斤,,瘦,2026-06-27
肉禽蛋,猪肉类,白条猪,5.6,5.6,5.6,斤,,肥,2026-06-27
肉禽蛋,猪肉类,前臀尖,5.5,6.0,5.75,斤,,瘦,2026-06-27
肉禽蛋,猪肉类,前臀尖,5.0,5.5,5.25,斤,,肥,2026-06-27
肉禽蛋,猪肉类,后臀尖,5.5,6.0,5.75,斤,,瘦,2026-06-27
肉禽蛋,猪肉类,后臀尖,5.0,5.5,5.25,斤,,肥,2026-06-27
肉禽蛋,猪肉类,五花肉,7.5,8.5,8.0,斤,,瘦,2026-06-27
肉禽蛋,猪肉类,五花肉,7.0,7.5,7.25,斤,,肥,2026-06-27
肉禽蛋,猪肉类,精五花,9.5,10.5,10.0,斤,,,2026-06-27
肉禽蛋,猪肉类,纯通脊,7.0,7.5,7.25,斤,,,2026-06-27
肉禽蛋,猪肉类,通脊,6.0,6.0,6.0,斤,,带皮,2026-06-27
肉禽蛋,猪肉类,小里脊,8.0,8.5,8.25,斤,,,2026-06-27
肉禽蛋,猪肉类,梅花肉,7.0,8.0,7.5,斤,,,2026-06-27
肉禽蛋,猪肉类,纯瘦肉,6.5,7.5,7.0,斤,,,2026-06-27
肉禽蛋,猪肉类,护心肉,9.0,17.0,13.0,斤,,鲜,2026-06-27
肉禽蛋,猪肉类,前肘,5.5,6.0,5.75,斤,,,2026-06-27
肉禽蛋,猪肉类,后肘,5.0,5.5,5.25,斤,,,2026-06-27
肉禽蛋,猪肉类,月牙骨,15.0,16.0,15.5,斤,,,2026-06-27
肉禽蛋,猪肉类,猪尾巴,40.0,50.0,45.0,斤,,,2026-06-27
肉禽蛋,猪肉类,猪蹄,14.0,16.0,15.0,斤,,,2026-06-27
肉禽蛋,猪肉类,纯排骨,15.5,16.5,16.0,斤,,,2026-06-27
肉禽蛋,猪肉类,纯腔骨,3.5,4.5,4.0,斤,,,2026-06-27
肉禽蛋,猪肉类,腔排骨,9.0,10.0,9.5,斤,,,2026-06-27
肉禽蛋,猪肉类,梅花骨,5.0,6.0,5.5,斤,,,2026-06-27
肉禽蛋,猪肉类,棒骨,5.0,5.5,5.25,斤,,,2026-06-27
肉禽蛋,猪肉类,猪头,7.0,7.5,7.25,斤,,,2026-06-27
肉禽蛋,猪肉类,猪口条,9.0,9.0,9.0,斤,,,2026-06-27
肉禽蛋,猪肉类,猪耳,21.0,22.0,21.5,斤,,,2026-06-27
肉禽蛋,猪肉类,猪脑,15.0,17.0,16.0,斤,,,2026-06-27
肉禽蛋,猪肉类,猪肚,14.0,15.0,14.5,斤,,,2026-06-27
肉禽蛋,猪肉类,猪板油,4.5,5.0,4.75,斤,,,2026-06-27
肉禽蛋,猪肉类,肥膘肉,3.0,3.0,3.0,斤,,,2026-06-27
肉禽蛋,猪肉类,猪腰子,10.0,11.0,10.5,斤,,,2026-06-27
肉禽蛋,猪肉类,猪心,5.5,6.0,5.75,斤,,,2026-06-27
肉禽蛋,猪肉类,猪肝,3.0,4.0,3.5,斤,,,2026-06-27
肉禽蛋,猪肉类,猪肺,2.0,2.0,2.0,个,,,2026-06-27
肉禽蛋,猪肉类,猪皮,2.0,2.0,2.0,斤,,,2026-06-27
肉禽蛋,猪肉类,猪肠头,13.0,13.0,13.0,斤,,,2026-06-27
肉禽蛋,猪肉类,猪肠,11.0,11.0,11.0,斤,,,2026-06-27
肉禽蛋,猪肉类,白条猪,6.4,6.4,6.4,斤,,瘦,2026-06-26
肉禽蛋,猪肉类,白条猪,5.5,5.5,5.5,斤,,肥,2026-06-26
肉禽蛋,猪肉类,前臀尖,5.5,6.0,5.75,斤,,瘦,2026-06-26
肉禽蛋,猪肉类,前臀尖,5.0,5.5,5.25,斤,,肥,2026-06-26
肉禽蛋,猪肉类,后臀尖,5.5,6.0,5.75,斤,,瘦,2026-06-26
肉禽蛋,猪肉类,后臀尖,5.0,5.5,5.25,斤,,肥,2026-06-26
肉禽蛋,猪肉类,五花肉,7.5,8.5,8.0,斤,,瘦,2026-06-26
肉禽蛋,猪肉类,五花肉,7.0,7.5,7.25,斤,,肥,2026-06-26
肉禽蛋,猪肉类,精五花,9.5,10.5,10.0,斤,,,2026-06-26
肉禽蛋,猪肉类,纯通脊,7.0,7.5,7.25,斤,,,2026-06-26
肉禽蛋,猪肉类,通脊,6.0,6.0,6.0,斤,,带皮,2026-06-26
肉禽蛋,猪肉类,小里脊,8.0,8.5,8.25,斤,,,2026-06-26
肉禽蛋,猪肉类,梅花肉,7.0,8.0,7.5,斤,,,2026-06-26
肉禽蛋,猪肉类,纯瘦肉,6.5,7.5,7.0,斤,,,2026-06-26
肉禽蛋,猪肉类,护心肉,9.0,17.0,13.0,斤,,鲜,2026-06-26
肉禽蛋,猪肉类,前肘,5.5,6.0,5.75,斤,,,2026-06-26
肉禽蛋,猪肉类,后肘,5.0,5.5,5.25,斤,,,2026-06-26
肉禽蛋,猪肉类,月牙骨,15.0,16.0,15.5,斤,,,2026-06-26
肉禽蛋,猪肉类,猪尾巴,40.0,50.0,45.0,斤,,,2026-06-26
肉禽蛋,猪肉类,猪蹄,14.0,16.0,15.0,斤,,,2026-06-26
肉禽蛋,猪肉类,纯排骨,15.5,16.5,16.0,斤,,,2026-06-26
肉禽蛋,猪肉类,纯腔骨,3.5,4.5,4.0,斤,,,2026-06-26
肉禽蛋,猪肉类,腔排骨,9.0,10.0,9.5,斤,,,2026-06-26
肉禽蛋,猪肉类,梅花骨,5.0,6.0,5.5,斤,,,2026-06-26
肉禽蛋,猪肉类,棒骨,5.0,5.5,5.25,斤,,,2026-06-26
肉禽蛋,猪肉类,猪头,7.0,7.5,7.25,斤,,,2026-06-26
肉禽蛋,猪肉类,猪口条,9.0,9.0,9.0,斤,,,2026-06-26
肉禽蛋,猪肉类,猪耳,21.0,22.0,21.5,斤,,,2026-06-26
肉禽蛋,猪肉类,猪脑,15.0,17.0,16.0,斤,,,2026-06-26
肉禽蛋,猪肉类,猪肚,14.0,15.0,14.5,斤,,,2026-06-26
肉禽蛋,猪肉类,猪板油,4.5,5.0,4.75,斤,,,2026-06-26
肉禽蛋,猪肉类,肥膘肉,3.0,3.0,3.0,斤,,,2026-06-26
肉禽蛋,猪肉类,猪腰子,10.0,11.0,10.5,斤,,,2026-06-26
肉禽蛋,猪肉类,猪心,5.5,6.0,5.75,斤,,,2026-06-26
肉禽蛋,猪肉类,猪肝,3.0,4.0,3.5,斤,,,2026-06-26
肉禽蛋,猪肉类,猪肺,2.0,2.0,2.0,个,,,2026-06-26
肉禽蛋,猪肉类,猪皮,2.0,2.0,2.0,斤,,,2026-06-26
肉禽蛋,猪肉类,猪肠头,13.0,13.0,13.0,斤,,,2026-06-26
肉禽蛋,猪肉类,猪肠,11.0,11.0,11.0,斤,,,2026-06-26
肉禽蛋,猪肉类,白条猪,6.5,6.5,6.5,斤,,瘦,2026-06-25
肉禽蛋,猪肉类,白条猪,5.0,5.5,5.25,斤,,肥,2026-06-25
肉禽蛋,猪肉类,前臀尖,5.5,6.0,5.75,斤,,瘦,2026-06-25
肉禽蛋,猪肉类,前臀尖,5.0,5.5,5.25,斤,,肥,2026-06-25
肉禽蛋,猪肉类,后臀尖,5.5,6.0,5.75,斤,,瘦,2026-06-25
肉禽蛋,猪肉类,后臀尖,5.0,5.5,5.25,斤,,肥,2026-06-25
肉禽蛋,猪肉类,五花肉,8.0,8.5,8.25,斤,,瘦,2026-06-25
肉禽蛋,猪肉类,五花肉,7.0,7.5,7.25,斤,,肥,2026-06-25
肉禽蛋,猪肉类,精五花,10.0,10.5,10.25,斤,,,2026-06-25
肉禽蛋,猪肉类,纯通脊,7.5,8.0,7.75,斤,,,2026-06-25
肉禽蛋,猪肉类,通脊,6.0,6.0,6.0,斤,,带皮,2026-06-25
肉禽蛋,猪肉类,小里脊,8.0,8.5,8.25,斤,,,2026-06-25
肉禽蛋,猪肉类,梅花肉,7.5,8.5,8.0,斤,,,2026-06-25
肉禽蛋,猪肉类,纯瘦肉,6.5,7.5,7.0,斤,,,2026-06-25
肉禽蛋,猪肉类,护心肉,9.0,17.0,13.0,斤,,鲜,2026-06-25
肉禽蛋,猪肉类,前肘,6.0,6.5,6.25,斤,,,2026-06-25
肉禽蛋,猪肉类,后肘,5.0,6.0,5.5,斤,,,2026-06-25
肉禽蛋,猪肉类,月牙骨,15.0,16.0,15.5,斤,,,2026-06-25
肉禽蛋,猪肉类,猪尾巴,40.0,50.0,45.0,斤,,,2026-06-25
肉禽蛋,猪肉类,猪蹄,14.0,16.0,15.0,斤,,,2026-06-25
肉禽蛋,猪肉类,纯排骨,16.0,17.0,16.5,斤,,,2026-06-25
肉禽蛋,猪肉类,纯腔骨,4.0,4.5,4.25,斤,,,2026-06-25
肉禽蛋,猪肉类,腔排骨,9.5,10.0,9.75,斤,,,2026-06-25
肉禽蛋,猪肉类,梅花骨,5.0,6.0,5.5,斤,,,2026-06-25
肉禽蛋,猪肉类,棒骨,5.0,5.5,5.25,斤,,,2026-06-25
肉禽蛋,猪肉类,猪头,7.0,7.5,7.25,斤,,,2026-06-25
肉禽蛋,猪肉类,猪口条,9.0,9.0,9.0,斤,,,2026-06-25
肉禽蛋,猪肉类,猪耳,21.0,22.0,21.5,斤,,,2026-06-25
肉禽蛋,猪肉类,猪脑,15.0,17.0,16.0,斤,,,2026-06-25
肉禽蛋,猪肉类,猪肚,14.0,15.0,14.5,斤,,,2026-06-25
肉禽蛋,猪肉类,猪板油,4.5,5.0,4.75,斤,,,2026-06-25
肉禽蛋,猪肉类,肥膘肉,3.0,3.0,3.0,斤,,,2026-06-25
肉禽蛋,猪肉类,猪腰子,10.0,11.0,10.5,斤,,,2026-06-25
肉禽蛋,猪肉类,猪心,5.5,6.0,5.75,斤,,,2026-06-25
肉禽蛋,猪肉类,猪肝,3.0,4.0,3.5,斤,,,2026-06-25
肉禽蛋,猪肉类,猪肺,2.0,2.0,2.0,个,,,2026-06-25
肉禽蛋,猪肉类,猪皮,2.0,2.0,2.0,斤,,,2026-06-25
肉禽蛋,猪肉类,猪肠头,13.0,13.0,13.0,斤,,,2026-06-25
肉禽蛋,猪肉类,猪肠,11.0,11.0,11.0,斤,,,2026-06-25
肉禽蛋,猪肉类,白条猪,6.5,6.5,6.5,斤,,瘦,2026-06-24
肉禽蛋,猪肉类,白条猪,5.6,5.6,5.6,斤,,肥,2026-06-24
肉禽蛋,猪肉类,前臀尖,6.0,6.0,6.0,斤,,瘦,2026-06-24
肉禽蛋,猪肉类,前臀尖,5.0,5.5,5.25,斤,,肥,2026-06-24
肉禽蛋,猪肉类,后臀尖,6.0,6.0,6.0,斤,,瘦,2026-06-24
肉禽蛋,猪肉类,后臀尖,5.0,5.5,5.25,斤,,肥,2026-06-24
肉禽蛋,猪肉类,五花肉,8.0,9.0,8.5,斤,,瘦,2026-06-24
肉禽蛋,猪肉类,五花肉,7.0,7.5,7.25,斤,,肥,2026-06-24
肉禽蛋,猪肉类,精五花,10.0,10.5,10.25,斤,,,2026-06-24
肉禽蛋,猪肉类,纯通脊,7.5,8.0,7.75,斤,,,2026-06-24
肉禽蛋,猪肉类,通脊,6.0,6.5,6.25,斤,,带皮,2026-06-24
肉禽蛋,猪肉类,小里脊,8.5,8.5,8.5,斤,,,2026-06-24
肉禽蛋,猪肉类,梅花肉,7.5,8.5,8.0,斤,,,2026-06-24
肉禽蛋,猪肉类,纯瘦肉,6.5,7.5,7.0,斤,,,2026-06-24
肉禽蛋,猪肉类,护心肉,9.0,17.0,13.0,斤,,鲜,2026-06-24
肉禽蛋,猪肉类,前肘,6.0,6.5,6.25,斤,,,2026-06-24
肉禽蛋,猪肉类,后肘,5.0,6.0,5.5,斤,,,2026-06-24
肉禽蛋,猪肉类,月牙骨,15.0,16.0,15.5,斤,,,2026-06-24
肉禽蛋,猪肉类,猪尾巴,40.0,50.0,45.0,斤,,,2026-06-24
肉禽蛋,猪肉类,猪蹄,14.0,16.0,15.0,斤,,,2026-06-24
肉禽蛋,猪肉类,纯排骨,16.0,17.0,16.5,斤,,,2026-06-24
肉禽蛋,猪肉类,纯腔骨,4.0,4.5,4.25,斤,,,2026-06-24
肉禽蛋,猪肉类,腔排骨,9.5,10.0,9.75,斤,,,2026-06-24
肉禽蛋,猪肉类,梅花骨,5.0,6.0,5.5,斤,,,2026-06-24
肉禽蛋,猪肉类,棒骨,5.0,5.5,5.25,斤,,,2026-06-24
肉禽蛋,猪肉类,猪头,7.0,7.5,7.25,斤,,,2026-06-24
肉禽蛋,猪肉类,猪口条,9.0,9.0,9.0,斤,,,2026-06-24
肉禽蛋,猪肉类,猪耳,21.0,22.0,21.5,斤,,,2026-06-24
肉禽蛋,猪肉类,猪脑,15.0,17.0,16.0,斤,,,2026-06-24
肉禽蛋,猪肉类,猪肚,14.0,15.0,14.5,斤,,,2026-06-24
肉禽蛋,猪肉类,猪板油,4.5,5.0,4.75,斤,,,2026-06-24
肉禽蛋,猪肉类,肥膘肉,3.0,3.0,3.0,斤,,,2026-06-24
肉禽蛋,猪肉类,猪腰子,10.0,11.0,10.5,斤,,,2026-06-24
肉禽蛋,猪肉类,猪心,5.5,6.0,5.75,斤,,,2026-06-24
肉禽蛋,猪肉类,猪肝,3.0,4.0,3.5,斤,,,2026-06-24
肉禽蛋,猪肉类,猪肺,2.0,2.0,2.0,个,,,2026-06-24
肉禽蛋,猪肉类,猪皮,2.0,2.0,2.0,斤,,,2026-06-24
肉禽蛋,猪肉类,猪肠头,13.0,13.0,13.0,斤,,,2026-06-24
肉禽蛋,猪肉类,猪肠,11.0,11.0,11.0,斤,,,2026-06-24
肉禽蛋,猪肉类,白条猪,6.5,6.5,6.5,斤,,瘦,2026-06-23
肉禽蛋,猪肉类,白条猪,6.0,6.0,6.0,斤,,肥,2026-06-23
肉禽蛋,猪肉类,前臀尖,6.0,6.0,6.0,斤,,瘦,2026-06-23
肉禽蛋,猪肉类,前臀尖,5.5,5.5,5.5,斤,,肥,2026-06-23
肉禽蛋,猪肉类,后臀尖,6.0,6.0,6.0,斤,,瘦,2026-06-23
肉禽蛋,猪肉类,后臀尖,5.5,5.5,5.5,斤,,肥,2026-06-23
肉禽蛋,猪肉类,五花肉,8.0,9.0,8.5,斤,,瘦,2026-06-23
肉禽蛋,猪肉类,五花肉,7.0,8.0,7.5,斤,,肥,2026-06-23
肉禽蛋,猪肉类,精五花,10.0,10.5,10.25,斤,,,2026-06-23
肉禽蛋,猪肉类,纯通脊,7.5,8.0,7.75,斤,,,2026-06-23
肉禽蛋,猪肉类,通脊,6.0,6.5,6.25,斤,,带皮,2026-06-23
肉禽蛋,猪肉类,小里脊,8.5,8.5,8.5,斤,,,2026-06-23
肉禽蛋,猪肉类,梅花肉,7.5,8.5,8.0,斤,,,2026-06-23
肉禽蛋,猪肉类,纯瘦肉,6.5,7.5,7.0,斤,,,2026-06-23
肉禽蛋,猪肉类,护心肉,9.0,17.0,13.0,斤,,鲜,2026-06-23
肉禽蛋,猪肉类,前肘,6.0,6.5,6.25,斤,,,2026-06-23
肉禽蛋,猪肉类,后肘,5.0,6.0,5.5,斤,,,2026-06-23
肉禽蛋,猪肉类,月牙骨,15.0,16.0,15.5,斤,,,2026-06-23
肉禽蛋,猪肉类,猪尾巴,40.0,50.0,45.0,斤,,,2026-06-23
肉禽蛋,猪肉类,猪蹄,14.0,16.0,15.0,斤,,,2026-06-23
肉禽蛋,猪肉类,纯排骨,16.0,17.0,16.5,斤,,,2026-06-23
肉禽蛋,猪肉类,纯腔骨,4.0,4.5,4.25,斤,,,2026-06-23
肉禽蛋,猪肉类,腔排骨,9.5,10.0,9.75,斤,,,2026-06-23
肉禽蛋,猪肉类,梅花骨,5.0,6.0,5.5,斤,,,2026-06-23
肉禽蛋,猪肉类,棒骨,5.0,5.5,5.25,斤,,,2026-06-23
肉禽蛋,猪肉类,猪头,7.0,7.5,7.25,斤,,,2026-06-23
肉禽蛋,猪肉类,猪口条,9.0,9.0,9.0,斤,,,2026-06-23
肉禽蛋,猪肉类,猪耳,21.0,22.0,21.5,斤,,,2026-06-23
肉禽蛋,猪肉类,猪脑,15.0,17.0,16.0,斤,,,2026-06-23
肉禽蛋,猪肉类,猪肚,14.0,15.0,14.5,斤,,,2026-06-23
肉禽蛋,猪肉类,猪板油,4.5,5.0,4.75,斤,,,2026-06-23
肉禽蛋,猪肉类,肥膘肉,3.0,3.0,3.0,斤,,,2026-06-23
肉禽蛋,猪肉类,猪腰子,10.0,11.0,10.5,斤,,,2026-06-23
肉禽蛋,猪肉类,猪心,5.5,6.0,5.75,斤,,,2026-06-23
肉禽蛋,猪肉类,猪肝,3.0,4.0,3.5,斤,,,2026-06-23
肉禽蛋,猪肉类,猪肺,2.0,2.0,2.0,个,,,2026-06-23
肉禽蛋,猪肉类,猪皮,2.0,2.0,2.0,斤,,,2026-06-23
肉禽蛋,猪肉类,猪肠头,13.0,13.0,13.0,斤,,,2026-06-23
肉禽蛋,猪肉类,猪肠,11.0,11.0,11.0,斤,,,2026-06-23
肉禽蛋,猪肉类,白条猪,6.5,6.5,6.5,斤,,瘦,2026-06-22
肉禽蛋,猪肉类,白条猪,6.0,6.0,6.0,斤,,肥,2026-06-22
肉禽蛋,猪肉类,前臀尖,6.0,6.0,6.0,斤,,瘦,2026-06-22
肉禽蛋,猪肉类,前臀尖,5.5,5.5,5.5,斤,,肥,2026-06-22
肉禽蛋,猪肉类,后臀尖,6.0,6.0,6.0,斤,,瘦,2026-06-22
肉禽蛋,猪肉类,后臀尖,5.5,5.5,5.5,斤,,肥,2026-06-22
肉禽蛋,猪肉类,五花肉,8.0,9.0,8.5,斤,,瘦,2026-06-22
肉禽蛋,猪肉类,五花肉,7.0,8.0,7.5,斤,,肥,2026-06-22
肉禽蛋,猪肉类,精五花,10.0,10.5,10.25,斤,,,2026-06-22
肉禽蛋,猪肉类,纯通脊,7.5,8.0,7.75,斤,,,2026-06-22
肉禽蛋,猪肉类,通脊,6.0,6.5,6.25,斤,,带皮,2026-06-22
肉禽蛋,猪肉类,小里脊,8.5,8.5,8.5,斤,,,2026-06-22
肉禽蛋,猪肉类,梅花肉,7.5,8.5,8.0,斤,,,2026-06-22
肉禽蛋,猪肉类,纯瘦肉,6.5,7.5,7.0,斤,,,2026-06-22
肉禽蛋,猪肉类,护心肉,9.0,17.0,13.0,斤,,鲜,2026-06-22
肉禽蛋,猪肉类,前肘,6.0,6.5,6.25,斤,,,2026-06-22
肉禽蛋,猪肉类,后肘,5.0,6.0,5.5,斤,,,2026-06-22
肉禽蛋,猪肉类,月牙骨,15.0,16.0,15.5,斤,,,2026-06-22
肉禽蛋,猪肉类,猪尾巴,40.0,50.0,45.0,斤,,,2026-06-22
肉禽蛋,猪肉类,猪蹄,14.0,16.0,15.0,斤,,,2026-06-22
肉禽蛋,猪肉类,纯排骨,16.0,17.0,16.5,斤,,,2026-06-22
肉禽蛋,猪肉类,纯腔骨,4.0,4.5,4.25,斤,,,2026-06-22
肉禽蛋,猪肉类,腔排骨,10.0,10.5,10.25,斤,,,2026-06-22
肉禽蛋,猪肉类,梅花骨,5.0,6.0,5.5,斤,,,2026-06-22
肉禽蛋,猪肉类,棒骨,5.0,5.5,5.25,斤,,,2026-06-22
肉禽蛋,猪肉类,猪头,7.0,7.5,7.25,斤,,,2026-06-22
肉禽蛋,猪肉类,猪口条,9.0,9.0,9.0,斤,,,2026-06-22
肉禽蛋,猪肉类,猪耳,21.0,22.0,21.5,斤,,,2026-06-22
肉禽蛋,猪肉类,猪脑,15.0,17.0,16.0,斤,,,2026-06-22
肉禽蛋,猪肉类,猪肚,14.0,15.0,14.5,斤,,,2026-06-22
肉禽蛋,猪肉类,猪板油,4.5,5.0,4.75,斤,,,2026-06-22
肉禽蛋,猪肉类,肥膘肉,3.0,3.0,3.0,斤,,,2026-06-22
肉禽蛋,猪肉类,猪腰子,10.0,11.0,10.5,斤,,,2026-06-22
肉禽蛋,猪肉类,猪心,5.5,6.0,5.75,斤,,,2026-06-22
肉禽蛋,猪肉类,猪肝,3.0,4.0,3.5,斤,,,2026-06-22
肉禽蛋,猪肉类,猪肺,2.0,2.0,2.0,个,,,2026-06-22
肉禽蛋,猪肉类,猪皮,2.0,2.0,2.0,斤,,,2026-06-22
肉禽蛋,猪肉类,猪肠头,13.0,13.0,13.0,斤,,,2026-06-22
肉禽蛋,猪肉类,猪肠,11.0,11.0,11.0,斤,,,2026-06-22
肉禽蛋,猪肉类,白条猪,6.5,6.5,6.5,斤,,瘦,2026-06-21
肉禽蛋,猪肉类,白条猪,5.9,5.9,5.9,斤,,肥,2026-06-21
肉禽蛋,猪肉类,前臀尖,6.0,6.0,6.0,斤,,瘦,2026-06-21
肉禽蛋,猪肉类,前臀尖,5.0,5.5,5.25,斤,,肥,2026-06-21
肉禽蛋,猪肉类,后臀尖,6.0,6.0,6.0,斤,,瘦,2026-06-21
肉禽蛋,猪肉类,后臀尖,5.0,5.5,5.25,斤,,肥,2026-06-21
肉禽蛋,猪肉类,五花肉,8.0,9.0,8.5,斤,,瘦,2026-06-21
肉禽蛋,猪肉类,五花肉,7.0,8.0,7.5,斤,,肥,2026-06-21
肉禽蛋,猪肉类,精五花,10.0,10.5,10.25,斤,,,2026-06-21
肉禽蛋,猪肉类,纯通脊,7.5,8.0,7.75,斤,,,2026-06-21
肉禽蛋,猪肉类,通脊,6.0,6.5,6.25,斤,,带皮,2026-06-21
肉禽蛋,猪肉类,小里脊,8.0,8.5,8.25,斤,,,2026-06-21
肉禽蛋,猪肉类,梅花肉,7.5,8.5,8.0,斤,,,2026-06-21
肉禽蛋,猪肉类,纯瘦肉,6.5,7.5,7.0,斤,,,2026-06-21
肉禽蛋,猪肉类,护心肉,9.0,17.0,13.0,斤,,鲜,2026-06-21
肉禽蛋,猪肉类,前肘,6.0,7.0,6.5,斤,,,2026-06-21
肉禽蛋,猪肉类,后肘,5.0,6.0,5.5,斤,,,2026-06-21
肉禽蛋,猪肉类,月牙骨,15.0,16.0,15.5,斤,,,2026-06-21
肉禽蛋,猪肉类,猪尾巴,40.0,50.0,45.0,斤,,,2026-06-21
肉禽蛋,猪肉类,猪蹄,14.0,16.0,15.0,斤,,,2026-06-21
肉禽蛋,猪肉类,纯排骨,17.0,19.0,18.0,斤,,,2026-06-21
肉禽蛋,猪肉类,纯腔骨,4.0,5.0,4.5,斤,,,2026-06-21
肉禽蛋,猪肉类,腔排骨,10.5,11.0,10.75,斤,,,2026-06-21
肉禽蛋,猪肉类,梅花骨,5.0,6.0,5.5,斤,,,2026-06-21
肉禽蛋,猪肉类,棒骨,5.0,5.5,5.25,斤,,,2026-06-21
肉禽蛋,猪肉类,猪头,7.0,7.5,7.25,斤,,,2026-06-21
肉禽蛋,猪肉类,猪口条,9.0,9.0,9.0,斤,,,2026-06-21
肉禽蛋,猪肉类,猪耳,21.0,22.0,21.5,斤,,,2026-06-21
肉禽蛋,猪肉类,猪脑,15.0,17.0,16.0,斤,,,2026-06-21
肉禽蛋,猪肉类,猪肚,14.0,15.0,14.5,斤,,,2026-06-21
肉禽蛋,猪肉类,猪板油,4.5,5.0,4.75,斤,,,2026-06-21
肉禽蛋,猪肉类,肥膘肉,3.0,3.0,3.0,斤,,,2026-06-21
肉禽蛋,猪肉类,猪腰子,10.0,11.0,10.5,斤,,,2026-06-21
肉禽蛋,猪肉类,猪心,5.0,5.5,5.25,斤,,,2026-06-21
肉禽蛋,猪肉类,猪肝,3.0,4.0,3.5,斤,,,2026-06-21
肉禽蛋,猪肉类,猪肺,2.0,2.0,2.0,个,,,2026-06-21
肉禽蛋,猪肉类,猪皮,2.0,2.0,2.0,斤,,,2026-06-21
肉禽蛋,猪肉类,猪肠头,13.0,13.0,13.0,斤,,,2026-06-21
肉禽蛋,猪肉类,猪肠,11.0,11.0,11.0,斤,,,2026-06-21
肉禽蛋,猪肉类,白条猪,6.5,6.5,6.5,斤,,瘦,2026-06-20
肉禽蛋,猪肉类,白条猪,5.75,5.75,5.75,斤,,肥,2026-06-20
肉禽蛋,猪肉类,前臀尖,6.0,6.0,6.0,斤,,瘦,2026-06-20
肉禽蛋,猪肉类,前臀尖,5.0,5.5,5.25,斤,,肥,2026-06-20
肉禽蛋,猪肉类,后臀尖,6.0,6.0,6.0,斤,,瘦,2026-06-20
肉禽蛋,猪肉类,后臀尖,5.0,5.5,5.25,斤,,肥,2026-06-20
肉禽蛋,猪肉类,五花肉,8.0,9.0,8.5,斤,,瘦,2026-06-20
肉禽蛋,猪肉类,五花肉,7.0,8.0,7.5,斤,,肥,2026-06-20
肉禽蛋,猪肉类,精五花,10.0,10.5,10.25,斤,,,2026-06-20
肉禽蛋,猪肉类,纯通脊,7.5,8.0,7.75,斤,,,2026-06-20
肉禽蛋,猪肉类,通脊,6.0,6.5,6.25,斤,,带皮,2026-06-20
肉禽蛋,猪肉类,小里脊,8.0,8.5,8.25,斤,,,2026-06-20
肉禽蛋,猪肉类,梅花肉,7.5,8.5,8.0,斤,,,2026-06-20
肉禽蛋,猪肉类,纯瘦肉,6.5,7.5,7.0,斤,,,2026-06-20
肉禽蛋,猪肉类,护心肉,9.0,17.0,13.0,斤,,鲜,2026-06-20
肉禽蛋,猪肉类,前肘,6.0,7.0,6.5,斤,,,2026-06-20
肉禽蛋,猪肉类,后肘,5.0,6.0,5.5,斤,,,2026-06-20
肉禽蛋,猪肉类,月牙骨,15.0,16.0,15.5,斤,,,2026-06-20
肉禽蛋,猪肉类,猪尾巴,40.0,50.0,45.0,斤,,,2026-06-20
肉禽蛋,猪肉类,猪蹄,14.0,16.0,15.0,斤,,,2026-06-20
肉禽蛋,猪肉类,纯排骨,17.0,20.0,18.5,斤,,,2026-06-20
肉禽蛋,猪肉类,纯腔骨,4.0,5.0,4.5,斤,,,2026-06-20
肉禽蛋,猪肉类,腔排骨,10.5,11.0,10.75,斤,,,2026-06-20
肉禽蛋,猪肉类,梅花骨,5.0,6.0,5.5,斤,,,2026-06-20
肉禽蛋,猪肉类,棒骨,5.0,5.5,5.25,斤,,,2026-06-20
肉禽蛋,猪肉类,猪头,7.0,7.5,7.25,斤,,,2026-06-20
肉禽蛋,猪肉类,猪口条,9.0,9.0,9.0,斤,,,2026-06-20
肉禽蛋,猪肉类,猪耳,21.0,22.0,21.5,斤,,,2026-06-20
肉禽蛋,猪肉类,猪脑,15.0,17.0,16.0,斤,,,2026-06-20
肉禽蛋,猪肉类,猪肚,14.0,15.0,14.5,斤,,,2026-06-20
肉禽蛋,猪肉类,猪板油,4.5,5.0,4.75,斤,,,2026-06-20
肉禽蛋,猪肉类,肥膘肉,3.0,3.0,3.0,斤,,,2026-06-20
肉禽蛋,猪肉类,猪腰子,10.0,11.0,10.5,斤,,,2026-06-20
肉禽蛋,猪肉类,猪心,5.0,5.5,5.25,斤,,,2026-06-20
肉禽蛋,猪肉类,猪肝,3.0,4.0,3.5,斤,,,2026-06-20
肉禽蛋,猪肉类,猪肺,2.0,2.0,2.0,个,,,2026-06-20
肉禽蛋,猪肉类,猪皮,2.0,2.0,2.0,斤,,,2026-06-20
肉禽蛋,猪肉类,猪肠头,13.0,13.0,13.0,斤,,,2026-06-20
肉禽蛋,猪肉类,猪肠,11.0,11.0,11.0,斤,,,2026-06-20
肉禽蛋,猪肉类,白条猪,6.5,6.5,6.5,斤,,瘦,2026-06-19
肉禽蛋,猪肉类,白条猪,5.8,5.8,5.8,斤,,肥,2026-06-19
肉禽蛋,猪肉类,前臀尖,6.0,6.0,6.0,斤,,瘦,2026-06-19
肉禽蛋,猪肉类,前臀尖,5.0,5.5,5.25,斤,,肥,2026-06-19
肉禽蛋,猪肉类,后臀尖,6.0,6.0,6.0,斤,,瘦,2026-06-19
肉禽蛋,猪肉类,后臀尖,5.0,5.5,5.25,斤,,肥,2026-06-19
肉禽蛋,猪肉类,五花肉,8.0,9.0,8.5,斤,,瘦,2026-06-19
肉禽蛋,猪肉类,五花肉,7.0,8.0,7.5,斤,,肥,2026-06-19
肉禽蛋,猪肉类,精五花,10.0,10.5,10.25,斤,,,2026-06-19
肉禽蛋,猪肉类,纯通脊,7.5,8.0,7.75,斤,,,2026-06-19
肉禽蛋,猪肉类,通脊,6.0,6.5,6.25,斤,,带皮,2026-06-19
肉禽蛋,猪肉类,小里脊,8.0,8.5,8.25,斤,,,2026-06-19
肉禽蛋,猪肉类,梅花肉,7.5,8.5,8.0,斤,,,2026-06-19
肉禽蛋,猪肉类,纯瘦肉,6.5,7.5,7.0,斤,,,2026-06-19
肉禽蛋,猪肉类,护心肉,9.0,17.0,13.0,斤,,鲜,2026-06-19
肉禽蛋,猪肉类,前肘,6.0,7.0,6.5,斤,,,2026-06-19
肉禽蛋,猪肉类,后肘,5.0,6.0,5.5,斤,,,2026-06-19
肉禽蛋,猪肉类,月牙骨,15.0,16.0,15.5,斤,,,2026-06-19
肉禽蛋,猪肉类,猪尾巴,40.0,50.0,45.0,斤,,,2026-06-19
肉禽蛋,猪肉类,猪蹄,14.0,16.0,15.0,斤,,,2026-06-19
肉禽蛋,猪肉类,纯排骨,17.0,20.0,18.5,斤,,,2026-06-19
肉禽蛋,猪肉类,纯腔骨,4.0,5.0,4.5,斤,,,2026-06-19
肉禽蛋,猪肉类,腔排骨,10.5,11.0,10.75,斤,,,2026-06-19
肉禽蛋,猪肉类,梅花骨,5.0,6.0,5.5,斤,,,2026-06-19
肉禽蛋,猪肉类,棒骨,5.0,5.5,5.25,斤,,,2026-06-19
肉禽蛋,猪肉类,猪头,7.0,7.5,7.25,斤,,,2026-06-19
肉禽蛋,猪肉类,猪口条,9.0,9.0,9.0,斤,,,2026-06-19
肉禽蛋,猪肉类,猪耳,21.0,22.0,21.5,斤,,,2026-06-19
肉禽蛋,猪肉类,猪脑,15.0,17.0,16.0,斤,,,2026-06-19
肉禽蛋,猪肉类,猪肚,14.0,15.0,14.5,斤,,,2026-06-19
肉禽蛋,猪肉类,猪板油,4.5,5.0,4.75,斤,,,2026-06-19
肉禽蛋,猪肉类,肥膘肉,3.0,3.0,3.0,斤,,,2026-06-19
肉禽蛋,猪肉类,猪腰子,10.0,11.0,10.5,斤,,,2026-06-19
肉禽蛋,猪肉类,猪心,5.0,5.5,5.25,斤,,,2026-06-19
肉禽蛋,猪肉类,猪肝,3.0,4.0,3.5,斤,,,2026-06-19
肉禽蛋,猪肉类,猪肺,2.0,2.0,2.0,个,,,2026-06-19
肉禽蛋,猪肉类,猪皮,2.0,2.0,2.0,斤,,,2026-06-19
肉禽蛋,猪肉类,猪肠头,13.0,13.0,13.0,斤,,,2026-06-19
肉禽蛋,猪肉类,猪肠,11.0,11.0,11.0,斤,,,2026-06-19
