一级分类,二级分类,品名,最低价,最高价,平均价,单位,产地,规格,日期
肉禽蛋,禽蛋类,淘汰鸡,11.0,11.0,11.0,斤,,干净膛,2026-09-17
肉禽蛋,禽蛋类,淘汰鸡,9.5,10.0,9.75,斤,,净膛,2026-09-17
肉禽蛋,禽蛋类,仔鸡,7.0,7.0,7.0,斤,,净膛,2026-09-17
肉禽蛋,禽蛋类,肉鸡,6.5,6.5,6.5,斤,,,2026-09-17
肉禽蛋,禽蛋类,鸡胸,6.5,7.0,6.75,斤,,,2026-09-17
肉禽蛋,禽蛋类,鸡翅,12.0,12.0,12.0,斤,,,2026-09-17
肉禽蛋,禽蛋类,鸡翅尖,7.0,7.5,7.25,斤,,,2026-09-17
肉禽蛋,禽蛋类,鸡翅中,24.0,24.0,24.0,斤,,,2026-09-17
肉禽蛋,禽蛋类,鸡翅根,6.5,7.0,6.75,斤,,,2026-09-17
肉禽蛋,禽蛋类,鸡边腿,5.8,6.0,5.9,斤,,,2026-09-17
肉禽蛋,禽蛋类,鸡排腿,6.5,6.5,6.5,斤,,,2026-09-17
肉禽蛋,禽蛋类,鸡琵琶腿,6.5,6.5,6.5,斤,,,2026-09-17
肉禽蛋,禽蛋类,鸡胗,11.0,13.0,12.0,斤,,,2026-09-17
肉禽蛋,禽蛋类,鸡爪,17.0,17.0,17.0,斤,,,2026-09-17
肉禽蛋,禽蛋类,鸡心,5.0,5.0,5.0,斤,,,2026-09-17
肉禽蛋,禽蛋类,鸡肝,2.5,2.5,2.5,斤,,,2026-09-17
肉禽蛋,禽蛋类,鸡脖子,5.0,5.0,5.0,斤,,去皮,2026-09-17
肉禽蛋,禽蛋类,鸡头,2.5,3.0,2.75,斤,,,2026-09-17
肉禽蛋,禽蛋类,鸡油,5.0,5.0,5.0,斤,,,2026-09-17
肉禽蛋,禽蛋类,鸡架子,3.0,3.5,3.25,斤,,,2026-09-17
肉禽蛋,禽蛋类,白条乌鸡,11.0,11.0,11.0,斤,,净膛,2026-09-17
肉禽蛋,禽蛋类,黑爪公鸡,10.0,11.0,10.5,斤,,净膛,2026-09-17
肉禽蛋,禽蛋类,白条鹅,10.0,10.0,10.0,斤,,净膛,2026-09-17
肉禽蛋,禽蛋类,白条湖鸭,6.8,7.0,6.9,斤,,,2026-09-17
肉禽蛋,禽蛋类,鸭肠,6.5,7.5,7.0,斤,,,2026-09-17
肉禽蛋,禽蛋类,鸭肝,2.5,3.0,2.75,斤,,,2026-09-17
肉禽蛋,禽蛋类,鸭头,12.0,13.0,12.5,斤,,,2026-09-17
肉禽蛋,禽蛋类,鸭心,5.0,5.0,5.0,斤,,,2026-09-17
肉禽蛋,禽蛋类,鸭腿,4.5,5.0,4.75,斤,,,2026-09-17
肉禽蛋,禽蛋类,鸭胗,12.0,14.0,13.0,斤,,,2026-09-17
肉禽蛋,禽蛋类,鸭脖子,7.0,7.5,7.25,斤,,去皮,2026-09-17
肉禽蛋,禽蛋类,白条乳鸽,20.0,23.0,21.5,只,,,2026-09-17
肉禽蛋,禽蛋类,白条兔,13.0,15.0,14.0,斤,,冻,2026-09-17
肉禽蛋,禽蛋类,筐鸡蛋,247.0,252.0,249.5,筐,,净44斤,2026-09-17
肉禽蛋,禽蛋类,筐鸡蛋,5.61,5.73,5.67,斤,,,2026-09-17
肉禽蛋,禽蛋类,箱鸡蛋,262.0,267.0,264.5,箱,,带蛋托净42斤,2026-09-17
肉禽蛋,禽蛋类,散鸡蛋,6.2,6.5,6.35,斤,,,2026-09-17
肉禽蛋,禽蛋类,生鸭蛋,6.2,7.0,6.6,斤,,,2026-09-17
肉禽蛋,禽蛋类,熟鸭蛋,7.6,8.5,8.05,斤,,,2026-09-17
肉禽蛋,禽蛋类,松花蛋,7.3,8.5,7.9,斤,,,2026-09-17
肉禽蛋,禽蛋类,鹅蛋,15.0,16.0,15.5,斤,,,2026-09-17
肉禽蛋,禽蛋类,鹌鹑蛋,5.5,7.0,6.25,斤,,,2026-09-17
肉禽蛋,禽蛋类,柴鸡蛋,5.73,9.0,7.37,斤,,,2026-09-17
肉禽蛋,禽蛋类,乌鸡蛋,8.0,9.0,8.5,斤,,,2026-09-17
肉禽蛋,禽蛋类,变蛋,0.75,1.0,0.88,个,,,2026-09-17
肉禽蛋,禽蛋类,鸵鸟蛋,65.0,65.0,65.0,个,,,2026-09-17
肉禽蛋,禽蛋类,鸽子蛋,3.0,3.0,3.0,个,,,2026-09-17
肉禽蛋,禽蛋类,活珠子,1.3,1.5,1.4,个,,,2026-09-17
肉禽蛋,禽蛋类,山鸡蛋,1.0,1.0,1.0,个,,,2026-09-17
肉禽蛋,禽蛋类,淘汰鸡,11.0,11.0,11.0,斤,,干净膛,2026-09-16
肉禽蛋,禽蛋类,淘汰鸡,9.5,10.0,9.75,斤,,净膛,2026-09-16
肉禽蛋,禽蛋类,仔鸡,7.0,7.0,7.0,斤,,净膛,2026-09-16
肉禽蛋,禽蛋类,肉鸡,6.5,6.5,6.5,斤,,,2026-09-16
肉禽蛋,禽蛋类,鸡胸,6.5,7.0,6.75,斤,,,2026-09-16
肉禽蛋,禽蛋类,鸡翅,12.0,12.0,12.0,斤,,,2026-09-16
肉禽蛋,禽蛋类,鸡翅尖,7.0,7.5,7.25,斤,,,2026-09-16
肉禽蛋,禽蛋类,鸡翅中,24.0,24.0,24.0,斤,,,2026-09-16
肉禽蛋,禽蛋类,鸡翅根,6.5,7.0,6.75,斤,,,2026-09-16
肉禽蛋,禽蛋类,鸡边腿,5.8,6.0,5.9,斤,,,2026-09-16
肉禽蛋,禽蛋类,鸡排腿,6.5,6.5,6.5,斤,,,2026-09-16
肉禽蛋,禽蛋类,鸡琵琶腿,6.5,6.5,6.5,斤,,,2026-09-16
肉禽蛋,禽蛋类,鸡胗,11.0,13.0,12.0,斤,,,2026-09-16
肉禽蛋,禽蛋类,鸡爪,17.0,17.0,17.0,斤,,,2026-09-16
肉禽蛋,禽蛋类,鸡心,5.0,5.0,5.0,斤,,,2026-09-16
肉禽蛋,禽蛋类,鸡肝,2.5,2.5,2.5,斤,,,2026-09-16
肉禽蛋,禽蛋类,鸡脖子,5.0,5.0,5.0,斤,,去皮,2026-09-16
肉禽蛋,禽蛋类,鸡头,2.5,3.0,2.75,斤,,,2026-09-16
肉禽蛋,禽蛋类,鸡油,5.0,5.0,5.0,斤,,,2026-09-16
肉禽蛋,禽蛋类,鸡架子,3.0,3.5,3.25,斤,,,2026-09-16
肉禽蛋,禽蛋类,白条乌鸡,11.0,11.0,11.0,斤,,净膛,2026-09-16
肉禽蛋,禽蛋类,黑爪公鸡,10.0,11.0,10.5,斤,,净膛,2026-09-16
肉禽蛋,禽蛋类,白条鹅,10.0,11.0,10.5,斤,,净膛,2026-09-16
肉禽蛋,禽蛋类,白条湖鸭,6.8,7.0,6.9,斤,,,2026-09-16
肉禽蛋,禽蛋类,鸭肠,6.5,7.5,7.0,斤,,,2026-09-16
肉禽蛋,禽蛋类,鸭肝,2.5,3.0,2.75,斤,,,2026-09-16
肉禽蛋,禽蛋类,鸭头,12.0,13.0,12.5,斤,,,2026-09-16
肉禽蛋,禽蛋类,鸭心,5.0,5.0,5.0,斤,,,2026-09-16
肉禽蛋,禽蛋类,鸭腿,4.5,5.0,4.75,斤,,,2026-09-16
肉禽蛋,禽蛋类,鸭胗,12.0,14.0,13.0,斤,,,2026-09-16
肉禽蛋,禽蛋类,鸭脖子,7.0,7.5,7.25,斤,,去皮,2026-09-16
肉禽蛋,禽蛋类,白条乳鸽,20.0,23.0,21.5,只,,,2026-09-16
肉禽蛋,禽蛋类,白条兔,13.5,15.0,14.25,斤,,冻,2026-09-16
肉禽蛋,禽蛋类,筐鸡蛋,247.0,252.0,249.5,筐,,净44斤,2026-09-16
肉禽蛋,禽蛋类,筐鸡蛋,5.61,5.73,5.67,斤,,,2026-09-16
肉禽蛋,禽蛋类,箱鸡蛋,262.0,267.0,264.5,箱,,带蛋托净42斤,2026-09-16
肉禽蛋,禽蛋类,散鸡蛋,6.2,6.5,6.35,斤,,,2026-09-16
肉禽蛋,禽蛋类,生鸭蛋,6.3,7.0,6.65,斤,,,2026-09-16
肉禽蛋,禽蛋类,熟鸭蛋,7.6,8.5,8.05,斤,,,2026-09-16
肉禽蛋,禽蛋类,松花蛋,7.3,8.5,7.9,斤,,,2026-09-16
肉禽蛋,禽蛋类,鹅蛋,15.0,16.0,15.5,斤,,,2026-09-16
肉禽蛋,禽蛋类,鹌鹑蛋,5.5,7.0,6.25,斤,,,2026-09-16
肉禽蛋,禽蛋类,柴鸡蛋,5.73,9.0,7.37,斤,,,2026-09-16
肉禽蛋,禽蛋类,乌鸡蛋,8.0,9.0,8.5,斤,,,2026-09-16
肉禽蛋,禽蛋类,变蛋,0.75,1.0,0.88,个,,,2026-09-16
肉禽蛋,禽蛋类,鸵鸟蛋,65.0,70.0,67.5,个,,,2026-09-16
肉禽蛋,禽蛋类,鸽子蛋,3.0,3.0,3.0,个,,,2026-09-16
肉禽蛋,禽蛋类,活珠子,1.3,1.5,1.4,个,,,2026-09-16
肉禽蛋,禽蛋类,山鸡蛋,1.0,1.0,1.0,个,,,2026-09-16
肉禽蛋,禽蛋类,淘汰鸡,11.0,11.0,11.0,斤,,干净膛,2026-09-15
肉禽蛋,禽蛋类,淘汰鸡,9.5,10.0,9.75,斤,,净膛,2026-09-15
肉禽蛋,禽蛋类,仔鸡,7.0,7.0,7.0,斤,,净膛,2026-09-15
肉禽蛋,禽蛋类,肉鸡,6.5,6.5,6.5,斤,,,2026-09-15
肉禽蛋,禽蛋类,鸡胸,6.5,7.0,6.75,斤,,,2026-09-15
肉禽蛋,禽蛋类,鸡翅,12.0,12.0,12.0,斤,,,2026-09-15
肉禽蛋,禽蛋类,鸡翅尖,7.0,7.5,7.25,斤,,,2026-09-15
肉禽蛋,禽蛋类,鸡翅中,24.0,24.0,24.0,斤,,,2026-09-15
肉禽蛋,禽蛋类,鸡翅根,6.5,7.0,6.75,斤,,,2026-09-15
肉禽蛋,禽蛋类,鸡边腿,5.8,6.0,5.9,斤,,,2026-09-15
肉禽蛋,禽蛋类,鸡排腿,6.5,6.5,6.5,斤,,,2026-09-15
肉禽蛋,禽蛋类,鸡琵琶腿,6.5,6.5,6.5,斤,,,2026-09-15
肉禽蛋,禽蛋类,鸡胗,11.0,13.0,12.0,斤,,,2026-09-15
肉禽蛋,禽蛋类,鸡爪,17.0,17.0,17.0,斤,,,2026-09-15
肉禽蛋,禽蛋类,鸡心,5.0,5.0,5.0,斤,,,2026-09-15
肉禽蛋,禽蛋类,鸡肝,2.5,2.5,2.5,斤,,,2026-09-15
肉禽蛋,禽蛋类,鸡脖子,5.0,5.0,5.0,斤,,去皮,2026-09-15
肉禽蛋,禽蛋类,鸡头,2.5,3.0,2.75,斤,,,2026-09-15
肉禽蛋,禽蛋类,鸡油,5.0,5.0,5.0,斤,,,2026-09-15
肉禽蛋,禽蛋类,鸡架子,3.0,3.5,3.25,斤,,,2026-09-15
肉禽蛋,禽蛋类,白条乌鸡,11.0,11.0,11.0,斤,,净膛,2026-09-15
肉禽蛋,禽蛋类,黑爪公鸡,10.0,11.0,10.5,斤,,净膛,2026-09-15
肉禽蛋,禽蛋类,白条鹅,10.0,11.0,10.5,斤,,净膛,2026-09-15
肉禽蛋,禽蛋类,白条湖鸭,6.8,7.0,6.9,斤,,,2026-09-15
肉禽蛋,禽蛋类,鸭肠,6.5,7.5,7.0,斤,,,2026-09-15
肉禽蛋,禽蛋类,鸭肝,2.5,3.0,2.75,斤,,,2026-09-15
肉禽蛋,禽蛋类,鸭头,12.0,13.0,12.5,斤,,,2026-09-15
肉禽蛋,禽蛋类,鸭心,5.0,5.0,5.0,斤,,,2026-09-15
肉禽蛋,禽蛋类,鸭腿,4.5,5.0,4.75,斤,,,2026-09-15
肉禽蛋,禽蛋类,鸭胗,12.0,14.0,13.0,斤,,,2026-09-15
肉禽蛋,禽蛋类,鸭脖子,7.0,7.5,7.25,斤,,去皮,2026-09-15
肉禽蛋,禽蛋类,白条乳鸽,20.0,23.0,21.5,只,,,2026-09-15
肉禽蛋,禽蛋类,白条兔,13.5,15.0,14.25,斤,,冻,2026-09-15
肉禽蛋,禽蛋类,筐鸡蛋,242.0,247.0,244.5,筐,,净44斤,2026-09-15
肉禽蛋,禽蛋类,筐鸡蛋,5.5,5.61,5.56,斤,,,2026-09-15
肉禽蛋,禽蛋类,箱鸡蛋,257.0,262.0,259.5,箱,,带蛋托净42斤,2026-09-15
肉禽蛋,禽蛋类,散鸡蛋,6.0,6.2,6.1,斤,,,2026-09-15
肉禽蛋,禽蛋类,生鸭蛋,6.3,7.0,6.65,斤,,,2026-09-15
肉禽蛋,禽蛋类,熟鸭蛋,7.6,8.5,8.05,斤,,,2026-09-15
肉禽蛋,禽蛋类,松花蛋,7.3,8.5,7.9,斤,,,2026-09-15
肉禽蛋,禽蛋类,鹅蛋,15.0,16.0,15.5,斤,,,2026-09-15
肉禽蛋,禽蛋类,鹌鹑蛋,5.5,7.0,6.25,斤,,,2026-09-15
肉禽蛋,禽蛋类,柴鸡蛋,5.61,9.0,7.31,斤,,,2026-09-15
肉禽蛋,禽蛋类,乌鸡蛋,8.0,9.0,8.5,斤,,,2026-09-15
肉禽蛋,禽蛋类,变蛋,0.75,1.0,0.88,个,,,2026-09-15
肉禽蛋,禽蛋类,鸵鸟蛋,65.0,70.0,67.5,个,,,2026-09-15
肉禽蛋,禽蛋类,鸽子蛋,3.0,3.0,3.0,个,,,2026-09-15
肉禽蛋,禽蛋类,活珠子,1.3,1.5,1.4,个,,,2026-09-15
肉禽蛋,禽蛋类,山鸡蛋,1.0,1.0,1.0,个,,,2026-09-15
肉禽蛋,禽蛋类,淘汰鸡,11.0,11.0,11.0,斤,,干净膛,2026-09-14
肉禽蛋,禽蛋类,淘汰鸡,9.5,10.0,9.75,斤,,净膛,2026-09-14
肉禽蛋,禽蛋类,仔鸡,7.0,7.0,7.0,斤,,净膛,2026-09-14
肉禽蛋,禽蛋类,肉鸡,6.5,6.5,6.5,斤,,,2026-09-14
肉禽蛋,禽蛋类,鸡胸,6.5,7.0,6.75,斤,,,2026-09-14
肉禽蛋,禽蛋类,鸡翅,12.0,12.0,12.0,斤,,,2026-09-14
肉禽蛋,禽蛋类,鸡翅尖,7.0,7.5,7.25,斤,,,2026-09-14
肉禽蛋,禽蛋类,鸡翅中,24.0,24.0,24.0,斤,,,2026-09-14
肉禽蛋,禽蛋类,鸡翅根,6.5,7.0,6.75,斤,,,2026-09-14
肉禽蛋,禽蛋类,鸡边腿,5.8,6.0,5.9,斤,,,2026-09-14
肉禽蛋,禽蛋类,鸡排腿,6.5,6.5,6.5,斤,,,2026-09-14
肉禽蛋,禽蛋类,鸡琵琶腿,6.5,6.5,6.5,斤,,,2026-09-14
肉禽蛋,禽蛋类,鸡胗,11.0,13.0,12.0,斤,,,2026-09-14
肉禽蛋,禽蛋类,鸡爪,17.0,17.0,17.0,斤,,,2026-09-14
肉禽蛋,禽蛋类,鸡心,5.0,5.0,5.0,斤,,,2026-09-14
肉禽蛋,禽蛋类,鸡肝,2.5,2.5,2.5,斤,,,2026-09-14
肉禽蛋,禽蛋类,鸡脖子,5.0,5.0,5.0,斤,,去皮,2026-09-14
肉禽蛋,禽蛋类,鸡头,2.5,3.0,2.75,斤,,,2026-09-14
肉禽蛋,禽蛋类,鸡油,5.0,5.0,5.0,斤,,,2026-09-14
肉禽蛋,禽蛋类,鸡架子,3.0,3.5,3.25,斤,,,2026-09-14
肉禽蛋,禽蛋类,白条乌鸡,11.0,11.0,11.0,斤,,净膛,2026-09-14
肉禽蛋,禽蛋类,黑爪公鸡,10.0,11.0,10.5,斤,,净膛,2026-09-14
肉禽蛋,禽蛋类,白条鹅,10.0,11.0,10.5,斤,,净膛,2026-09-14
肉禽蛋,禽蛋类,白条湖鸭,6.8,7.0,6.9,斤,,,2026-09-14
肉禽蛋,禽蛋类,鸭肠,6.5,7.5,7.0,斤,,,2026-09-14
肉禽蛋,禽蛋类,鸭肝,2.5,3.0,2.75,斤,,,2026-09-14
肉禽蛋,禽蛋类,鸭头,12.0,13.0,12.5,斤,,,2026-09-14
肉禽蛋,禽蛋类,鸭心,5.0,5.0,5.0,斤,,,2026-09-14
肉禽蛋,禽蛋类,鸭腿,4.5,5.0,4.75,斤,,,2026-09-14
肉禽蛋,禽蛋类,鸭胗,12.0,14.0,13.0,斤,,,2026-09-14
肉禽蛋,禽蛋类,鸭脖子,7.0,7.5,7.25,斤,,去皮,2026-09-14
肉禽蛋,禽蛋类,白条乳鸽,20.0,23.0,21.5,只,,,2026-09-14
肉禽蛋,禽蛋类,白条兔,13.5,15.0,14.25,斤,,冻,2026-09-14
肉禽蛋,禽蛋类,筐鸡蛋,235.0,240.0,237.5,筐,,净44斤,2026-09-14
肉禽蛋,禽蛋类,筐鸡蛋,5.34,5.45,5.4,斤,,,2026-09-14
肉禽蛋,禽蛋类,箱鸡蛋,250.0,255.0,252.5,箱,,带蛋托净42斤,2026-09-14
肉禽蛋,禽蛋类,散鸡蛋,6.0,6.0,6.0,斤,,,2026-09-14
肉禽蛋,禽蛋类,生鸭蛋,6.3,7.0,6.65,斤,,,2026-09-14
肉禽蛋,禽蛋类,熟鸭蛋,7.6,8.5,8.05,斤,,,2026-09-14
肉禽蛋,禽蛋类,松花蛋,7.3,8.5,7.9,斤,,,2026-09-14
肉禽蛋,禽蛋类,鹅蛋,15.5,16.0,15.75,斤,,,2026-09-14
肉禽蛋,禽蛋类,鹌鹑蛋,5.5,7.0,6.25,斤,,,2026-09-14
肉禽蛋,禽蛋类,柴鸡蛋,5.45,9.0,7.23,斤,,,2026-09-14
肉禽蛋,禽蛋类,乌鸡蛋,8.0,9.0,8.5,斤,,,2026-09-14
肉禽蛋,禽蛋类,变蛋,0.75,1.0,0.88,个,,,2026-09-14
肉禽蛋,禽蛋类,鸵鸟蛋,65.0,70.0,67.5,个,,,2026-09-14
肉禽蛋,禽蛋类,鸽子蛋,3.0,3.0,3.0,个,,,2026-09-14
肉禽蛋,禽蛋类,活珠子,1.3,1.5,1.4,个,,,2026-09-14
肉禽蛋,禽蛋类,山鸡蛋,1.0,1.0,1.0,个,,,2026-09-14
肉禽蛋,禽蛋类,淘汰鸡,11.0,11.0,11.0,斤,,干净膛,2026-09-13
肉禽蛋,禽蛋类,淘汰鸡,9.5,10.0,9.75,斤,,净膛,2026-09-13
肉禽蛋,禽蛋类,仔鸡,6.5,6.5,6.5,斤,,净膛,2026-09-13
肉禽蛋,禽蛋类,肉鸡,6.5,6.5,6.5,斤,,,2026-09-13
肉禽蛋,禽蛋类,鸡胸,6.5,7.0,6.75,斤,,,2026-09-13
肉禽蛋,禽蛋类,鸡翅,11.0,12.0,11.5,斤,,,2026-09-13
肉禽蛋,禽蛋类,鸡翅尖,7.0,7.5,7.25,斤,,,2026-09-13
肉禽蛋,禽蛋类,鸡翅中,24.0,24.0,24.0,斤,,,2026-09-13
肉禽蛋,禽蛋类,鸡翅根,6.5,7.0,6.75,斤,,,2026-09-13
肉禽蛋,禽蛋类,鸡边腿,5.8,6.0,5.9,斤,,,2026-09-13
肉禽蛋,禽蛋类,鸡排腿,6.5,6.5,6.5,斤,,,2026-09-13
肉禽蛋,禽蛋类,鸡琵琶腿,6.5,6.5,6.5,斤,,,2026-09-13
肉禽蛋,禽蛋类,鸡胗,11.0,13.0,12.0,斤,,,2026-09-13
肉禽蛋,禽蛋类,鸡爪,17.0,17.0,17.0,斤,,,2026-09-13
肉禽蛋,禽蛋类,鸡心,5.0,5.0,5.0,斤,,,2026-09-13
肉禽蛋,禽蛋类,鸡肝,2.5,2.5,2.5,斤,,,2026-09-13
肉禽蛋,禽蛋类,鸡脖子,5.0,5.0,5.0,斤,,去皮,2026-09-13
肉禽蛋,禽蛋类,鸡头,2.5,3.0,2.75,斤,,,2026-09-13
肉禽蛋,禽蛋类,鸡油,5.0,5.0,5.0,斤,,,2026-09-13
肉禽蛋,禽蛋类,鸡架子,3.0,3.5,3.25,斤,,,2026-09-13
肉禽蛋,禽蛋类,白条乌鸡,11.0,11.0,11.0,斤,,净膛,2026-09-13
肉禽蛋,禽蛋类,黑爪公鸡,10.0,11.0,10.5,斤,,净膛,2026-09-13
肉禽蛋,禽蛋类,白条鹅,10.0,11.0,10.5,斤,,净膛,2026-09-13
肉禽蛋,禽蛋类,白条湖鸭,6.8,7.0,6.9,斤,,,2026-09-13
肉禽蛋,禽蛋类,鸭肠,6.5,7.5,7.0,斤,,,2026-09-13
肉禽蛋,禽蛋类,鸭肝,2.5,3.0,2.75,斤,,,2026-09-13
肉禽蛋,禽蛋类,鸭头,12.0,13.0,12.5,斤,,,2026-09-13
肉禽蛋,禽蛋类,鸭心,5.0,5.0,5.0,斤,,,2026-09-13
肉禽蛋,禽蛋类,鸭腿,4.5,5.0,4.75,斤,,,2026-09-13
肉禽蛋,禽蛋类,鸭胗,12.0,14.0,13.0,斤,,,2026-09-13
肉禽蛋,禽蛋类,鸭脖子,7.0,7.5,7.25,斤,,去皮,2026-09-13
肉禽蛋,禽蛋类,白条乳鸽,20.0,23.0,21.5,只,,,2026-09-13
肉禽蛋,禽蛋类,白条兔,13.5,15.0,14.25,斤,,冻,2026-09-13
肉禽蛋,禽蛋类,筐鸡蛋,235.0,240.0,237.5,筐,,净44斤,2026-09-13
肉禽蛋,禽蛋类,筐鸡蛋,5.34,5.45,5.4,斤,,,2026-09-13
肉禽蛋,禽蛋类,箱鸡蛋,250.0,255.0,252.5,箱,,带蛋托净42斤,2026-09-13
肉禽蛋,禽蛋类,散鸡蛋,6.0,6.0,6.0,斤,,,2026-09-13
肉禽蛋,禽蛋类,生鸭蛋,6.3,7.0,6.65,斤,,,2026-09-13
肉禽蛋,禽蛋类,熟鸭蛋,7.6,8.5,8.05,斤,,,2026-09-13
肉禽蛋,禽蛋类,松花蛋,7.3,8.5,7.9,斤,,,2026-09-13
肉禽蛋,禽蛋类,鹅蛋,15.5,16.5,16.0,斤,,,2026-09-13
肉禽蛋,禽蛋类,鹌鹑蛋,5.5,7.0,6.25,斤,,,2026-09-13
肉禽蛋,禽蛋类,柴鸡蛋,5.45,9.0,7.23,斤,,,2026-09-13
肉禽蛋,禽蛋类,乌鸡蛋,8.0,9.0,8.5,斤,,,2026-09-13
肉禽蛋,禽蛋类,变蛋,0.75,1.0,0.88,个,,,2026-09-13
肉禽蛋,禽蛋类,鸵鸟蛋,65.0,70.0,67.5,个,,,2026-09-13
肉禽蛋,禽蛋类,鸽子蛋,2.8,3.2,3.0,个,,,2026-09-13
肉禽蛋,禽蛋类,活珠子,1.3,1.5,1.4,个,,,2026-09-13
肉禽蛋,禽蛋类,山鸡蛋,1.0,1.0,1.0,个,,,2026-09-13
肉禽蛋,禽蛋类,淘汰鸡,11.0,11.0,11.0,斤,,干净膛,2026-09-12
肉禽蛋,禽蛋类,淘汰鸡,9.5,10.0,9.75,斤,,净膛,2026-09-12
肉禽蛋,禽蛋类,仔鸡,6.5,6.5,6.5,斤,,净膛,2026-09-12
肉禽蛋,禽蛋类,肉鸡,6.5,6.5,6.5,斤,,,2026-09-12
肉禽蛋,禽蛋类,鸡胸,6.5,7.0,6.75,斤,,,2026-09-12
肉禽蛋,禽蛋类,鸡翅,11.0,12.0,11.5,斤,,,2026-09-12
肉禽蛋,禽蛋类,鸡翅尖,7.0,7.5,7.25,斤,,,2026-09-12
肉禽蛋,禽蛋类,鸡翅中,24.0,24.0,24.0,斤,,,2026-09-12
肉禽蛋,禽蛋类,鸡翅根,6.5,7.0,6.75,斤,,,2026-09-12
肉禽蛋,禽蛋类,鸡边腿,5.8,6.0,5.9,斤,,,2026-09-12
肉禽蛋,禽蛋类,鸡排腿,6.5,6.5,6.5,斤,,,2026-09-12
肉禽蛋,禽蛋类,鸡琵琶腿,6.5,6.5,6.5,斤,,,2026-09-12
肉禽蛋,禽蛋类,鸡胗,11.0,13.0,12.0,斤,,,2026-09-12
肉禽蛋,禽蛋类,鸡爪,17.0,17.0,17.0,斤,,,2026-09-12
肉禽蛋,禽蛋类,鸡心,5.0,5.0,5.0,斤,,,2026-09-12
肉禽蛋,禽蛋类,鸡肝,2.5,2.5,2.5,斤,,,2026-09-12
肉禽蛋,禽蛋类,鸡脖子,5.0,5.0,5.0,斤,,去皮,2026-09-12
肉禽蛋,禽蛋类,鸡头,2.5,3.0,2.75,斤,,,2026-09-12
肉禽蛋,禽蛋类,鸡油,5.0,5.0,5.0,斤,,,2026-09-12
肉禽蛋,禽蛋类,鸡架子,3.0,3.5,3.25,斤,,,2026-09-12
肉禽蛋,禽蛋类,白条乌鸡,11.0,11.0,11.0,斤,,净膛,2026-09-12
肉禽蛋,禽蛋类,黑爪公鸡,10.0,11.0,10.5,斤,,净膛,2026-09-12
肉禽蛋,禽蛋类,白条鹅,10.0,11.0,10.5,斤,,净膛,2026-09-12
肉禽蛋,禽蛋类,白条湖鸭,6.8,7.0,6.9,斤,,,2026-09-12
肉禽蛋,禽蛋类,鸭肠,6.5,7.5,7.0,斤,,,2026-09-12
肉禽蛋,禽蛋类,鸭肝,2.5,3.0,2.75,斤,,,2026-09-12
肉禽蛋,禽蛋类,鸭头,12.0,13.0,12.5,斤,,,2026-09-12
肉禽蛋,禽蛋类,鸭心,5.0,5.0,5.0,斤,,,2026-09-12
肉禽蛋,禽蛋类,鸭腿,4.5,5.0,4.75,斤,,,2026-09-12
肉禽蛋,禽蛋类,鸭胗,12.0,14.0,13.0,斤,,,2026-09-12
肉禽蛋,禽蛋类,鸭脖子,7.0,7.5,7.25,斤,,去皮,2026-09-12
肉禽蛋,禽蛋类,白条乳鸽,20.0,23.0,21.5,只,,,2026-09-12
肉禽蛋,禽蛋类,白条兔,13.5,15.0,14.25,斤,,冻,2026-09-12
肉禽蛋,禽蛋类,筐鸡蛋,235.0,240.0,237.5,筐,,净44斤,2026-09-12
肉禽蛋,禽蛋类,筐鸡蛋,5.34,5.45,5.4,斤,,,2026-09-12
肉禽蛋,禽蛋类,箱鸡蛋,250.0,255.0,252.5,箱,,带蛋托净42斤,2026-09-12
肉禽蛋,禽蛋类,散鸡蛋,6.0,6.0,6.0,斤,,,2026-09-12
肉禽蛋,禽蛋类,生鸭蛋,6.3,7.0,6.65,斤,,,2026-09-12
肉禽蛋,禽蛋类,熟鸭蛋,7.6,8.5,8.05,斤,,,2026-09-12
肉禽蛋,禽蛋类,松花蛋,7.3,8.5,7.9,斤,,,2026-09-12
肉禽蛋,禽蛋类,鹅蛋,15.5,16.5,16.0,斤,,,2026-09-12
肉禽蛋,禽蛋类,鹌鹑蛋,5.5,7.0,6.25,斤,,,2026-09-12
肉禽蛋,禽蛋类,柴鸡蛋,5.45,9.0,7.23,斤,,,2026-09-12
肉禽蛋,禽蛋类,乌鸡蛋,8.0,9.0,8.5,斤,,,2026-09-12
肉禽蛋,禽蛋类,变蛋,0.75,1.0,0.88,个,,,2026-09-12
肉禽蛋,禽蛋类,鸵鸟蛋,65.0,70.0,67.5,个,,,2026-09-12
肉禽蛋,禽蛋类,鸽子蛋,2.8,3.2,3.0,个,,,2026-09-12
肉禽蛋,禽蛋类,活珠子,1.3,1.5,1.4,个,,,2026-09-12
肉禽蛋,禽蛋类,山鸡蛋,1.0,1.0,1.0,个,,,2026-09-12
肉禽蛋,禽蛋类,淘汰鸡,11.0,11.0,11.0,斤,,干净膛,2026-09-11
肉禽蛋,禽蛋类,淘汰鸡,9.5,10.0,9.75,斤,,净膛,2026-09-11
肉禽蛋,禽蛋类,仔鸡,6.5,6.5,6.5,斤,,净膛,2026-09-11
肉禽蛋,禽蛋类,肉鸡,6.5,6.5,6.5,斤,,,2026-09-11
肉禽蛋,禽蛋类,鸡胸,6.5,7.0,6.75,斤,,,2026-09-11
肉禽蛋,禽蛋类,鸡翅,11.0,12.0,11.5,斤,,,2026-09-11
肉禽蛋,禽蛋类,鸡翅尖,7.0,7.5,7.25,斤,,,2026-09-11
肉禽蛋,禽蛋类,鸡翅中,24.0,24.0,24.0,斤,,,2026-09-11
肉禽蛋,禽蛋类,鸡翅根,6.5,7.0,6.75,斤,,,2026-09-11
肉禽蛋,禽蛋类,鸡边腿,5.8,6.0,5.9,斤,,,2026-09-11
肉禽蛋,禽蛋类,鸡排腿,6.5,6.5,6.5,斤,,,2026-09-11
肉禽蛋,禽蛋类,鸡琵琶腿,6.5,6.5,6.5,斤,,,2026-09-11
肉禽蛋,禽蛋类,鸡胗,11.0,13.0,12.0,斤,,,2026-09-11
肉禽蛋,禽蛋类,鸡爪,17.0,17.0,17.0,斤,,,2026-09-11
肉禽蛋,禽蛋类,鸡心,5.0,5.0,5.0,斤,,,2026-09-11
肉禽蛋,禽蛋类,鸡肝,2.5,2.5,2.5,斤,,,2026-09-11
肉禽蛋,禽蛋类,鸡脖子,5.0,5.0,5.0,斤,,去皮,2026-09-11
肉禽蛋,禽蛋类,鸡头,2.5,3.0,2.75,斤,,,2026-09-11
肉禽蛋,禽蛋类,鸡油,5.0,5.0,5.0,斤,,,2026-09-11
肉禽蛋,禽蛋类,鸡架子,3.0,3.5,3.25,斤,,,2026-09-11
肉禽蛋,禽蛋类,白条乌鸡,11.0,11.0,11.0,斤,,净膛,2026-09-11
肉禽蛋,禽蛋类,黑爪公鸡,10.0,11.0,10.5,斤,,净膛,2026-09-11
肉禽蛋,禽蛋类,白条鹅,10.0,11.0,10.5,斤,,净膛,2026-09-11
肉禽蛋,禽蛋类,白条湖鸭,6.8,7.0,6.9,斤,,,2026-09-11
肉禽蛋,禽蛋类,鸭肠,6.5,7.5,7.0,斤,,,2026-09-11
肉禽蛋,禽蛋类,鸭肝,2.5,3.0,2.75,斤,,,2026-09-11
肉禽蛋,禽蛋类,鸭头,12.0,13.0,12.5,斤,,,2026-09-11
肉禽蛋,禽蛋类,鸭心,5.0,5.0,5.0,斤,,,2026-09-11
肉禽蛋,禽蛋类,鸭腿,4.5,5.0,4.75,斤,,,2026-09-11
肉禽蛋,禽蛋类,鸭胗,12.0,14.0,13.0,斤,,,2026-09-11
肉禽蛋,禽蛋类,鸭脖子,7.0,7.5,7.25,斤,,去皮,2026-09-11
肉禽蛋,禽蛋类,白条乳鸽,20.0,23.0,21.5,只,,,2026-09-11
肉禽蛋,禽蛋类,白条兔,13.5,15.0,14.25,斤,,冻,2026-09-11
肉禽蛋,禽蛋类,筐鸡蛋,235.0,240.0,237.5,筐,,净44斤,2026-09-11
肉禽蛋,禽蛋类,筐鸡蛋,5.34,5.45,5.4,斤,,,2026-09-11
肉禽蛋,禽蛋类,箱鸡蛋,250.0,255.0,252.5,箱,,带蛋托净42斤,2026-09-11
肉禽蛋,禽蛋类,散鸡蛋,6.0,6.0,6.0,斤,,,2026-09-11
肉禽蛋,禽蛋类,生鸭蛋,6.3,7.0,6.65,斤,,,2026-09-11
肉禽蛋,禽蛋类,熟鸭蛋,7.6,8.5,8.05,斤,,,2026-09-11
肉禽蛋,禽蛋类,松花蛋,7.3,8.5,7.9,斤,,,2026-09-11
肉禽蛋,禽蛋类,鹅蛋,15.5,16.5,16.0,斤,,,2026-09-11
肉禽蛋,禽蛋类,鹌鹑蛋,5.5,7.0,6.25,斤,,,2026-09-11
肉禽蛋,禽蛋类,柴鸡蛋,5.45,9.0,7.23,斤,,,2026-09-11
肉禽蛋,禽蛋类,乌鸡蛋,8.0,9.0,8.5,斤,,,2026-09-11
肉禽蛋,禽蛋类,变蛋,0.75,1.0,0.88,个,,,2026-09-11
肉禽蛋,禽蛋类,鸵鸟蛋,65.0,70.0,67.5,个,,,2026-09-11
肉禽蛋,禽蛋类,鸽子蛋,2.8,3.2,3.0,个,,,2026-09-11
肉禽蛋,禽蛋类,活珠子,1.3,1.5,1.4,个,,,2026-09-11
肉禽蛋,禽蛋类,山鸡蛋,1.0,1.0,1.0,个,,,2026-09-11
肉禽蛋,禽蛋类,淘汰鸡,11.0,11.0,11.0,斤,,干净膛,2026-09-10
肉禽蛋,禽蛋类,淘汰鸡,9.5,10.0,9.75,斤,,净膛,2026-09-10
肉禽蛋,禽蛋类,仔鸡,6.5,6.5,6.5,斤,,净膛,2026-09-10
肉禽蛋,禽蛋类,肉鸡,6.5,6.5,6.5,斤,,,2026-09-10
肉禽蛋,禽蛋类,鸡胸,6.5,7.0,6.75,斤,,,2026-09-10
肉禽蛋,禽蛋类,鸡翅,11.0,12.0,11.5,斤,,,2026-09-10
肉禽蛋,禽蛋类,鸡翅尖,7.0,7.5,7.25,斤,,,2026-09-10
肉禽蛋,禽蛋类,鸡翅中,24.0,24.0,24.0,斤,,,2026-09-10
肉禽蛋,禽蛋类,鸡翅根,6.5,7.0,6.75,斤,,,2026-09-10
肉禽蛋,禽蛋类,鸡边腿,5.8,6.0,5.9,斤,,,2026-09-10
肉禽蛋,禽蛋类,鸡排腿,6.5,6.5,6.5,斤,,,2026-09-10
肉禽蛋,禽蛋类,鸡琵琶腿,6.5,6.5,6.5,斤,,,2026-09-10
肉禽蛋,禽蛋类,鸡胗,11.0,13.0,12.0,斤,,,2026-09-10
肉禽蛋,禽蛋类,鸡爪,17.0,17.0,17.0,斤,,,2026-09-10
肉禽蛋,禽蛋类,鸡心,5.0,5.0,5.0,斤,,,2026-09-10
肉禽蛋,禽蛋类,鸡肝,2.5,2.5,2.5,斤,,,2026-09-10
肉禽蛋,禽蛋类,鸡脖子,5.0,5.0,5.0,斤,,去皮,2026-09-10
肉禽蛋,禽蛋类,鸡头,2.5,3.0,2.75,斤,,,2026-09-10
肉禽蛋,禽蛋类,鸡油,5.0,5.0,5.0,斤,,,2026-09-10
肉禽蛋,禽蛋类,鸡架子,3.0,3.5,3.25,斤,,,2026-09-10
肉禽蛋,禽蛋类,白条乌鸡,11.0,11.0,11.0,斤,,净膛,2026-09-10
肉禽蛋,禽蛋类,黑爪公鸡,10.0,11.0,10.5,斤,,净膛,2026-09-10
肉禽蛋,禽蛋类,白条鹅,10.0,11.0,10.5,斤,,净膛,2026-09-10
肉禽蛋,禽蛋类,白条湖鸭,6.8,7.0,6.9,斤,,,2026-09-10
肉禽蛋,禽蛋类,鸭肠,6.5,7.5,7.0,斤,,,2026-09-10
肉禽蛋,禽蛋类,鸭肝,2.5,3.0,2.75,斤,,,2026-09-10
肉禽蛋,禽蛋类,鸭头,12.0,13.0,12.5,斤,,,2026-09-10
肉禽蛋,禽蛋类,鸭心,5.0,5.0,5.0,斤,,,2026-09-10
肉禽蛋,禽蛋类,鸭腿,4.5,5.0,4.75,斤,,,2026-09-10
肉禽蛋,禽蛋类,鸭胗,12.0,14.0,13.0,斤,,,2026-09-10
肉禽蛋,禽蛋类,鸭脖子,7.0,7.5,7.25,斤,,去皮,2026-09-10
肉禽蛋,禽蛋类,白条乳鸽,20.0,23.0,21.5,只,,,2026-09-10
肉禽蛋,禽蛋类,白条兔,13.5,15.0,14.25,斤,,冻,2026-09-10
肉禽蛋,禽蛋类,筐鸡蛋,240.0,245.0,242.5,筐,,净44斤,2026-09-10
肉禽蛋,禽蛋类,筐鸡蛋,5.45,5.57,5.51,斤,,,2026-09-10
肉禽蛋,禽蛋类,箱鸡蛋,255.0,260.0,257.5,箱,,带蛋托净42斤,2026-09-10
肉禽蛋,禽蛋类,散鸡蛋,6.0,6.2,6.1,斤,,,2026-09-10
肉禽蛋,禽蛋类,生鸭蛋,6.3,7.0,6.65,斤,,,2026-09-10
肉禽蛋,禽蛋类,熟鸭蛋,7.6,8.5,8.05,斤,,,2026-09-10
肉禽蛋,禽蛋类,松花蛋,7.3,8.5,7.9,斤,,,2026-09-10
肉禽蛋,禽蛋类,鹅蛋,15.5,16.5,16.0,斤,,,2026-09-10
肉禽蛋,禽蛋类,鹌鹑蛋,5.6,7.0,6.3,斤,,,2026-09-10
肉禽蛋,禽蛋类,柴鸡蛋,5.57,9.0,7.29,斤,,,2026-09-10
肉禽蛋,禽蛋类,乌鸡蛋,8.0,9.0,8.5,斤,,,2026-09-10
肉禽蛋,禽蛋类,变蛋,0.75,1.0,0.88,个,,,2026-09-10
肉禽蛋,禽蛋类,鸵鸟蛋,65.0,70.0,67.5,个,,,2026-09-10
肉禽蛋,禽蛋类,鸽子蛋,2.8,3.2,3.0,个,,,2026-09-10
肉禽蛋,禽蛋类,活珠子,1.3,1.5,1.4,个,,,2026-09-10
肉禽蛋,禽蛋类,山鸡蛋,1.0,1.0,1.0,个,,,2026-09-10
肉禽蛋,禽蛋类,淘汰鸡,11.0,11.0,11.0,斤,,干净膛,2026-09-09
肉禽蛋,禽蛋类,淘汰鸡,9.5,10.0,9.75,斤,,净膛,2026-09-09
肉禽蛋,禽蛋类,仔鸡,6.5,6.5,6.5,斤,,净膛,2026-09-09
肉禽蛋,禽蛋类,肉鸡,6.5,6.5,6.5,斤,,,2026-09-09
肉禽蛋,禽蛋类,鸡胸,6.5,7.0,6.75,斤,,,2026-09-09
肉禽蛋,禽蛋类,鸡翅,11.0,12.0,11.5,斤,,,2026-09-09
肉禽蛋,禽蛋类,鸡翅尖,7.0,7.5,7.25,斤,,,2026-09-09
肉禽蛋,禽蛋类,鸡翅中,24.0,24.0,24.0,斤,,,2026-09-09
肉禽蛋,禽蛋类,鸡翅根,6.5,7.0,6.75,斤,,,2026-09-09
肉禽蛋,禽蛋类,鸡边腿,5.8,6.0,5.9,斤,,,2026-09-09
肉禽蛋,禽蛋类,鸡排腿,6.5,6.5,6.5,斤,,,2026-09-09
肉禽蛋,禽蛋类,鸡琵琶腿,6.5,6.5,6.5,斤,,,2026-09-09
肉禽蛋,禽蛋类,鸡胗,11.0,13.0,12.0,斤,,,2026-09-09
肉禽蛋,禽蛋类,鸡爪,17.0,17.0,17.0,斤,,,2026-09-09
肉禽蛋,禽蛋类,鸡心,5.0,5.0,5.0,斤,,,2026-09-09
肉禽蛋,禽蛋类,鸡肝,2.5,2.5,2.5,斤,,,2026-09-09
肉禽蛋,禽蛋类,鸡脖子,5.0,5.0,5.0,斤,,去皮,2026-09-09
肉禽蛋,禽蛋类,鸡头,2.5,3.0,2.75,斤,,,2026-09-09
肉禽蛋,禽蛋类,鸡油,5.0,5.0,5.0,斤,,,2026-09-09
肉禽蛋,禽蛋类,鸡架子,3.0,3.5,3.25,斤,,,2026-09-09
肉禽蛋,禽蛋类,白条乌鸡,11.0,11.0,11.0,斤,,净膛,2026-09-09
肉禽蛋,禽蛋类,黑爪公鸡,10.0,11.0,10.5,斤,,净膛,2026-09-09
肉禽蛋,禽蛋类,白条鹅,10.0,11.0,10.5,斤,,净膛,2026-09-09
肉禽蛋,禽蛋类,白条湖鸭,6.8,7.0,6.9,斤,,,2026-09-09
肉禽蛋,禽蛋类,鸭肠,6.5,7.5,7.0,斤,,,2026-09-09
肉禽蛋,禽蛋类,鸭肝,2.5,3.0,2.75,斤,,,2026-09-09
肉禽蛋,禽蛋类,鸭头,12.0,13.0,12.5,斤,,,2026-09-09
肉禽蛋,禽蛋类,鸭心,5.0,5.0,5.0,斤,,,2026-09-09
肉禽蛋,禽蛋类,鸭腿,4.5,5.0,4.75,斤,,,2026-09-09
肉禽蛋,禽蛋类,鸭胗,12.0,14.0,13.0,斤,,,2026-09-09
肉禽蛋,禽蛋类,鸭脖子,7.0,7.5,7.25,斤,,去皮,2026-09-09
肉禽蛋,禽蛋类,白条乳鸽,20.0,23.0,21.5,只,,,2026-09-09
肉禽蛋,禽蛋类,白条兔,13.5,15.0,14.25,斤,,冻,2026-09-09
肉禽蛋,禽蛋类,筐鸡蛋,240.0,245.0,242.5,筐,,净44斤,2026-09-09
肉禽蛋,禽蛋类,筐鸡蛋,5.45,5.57,5.51,斤,,,2026-09-09
肉禽蛋,禽蛋类,箱鸡蛋,255.0,260.0,257.5,箱,,带蛋托净42斤,2026-09-09
肉禽蛋,禽蛋类,散鸡蛋,6.0,6.2,6.1,斤,,,2026-09-09
肉禽蛋,禽蛋类,生鸭蛋,6.3,7.0,6.65,斤,,,2026-09-09
肉禽蛋,禽蛋类,熟鸭蛋,7.6,8.5,8.05,斤,,,2026-09-09
肉禽蛋,禽蛋类,松花蛋,7.3,8.5,7.9,斤,,,2026-09-09
肉禽蛋,禽蛋类,鹅蛋,15.0,16.0,15.5,斤,,,2026-09-09
肉禽蛋,禽蛋类,鹌鹑蛋,5.6,7.0,6.3,斤,,,2026-09-09
肉禽蛋,禽蛋类,柴鸡蛋,5.57,9.0,7.29,斤,,,2026-09-09
肉禽蛋,禽蛋类,乌鸡蛋,8.0,9.0,8.5,斤,,,2026-09-09
肉禽蛋,禽蛋类,变蛋,0.75,1.0,0.88,个,,,2026-09-09
肉禽蛋,禽蛋类,鸵鸟蛋,65.0,70.0,67.5,个,,,2026-09-09
肉禽蛋,禽蛋类,鸽子蛋,3.0,3.2,3.1,个,,,2026-09-09
肉禽蛋,禽蛋类,活珠子,1.3,1.5,1.4,个,,,2026-09-09
肉禽蛋,禽蛋类,山鸡蛋,1.0,1.0,1.0,个,,,2026-09-09
肉禽蛋,禽蛋类,淘汰鸡,11.0,11.5,11.25,斤,,干净膛,2026-09-08
肉禽蛋,禽蛋类,淘汰鸡,9.5,10.0,9.75,斤,,净膛,2026-09-08
肉禽蛋,禽蛋类,仔鸡,6.5,6.5,6.5,斤,,净膛,2026-09-08
肉禽蛋,禽蛋类,肉鸡,6.5,6.5,6.5,斤,,,2026-09-08
肉禽蛋,禽蛋类,鸡胸,6.5,7.0,6.75,斤,,,2026-09-08
肉禽蛋,禽蛋类,鸡翅,11.0,12.0,11.5,斤,,,2026-09-08
肉禽蛋,禽蛋类,鸡翅尖,7.0,7.5,7.25,斤,,,2026-09-08
肉禽蛋,禽蛋类,鸡翅中,24.0,24.0,24.0,斤,,,2026-09-08
肉禽蛋,禽蛋类,鸡翅根,6.5,7.0,6.75,斤,,,2026-09-08
肉禽蛋,禽蛋类,鸡边腿,5.8,6.0,5.9,斤,,,2026-09-08
肉禽蛋,禽蛋类,鸡排腿,6.5,6.5,6.5,斤,,,2026-09-08
肉禽蛋,禽蛋类,鸡琵琶腿,6.5,6.5,6.5,斤,,,2026-09-08
肉禽蛋,禽蛋类,鸡胗,11.0,13.0,12.0,斤,,,2026-09-08
肉禽蛋,禽蛋类,鸡爪,17.0,17.0,17.0,斤,,,2026-09-08
肉禽蛋,禽蛋类,鸡心,5.0,5.0,5.0,斤,,,2026-09-08
肉禽蛋,禽蛋类,鸡肝,2.5,2.5,2.5,斤,,,2026-09-08
肉禽蛋,禽蛋类,鸡脖子,5.0,5.0,5.0,斤,,去皮,2026-09-08
肉禽蛋,禽蛋类,鸡头,2.5,3.5,3.0,斤,,,2026-09-08
肉禽蛋,禽蛋类,鸡油,5.0,5.0,5.0,斤,,,2026-09-08
肉禽蛋,禽蛋类,鸡架子,3.0,3.5,3.25,斤,,,2026-09-08
肉禽蛋,禽蛋类,白条乌鸡,11.0,11.0,11.0,斤,,净膛,2026-09-08
肉禽蛋,禽蛋类,黑爪公鸡,10.0,11.0,10.5,斤,,净膛,2026-09-08
肉禽蛋,禽蛋类,白条鹅,10.0,11.0,10.5,斤,,净膛,2026-09-08
肉禽蛋,禽蛋类,白条湖鸭,6.8,7.0,6.9,斤,,,2026-09-08
肉禽蛋,禽蛋类,鸭肠,6.5,7.5,7.0,斤,,,2026-09-08
肉禽蛋,禽蛋类,鸭肝,2.5,3.0,2.75,斤,,,2026-09-08
肉禽蛋,禽蛋类,鸭头,12.0,13.0,12.5,斤,,,2026-09-08
肉禽蛋,禽蛋类,鸭心,5.0,5.0,5.0,斤,,,2026-09-08
肉禽蛋,禽蛋类,鸭腿,4.5,5.0,4.75,斤,,,2026-09-08
肉禽蛋,禽蛋类,鸭胗,12.0,14.0,13.0,斤,,,2026-09-08
肉禽蛋,禽蛋类,鸭脖子,7.0,7.5,7.25,斤,,去皮,2026-09-08
肉禽蛋,禽蛋类,白条乳鸽,20.0,23.0,21.5,只,,,2026-09-08
肉禽蛋,禽蛋类,白条兔,14.0,15.0,14.5,斤,,冻,2026-09-08
肉禽蛋,禽蛋类,筐鸡蛋,235.0,240.0,237.5,筐,,净44斤,2026-09-08
肉禽蛋,禽蛋类,筐鸡蛋,5.34,5.45,5.4,斤,,,2026-09-08
肉禽蛋,禽蛋类,箱鸡蛋,250.0,255.0,252.5,箱,,带蛋托净42斤,2026-09-08
肉禽蛋,禽蛋类,散鸡蛋,6.0,6.0,6.0,斤,,,2026-09-08
肉禽蛋,禽蛋类,生鸭蛋,6.5,7.0,6.75,斤,,,2026-09-08
肉禽蛋,禽蛋类,熟鸭蛋,7.6,8.5,8.05,斤,,,2026-09-08
肉禽蛋,禽蛋类,松花蛋,7.3,8.5,7.9,斤,,,2026-09-08
肉禽蛋,禽蛋类,鹅蛋,15.0,16.0,15.5,斤,,,2026-09-08
肉禽蛋,禽蛋类,鹌鹑蛋,5.6,7.0,6.3,斤,,,2026-09-08
肉禽蛋,禽蛋类,柴鸡蛋,5.45,9.0,7.23,斤,,,2026-09-08
肉禽蛋,禽蛋类,乌鸡蛋,7.8,9.0,8.4,斤,,,2026-09-08
肉禽蛋,禽蛋类,变蛋,0.75,1.0,0.88,个,,,2026-09-08
肉禽蛋,禽蛋类,鸵鸟蛋,65.0,70.0,67.5,个,,,2026-09-08
肉禽蛋,禽蛋类,鸽子蛋,3.0,3.2,3.1,个,,,2026-09-08
肉禽蛋,禽蛋类,活珠子,1.3,1.5,1.4,个,,,2026-09-08
肉禽蛋,禽蛋类,山鸡蛋,1.0,1.0,1.0,个,,,2026-09-08
肉禽蛋,禽蛋类,淘汰鸡,11.0,12.0,11.5,斤,,干净膛,2026-09-07
肉禽蛋,禽蛋类,淘汰鸡,10.0,10.0,10.0,斤,,净膛,2026-09-07
肉禽蛋,禽蛋类,仔鸡,6.5,6.5,6.5,斤,,净膛,2026-09-07
肉禽蛋,禽蛋类,肉鸡,6.5,6.5,6.5,斤,,,2026-09-07
肉禽蛋,禽蛋类,鸡胸,6.5,7.0,6.75,斤,,,2026-09-07
肉禽蛋,禽蛋类,鸡翅,11.0,12.0,11.5,斤,,,2026-09-07
肉禽蛋,禽蛋类,鸡翅尖,7.0,7.5,7.25,斤,,,2026-09-07
肉禽蛋,禽蛋类,鸡翅中,24.0,24.0,24.0,斤,,,2026-09-07
肉禽蛋,禽蛋类,鸡翅根,6.5,7.0,6.75,斤,,,2026-09-07
肉禽蛋,禽蛋类,鸡边腿,5.8,6.0,5.9,斤,,,2026-09-07
肉禽蛋,禽蛋类,鸡排腿,6.5,6.5,6.5,斤,,,2026-09-07
肉禽蛋,禽蛋类,鸡琵琶腿,6.5,6.5,6.5,斤,,,2026-09-07
肉禽蛋,禽蛋类,鸡胗,11.0,13.0,12.0,斤,,,2026-09-07
肉禽蛋,禽蛋类,鸡爪,17.0,17.0,17.0,斤,,,2026-09-07
肉禽蛋,禽蛋类,鸡心,5.0,5.0,5.0,斤,,,2026-09-07
肉禽蛋,禽蛋类,鸡肝,2.5,2.5,2.5,斤,,,2026-09-07
肉禽蛋,禽蛋类,鸡脖子,5.0,5.0,5.0,斤,,去皮,2026-09-07
肉禽蛋,禽蛋类,鸡头,2.5,3.5,3.0,斤,,,2026-09-07
肉禽蛋,禽蛋类,鸡油,5.0,5.0,5.0,斤,,,2026-09-07
肉禽蛋,禽蛋类,鸡架子,3.0,3.5,3.25,斤,,,2026-09-07
肉禽蛋,禽蛋类,白条乌鸡,11.0,11.0,11.0,斤,,净膛,2026-09-07
肉禽蛋,禽蛋类,黑爪公鸡,10.0,11.0,10.5,斤,,净膛,2026-09-07
肉禽蛋,禽蛋类,白条鹅,10.0,11.0,10.5,斤,,净膛,2026-09-07
肉禽蛋,禽蛋类,白条湖鸭,6.8,7.0,6.9,斤,,,2026-09-07
肉禽蛋,禽蛋类,鸭肠,6.5,7.5,7.0,斤,,,2026-09-07
肉禽蛋,禽蛋类,鸭肝,2.5,3.0,2.75,斤,,,2026-09-07
肉禽蛋,禽蛋类,鸭头,12.0,13.0,12.5,斤,,,2026-09-07
肉禽蛋,禽蛋类,鸭心,5.0,5.0,5.0,斤,,,2026-09-07
肉禽蛋,禽蛋类,鸭腿,4.5,5.0,4.75,斤,,,2026-09-07
肉禽蛋,禽蛋类,鸭胗,12.0,14.0,13.0,斤,,,2026-09-07
肉禽蛋,禽蛋类,鸭脖子,7.0,7.5,7.25,斤,,去皮,2026-09-07
肉禽蛋,禽蛋类,白条乳鸽,20.0,23.0,21.5,只,,,2026-09-07
肉禽蛋,禽蛋类,白条兔,14.0,15.0,14.5,斤,,冻,2026-09-07
肉禽蛋,禽蛋类,筐鸡蛋,230.0,235.0,232.5,筐,,净44斤,2026-09-07
肉禽蛋,禽蛋类,筐鸡蛋,5.23,5.34,5.29,斤,,,2026-09-07
肉禽蛋,禽蛋类,箱鸡蛋,245.0,250.0,247.5,箱,,带蛋托净42斤,2026-09-07
肉禽蛋,禽蛋类,散鸡蛋,5.8,6.0,5.9,斤,,,2026-09-07
肉禽蛋,禽蛋类,生鸭蛋,6.5,7.0,6.75,斤,,,2026-09-07
肉禽蛋,禽蛋类,熟鸭蛋,7.6,8.5,8.05,斤,,,2026-09-07
肉禽蛋,禽蛋类,松花蛋,7.3,8.5,7.9,斤,,,2026-09-07
肉禽蛋,禽蛋类,鹅蛋,15.0,16.0,15.5,斤,,,2026-09-07
肉禽蛋,禽蛋类,鹌鹑蛋,5.6,7.0,6.3,斤,,,2026-09-07
肉禽蛋,禽蛋类,柴鸡蛋,5.34,8.8,7.07,斤,,,2026-09-07
肉禽蛋,禽蛋类,乌鸡蛋,7.5,8.0,7.75,斤,,,2026-09-07
肉禽蛋,禽蛋类,变蛋,0.75,1.0,0.88,个,,,2026-09-07
肉禽蛋,禽蛋类,鸵鸟蛋,65.0,70.0,67.5,个,,,2026-09-07
肉禽蛋,禽蛋类,鸽子蛋,3.0,3.2,3.1,个,,,2026-09-07
肉禽蛋,禽蛋类,活珠子,1.3,1.5,1.4,个,,,2026-09-07
肉禽蛋,禽蛋类,山鸡蛋,1.0,1.0,1.0,个,,,2026-09-07
肉禽蛋,禽蛋类,淘汰鸡,11.0,12.0,11.5,斤,,干净膛,2026-09-06
肉禽蛋,禽蛋类,淘汰鸡,10.0,10.5,10.25,斤,,净膛,2026-09-06
肉禽蛋,禽蛋类,仔鸡,6.5,6.5,6.5,斤,,净膛,2026-09-06
肉禽蛋,禽蛋类,肉鸡,6.5,6.5,6.5,斤,,,2026-09-06
肉禽蛋,禽蛋类,鸡胸,6.5,7.0,6.75,斤,,,2026-09-06
肉禽蛋,禽蛋类,鸡翅,11.0,12.0,11.5,斤,,,2026-09-06
肉禽蛋,禽蛋类,鸡翅尖,7.0,7.5,7.25,斤,,,2026-09-06
肉禽蛋,禽蛋类,鸡翅中,24.0,24.0,24.0,斤,,,2026-09-06
肉禽蛋,禽蛋类,鸡翅根,6.5,7.0,6.75,斤,,,2026-09-06
肉禽蛋,禽蛋类,鸡边腿,5.8,6.0,5.9,斤,,,2026-09-06
肉禽蛋,禽蛋类,鸡排腿,6.5,6.5,6.5,斤,,,2026-09-06
肉禽蛋,禽蛋类,鸡琵琶腿,6.5,6.5,6.5,斤,,,2026-09-06
肉禽蛋,禽蛋类,鸡胗,11.0,13.0,12.0,斤,,,2026-09-06
肉禽蛋,禽蛋类,鸡爪,17.0,17.0,17.0,斤,,,2026-09-06
肉禽蛋,禽蛋类,鸡心,5.0,5.0,5.0,斤,,,2026-09-06
肉禽蛋,禽蛋类,鸡肝,2.5,2.5,2.5,斤,,,2026-09-06
肉禽蛋,禽蛋类,鸡脖子,5.0,5.0,5.0,斤,,去皮,2026-09-06
肉禽蛋,禽蛋类,鸡头,2.5,3.5,3.0,斤,,,2026-09-06
肉禽蛋,禽蛋类,鸡油,5.0,5.0,5.0,斤,,,2026-09-06
肉禽蛋,禽蛋类,鸡架子,3.0,3.5,3.25,斤,,,2026-09-06
肉禽蛋,禽蛋类,白条乌鸡,11.0,11.0,11.0,斤,,净膛,2026-09-06
肉禽蛋,禽蛋类,黑爪公鸡,10.0,11.0,10.5,斤,,净膛,2026-09-06
肉禽蛋,禽蛋类,白条鹅,10.0,11.0,10.5,斤,,净膛,2026-09-06
肉禽蛋,禽蛋类,白条湖鸭,6.8,7.0,6.9,斤,,,2026-09-06
肉禽蛋,禽蛋类,鸭肠,6.5,7.5,7.0,斤,,,2026-09-06
肉禽蛋,禽蛋类,鸭肝,2.5,3.0,2.75,斤,,,2026-09-06
肉禽蛋,禽蛋类,鸭头,12.0,13.0,12.5,斤,,,2026-09-06
肉禽蛋,禽蛋类,鸭心,5.0,5.0,5.0,斤,,,2026-09-06
肉禽蛋,禽蛋类,鸭腿,4.5,5.0,4.75,斤,,,2026-09-06
肉禽蛋,禽蛋类,鸭胗,12.0,14.0,13.0,斤,,,2026-09-06
肉禽蛋,禽蛋类,鸭脖子,7.0,7.5,7.25,斤,,去皮,2026-09-06
肉禽蛋,禽蛋类,白条乳鸽,20.0,23.0,21.5,只,,,2026-09-06
肉禽蛋,禽蛋类,白条兔,14.0,15.0,14.5,斤,,冻,2026-09-06
肉禽蛋,禽蛋类,筐鸡蛋,230.0,235.0,232.5,筐,,净44斤,2026-09-06
肉禽蛋,禽蛋类,筐鸡蛋,5.23,5.34,5.29,斤,,,2026-09-06
肉禽蛋,禽蛋类,箱鸡蛋,245.0,250.0,247.5,箱,,带蛋托净42斤,2026-09-06
肉禽蛋,禽蛋类,散鸡蛋,5.8,6.0,5.9,斤,,,2026-09-06
肉禽蛋,禽蛋类,生鸭蛋,6.5,7.0,6.75,斤,,,2026-09-06
肉禽蛋,禽蛋类,熟鸭蛋,7.6,8.5,8.05,斤,,,2026-09-06
肉禽蛋,禽蛋类,松花蛋,7.3,8.5,7.9,斤,,,2026-09-06
肉禽蛋,禽蛋类,鹅蛋,15.5,16.5,16.0,斤,,,2026-09-06
肉禽蛋,禽蛋类,鹌鹑蛋,5.6,7.0,6.3,斤,,,2026-09-06
肉禽蛋,禽蛋类,柴鸡蛋,5.34,8.8,7.07,斤,,,2026-09-06
肉禽蛋,禽蛋类,乌鸡蛋,7.3,8.0,7.65,斤,,,2026-09-06
肉禽蛋,禽蛋类,变蛋,0.75,1.0,0.88,个,,,2026-09-06
肉禽蛋,禽蛋类,鸵鸟蛋,65.0,70.0,67.5,个,,,2026-09-06
肉禽蛋,禽蛋类,鸽子蛋,2.6,2.8,2.7,个,,,2026-09-06
肉禽蛋,禽蛋类,活珠子,1.3,1.5,1.4,个,,,2026-09-06
肉禽蛋,禽蛋类,山鸡蛋,1.0,1.0,1.0,个,,,2026-09-06
肉禽蛋,禽蛋类,淘汰鸡,11.0,12.0,11.5,斤,,干净膛,2026-09-05
肉禽蛋,禽蛋类,淘汰鸡,10.0,10.5,10.25,斤,,净膛,2026-09-05
肉禽蛋,禽蛋类,仔鸡,6.5,6.5,6.5,斤,,净膛,2026-09-05
肉禽蛋,禽蛋类,肉鸡,6.5,6.5,6.5,斤,,,2026-09-05
肉禽蛋,禽蛋类,鸡胸,6.5,7.0,6.75,斤,,,2026-09-05
肉禽蛋,禽蛋类,鸡翅,11.0,12.0,11.5,斤,,,2026-09-05
肉禽蛋,禽蛋类,鸡翅尖,7.0,7.5,7.25,斤,,,2026-09-05
肉禽蛋,禽蛋类,鸡翅中,24.0,24.0,24.0,斤,,,2026-09-05
肉禽蛋,禽蛋类,鸡翅根,6.5,7.0,6.75,斤,,,2026-09-05
肉禽蛋,禽蛋类,鸡边腿,5.8,6.0,5.9,斤,,,2026-09-05
肉禽蛋,禽蛋类,鸡排腿,6.5,6.5,6.5,斤,,,2026-09-05
肉禽蛋,禽蛋类,鸡琵琶腿,6.5,6.5,6.5,斤,,,2026-09-05
肉禽蛋,禽蛋类,鸡胗,11.0,13.0,12.0,斤,,,2026-09-05
肉禽蛋,禽蛋类,鸡爪,17.0,17.0,17.0,斤,,,2026-09-05
肉禽蛋,禽蛋类,鸡心,5.0,5.0,5.0,斤,,,2026-09-05
肉禽蛋,禽蛋类,鸡肝,2.5,2.5,2.5,斤,,,2026-09-05
肉禽蛋,禽蛋类,鸡脖子,5.0,5.0,5.0,斤,,去皮,2026-09-05
肉禽蛋,禽蛋类,鸡头,2.5,3.5,3.0,斤,,,2026-09-05
肉禽蛋,禽蛋类,鸡油,5.0,5.0,5.0,斤,,,2026-09-05
肉禽蛋,禽蛋类,鸡架子,3.0,3.5,3.25,斤,,,2026-09-05
肉禽蛋,禽蛋类,白条乌鸡,11.0,11.0,11.0,斤,,净膛,2026-09-05
肉禽蛋,禽蛋类,黑爪公鸡,10.0,11.0,10.5,斤,,净膛,2026-09-05
肉禽蛋,禽蛋类,白条鹅,10.0,11.0,10.5,斤,,净膛,2026-09-05
肉禽蛋,禽蛋类,白条湖鸭,6.8,7.0,6.9,斤,,,2026-09-05
肉禽蛋,禽蛋类,鸭肠,6.5,7.5,7.0,斤,,,2026-09-05
肉禽蛋,禽蛋类,鸭肝,2.5,3.0,2.75,斤,,,2026-09-05
肉禽蛋,禽蛋类,鸭头,12.0,13.0,12.5,斤,,,2026-09-05
肉禽蛋,禽蛋类,鸭心,5.0,5.0,5.0,斤,,,2026-09-05
肉禽蛋,禽蛋类,鸭腿,4.5,5.0,4.75,斤,,,2026-09-05
肉禽蛋,禽蛋类,鸭胗,12.0,14.0,13.0,斤,,,2026-09-05
肉禽蛋,禽蛋类,鸭脖子,7.0,7.5,7.25,斤,,去皮,2026-09-05
肉禽蛋,禽蛋类,白条乳鸽,20.0,23.0,21.5,只,,,2026-09-05
肉禽蛋,禽蛋类,白条兔,14.0,15.0,14.5,斤,,冻,2026-09-05
肉禽蛋,禽蛋类,筐鸡蛋,230.0,235.0,232.5,筐,,净44斤,2026-09-05
肉禽蛋,禽蛋类,筐鸡蛋,5.23,5.34,5.29,斤,,,2026-09-05
肉禽蛋,禽蛋类,箱鸡蛋,245.0,250.0,247.5,箱,,带蛋托净42斤,2026-09-05
肉禽蛋,禽蛋类,散鸡蛋,5.8,6.0,5.9,斤,,,2026-09-05
肉禽蛋,禽蛋类,生鸭蛋,6.5,7.0,6.75,斤,,,2026-09-05
肉禽蛋,禽蛋类,熟鸭蛋,7.6,8.5,8.05,斤,,,2026-09-05
肉禽蛋,禽蛋类,松花蛋,7.3,8.5,7.9,斤,,,2026-09-05
肉禽蛋,禽蛋类,鹅蛋,15.5,16.5,16.0,斤,,,2026-09-05
肉禽蛋,禽蛋类,鹌鹑蛋,5.6,7.0,6.3,斤,,,2026-09-05
肉禽蛋,禽蛋类,柴鸡蛋,5.34,8.8,7.07,斤,,,2026-09-05
肉禽蛋,禽蛋类,乌鸡蛋,7.3,8.0,7.65,斤,,,2026-09-05
肉禽蛋,禽蛋类,变蛋,0.75,1.0,0.88,个,,,2026-09-05
肉禽蛋,禽蛋类,鸵鸟蛋,65.0,70.0,67.5,个,,,2026-09-05
肉禽蛋,禽蛋类,鸽子蛋,2.6,2.8,2.7,个,,,2026-09-05
肉禽蛋,禽蛋类,活珠子,1.3,1.5,1.4,个,,,2026-09-05
肉禽蛋,禽蛋类,山鸡蛋,1.0,1.0,1.0,个,,,2026-09-05
肉禽蛋,禽蛋类,淘汰鸡,11.0,12.0,11.5,斤,,干净膛,2026-09-04
肉禽蛋,禽蛋类,淘汰鸡,10.0,10.5,10.25,斤,,净膛,2026-09-04
肉禽蛋,禽蛋类,仔鸡,6.5,6.5,6.5,斤,,净膛,2026-09-04
肉禽蛋,禽蛋类,肉鸡,6.5,6.5,6.5,斤,,,2026-09-04
肉禽蛋,禽蛋类,鸡胸,6.5,7.0,6.75,斤,,,2026-09-04
肉禽蛋,禽蛋类,鸡翅,11.0,12.0,11.5,斤,,,2026-09-04
肉禽蛋,禽蛋类,鸡翅尖,7.0,7.5,7.25,斤,,,2026-09-04
肉禽蛋,禽蛋类,鸡翅中,24.0,24.0,24.0,斤,,,2026-09-04
肉禽蛋,禽蛋类,鸡翅根,6.5,7.0,6.75,斤,,,2026-09-04
肉禽蛋,禽蛋类,鸡边腿,5.8,6.0,5.9,斤,,,2026-09-04
肉禽蛋,禽蛋类,鸡排腿,6.5,6.5,6.5,斤,,,2026-09-04
肉禽蛋,禽蛋类,鸡琵琶腿,6.5,6.5,6.5,斤,,,2026-09-04
肉禽蛋,禽蛋类,鸡胗,11.0,13.0,12.0,斤,,,2026-09-04
肉禽蛋,禽蛋类,鸡爪,17.0,17.0,17.0,斤,,,2026-09-04
肉禽蛋,禽蛋类,鸡心,5.0,5.0,5.0,斤,,,2026-09-04
肉禽蛋,禽蛋类,鸡肝,2.5,2.5,2.5,斤,,,2026-09-04
肉禽蛋,禽蛋类,鸡脖子,5.0,5.0,5.0,斤,,去皮,2026-09-04
肉禽蛋,禽蛋类,鸡头,2.5,3.5,3.0,斤,,,2026-09-04
肉禽蛋,禽蛋类,鸡油,5.0,5.0,5.0,斤,,,2026-09-04
肉禽蛋,禽蛋类,鸡架子,3.0,3.5,3.25,斤,,,2026-09-04
肉禽蛋,禽蛋类,白条乌鸡,11.0,11.0,11.0,斤,,净膛,2026-09-04
肉禽蛋,禽蛋类,黑爪公鸡,10.0,11.0,10.5,斤,,净膛,2026-09-04
肉禽蛋,禽蛋类,白条鹅,10.0,11.0,10.5,斤,,净膛,2026-09-04
肉禽蛋,禽蛋类,白条湖鸭,6.8,7.0,6.9,斤,,,2026-09-04
肉禽蛋,禽蛋类,鸭肠,6.5,7.5,7.0,斤,,,2026-09-04
肉禽蛋,禽蛋类,鸭肝,2.5,3.0,2.75,斤,,,2026-09-04
肉禽蛋,禽蛋类,鸭头,12.0,13.0,12.5,斤,,,2026-09-04
肉禽蛋,禽蛋类,鸭心,5.0,5.0,5.0,斤,,,2026-09-04
肉禽蛋,禽蛋类,鸭腿,4.5,5.0,4.75,斤,,,2026-09-04
肉禽蛋,禽蛋类,鸭胗,12.0,14.0,13.0,斤,,,2026-09-04
肉禽蛋,禽蛋类,鸭脖子,7.0,7.5,7.25,斤,,去皮,2026-09-04
肉禽蛋,禽蛋类,白条乳鸽,20.0,23.0,21.5,只,,,2026-09-04
肉禽蛋,禽蛋类,白条兔,14.0,15.0,14.5,斤,,冻,2026-09-04
肉禽蛋,禽蛋类,筐鸡蛋,230.0,235.0,232.5,筐,,净44斤,2026-09-04
肉禽蛋,禽蛋类,筐鸡蛋,5.23,5.34,5.29,斤,,,2026-09-04
肉禽蛋,禽蛋类,箱鸡蛋,245.0,250.0,247.5,箱,,带蛋托净42斤,2026-09-04
肉禽蛋,禽蛋类,散鸡蛋,5.8,6.0,5.9,斤,,,2026-09-04
肉禽蛋,禽蛋类,生鸭蛋,6.5,7.0,6.75,斤,,,2026-09-04
肉禽蛋,禽蛋类,熟鸭蛋,7.6,8.5,8.05,斤,,,2026-09-04
肉禽蛋,禽蛋类,松花蛋,7.3,8.5,7.9,斤,,,2026-09-04
肉禽蛋,禽蛋类,鹅蛋,15.5,16.5,16.0,斤,,,2026-09-04
肉禽蛋,禽蛋类,鹌鹑蛋,5.6,7.0,6.3,斤,,,2026-09-04
肉禽蛋,禽蛋类,柴鸡蛋,5.34,8.8,7.07,斤,,,2026-09-04
肉禽蛋,禽蛋类,乌鸡蛋,7.3,8.0,7.65,斤,,,2026-09-04
肉禽蛋,禽蛋类,变蛋,0.75,1.0,0.88,个,,,2026-09-04
肉禽蛋,禽蛋类,鸵鸟蛋,65.0,70.0,67.5,个,,,2026-09-04
肉禽蛋,禽蛋类,鸽子蛋,2.6,2.8,2.7,个,,,2026-09-04
肉禽蛋,禽蛋类,活珠子,1.3,1.5,1.4,个,,,2026-09-04
肉禽蛋,禽蛋类,山鸡蛋,1.0,1.0,1.0,个,,,2026-09-04
肉禽蛋,禽蛋类,淘汰鸡,11.0,12.0,11.5,斤,,干净膛,2026-09-03
肉禽蛋,禽蛋类,淘汰鸡,10.0,10.5,10.25,斤,,净膛,2026-09-03
肉禽蛋,禽蛋类,仔鸡,6.5,6.5,6.5,斤,,净膛,2026-09-03
肉禽蛋,禽蛋类,肉鸡,6.5,6.5,6.5,斤,,,2026-09-03
肉禽蛋,禽蛋类,鸡胸,6.5,7.0,6.75,斤,,,2026-09-03
肉禽蛋,禽蛋类,鸡翅,11.0,12.0,11.5,斤,,,2026-09-03
肉禽蛋,禽蛋类,鸡翅尖,7.0,7.5,7.25,斤,,,2026-09-03
肉禽蛋,禽蛋类,鸡翅中,24.0,24.0,24.0,斤,,,2026-09-03
肉禽蛋,禽蛋类,鸡翅根,6.5,7.0,6.75,斤,,,2026-09-03
肉禽蛋,禽蛋类,鸡边腿,5.8,6.0,5.9,斤,,,2026-09-03
肉禽蛋,禽蛋类,鸡排腿,6.5,6.5,6.5,斤,,,2026-09-03
肉禽蛋,禽蛋类,鸡琵琶腿,6.5,6.5,6.5,斤,,,2026-09-03
肉禽蛋,禽蛋类,鸡胗,11.0,13.0,12.0,斤,,,2026-09-03
肉禽蛋,禽蛋类,鸡爪,17.0,17.0,17.0,斤,,,2026-09-03
肉禽蛋,禽蛋类,鸡心,5.0,5.0,5.0,斤,,,2026-09-03
肉禽蛋,禽蛋类,鸡肝,2.5,2.5,2.5,斤,,,2026-09-03
肉禽蛋,禽蛋类,鸡脖子,5.0,5.0,5.0,斤,,去皮,2026-09-03
肉禽蛋,禽蛋类,鸡头,2.5,3.5,3.0,斤,,,2026-09-03
肉禽蛋,禽蛋类,鸡油,5.0,5.0,5.0,斤,,,2026-09-03
肉禽蛋,禽蛋类,鸡架子,3.0,3.5,3.25,斤,,,2026-09-03
肉禽蛋,禽蛋类,白条乌鸡,11.0,11.0,11.0,斤,,净膛,2026-09-03
肉禽蛋,禽蛋类,黑爪公鸡,10.0,11.0,10.5,斤,,净膛,2026-09-03
肉禽蛋,禽蛋类,白条鹅,10.0,11.0,10.5,斤,,净膛,2026-09-03
肉禽蛋,禽蛋类,白条湖鸭,6.8,7.0,6.9,斤,,,2026-09-03
肉禽蛋,禽蛋类,鸭肠,6.5,7.5,7.0,斤,,,2026-09-03
肉禽蛋,禽蛋类,鸭肝,2.5,3.0,2.75,斤,,,2026-09-03
肉禽蛋,禽蛋类,鸭头,12.0,13.0,12.5,斤,,,2026-09-03
肉禽蛋,禽蛋类,鸭心,5.0,5.0,5.0,斤,,,2026-09-03
肉禽蛋,禽蛋类,鸭腿,4.5,5.0,4.75,斤,,,2026-09-03
肉禽蛋,禽蛋类,鸭胗,12.0,14.0,13.0,斤,,,2026-09-03
肉禽蛋,禽蛋类,鸭脖子,7.0,7.5,7.25,斤,,去皮,2026-09-03
肉禽蛋,禽蛋类,白条乳鸽,20.0,23.0,21.5,只,,,2026-09-03
肉禽蛋,禽蛋类,白条兔,14.0,15.0,14.5,斤,,冻,2026-09-03
肉禽蛋,禽蛋类,筐鸡蛋,230.0,235.0,232.5,筐,,净44斤,2026-09-03
肉禽蛋,禽蛋类,筐鸡蛋,5.23,5.34,5.29,斤,,,2026-09-03
肉禽蛋,禽蛋类,箱鸡蛋,245.0,250.0,247.5,箱,,带蛋托净42斤,2026-09-03
肉禽蛋,禽蛋类,散鸡蛋,5.8,6.0,5.9,斤,,,2026-09-03
肉禽蛋,禽蛋类,生鸭蛋,6.5,7.0,6.75,斤,,,2026-09-03
肉禽蛋,禽蛋类,熟鸭蛋,7.6,8.5,8.05,斤,,,2026-09-03
肉禽蛋,禽蛋类,松花蛋,7.3,8.5,7.9,斤,,,2026-09-03
肉禽蛋,禽蛋类,鹅蛋,15.5,16.5,16.0,斤,,,2026-09-03
肉禽蛋,禽蛋类,鹌鹑蛋,5.6,7.0,6.3,斤,,,2026-09-03
肉禽蛋,禽蛋类,柴鸡蛋,5.34,8.8,7.07,斤,,,2026-09-03
肉禽蛋,禽蛋类,乌鸡蛋,7.3,8.0,7.65,斤,,,2026-09-03
肉禽蛋,禽蛋类,变蛋,0.75,1.0,0.88,个,,,2026-09-03
肉禽蛋,禽蛋类,鸵鸟蛋,65.0,70.0,67.5,个,,,2026-09-03
肉禽蛋,禽蛋类,鸽子蛋,2.6,2.8,2.7,个,,,2026-09-03
肉禽蛋,禽蛋类,活珠子,1.3,1.5,1.4,个,,,2026-09-03
肉禽蛋,禽蛋类,山鸡蛋,1.0,1.0,1.0,个,,,2026-09-03
肉禽蛋,禽蛋类,淘汰鸡,11.0,12.0,11.5,斤,,干净膛,2026-09-03
肉禽蛋,禽蛋类,淘汰鸡,10.0,10.5,10.25,斤,,净膛,2026-09-03
肉禽蛋,禽蛋类,仔鸡,6.5,6.5,6.5,斤,,净膛,2026-09-03
肉禽蛋,禽蛋类,肉鸡,6.5,6.5,6.5,斤,,,2026-09-03
肉禽蛋,禽蛋类,鸡胸,6.5,7.0,6.75,斤,,,2026-09-03
肉禽蛋,禽蛋类,鸡翅,11.0,12.0,11.5,斤,,,2026-09-03
肉禽蛋,禽蛋类,鸡翅尖,7.0,7.5,7.25,斤,,,2026-09-03
肉禽蛋,禽蛋类,鸡翅中,24.0,24.0,24.0,斤,,,2026-09-03
肉禽蛋,禽蛋类,鸡翅根,6.5,7.0,6.75,斤,,,2026-09-03
肉禽蛋,禽蛋类,鸡边腿,5.8,6.0,5.9,斤,,,2026-09-03
肉禽蛋,禽蛋类,鸡排腿,6.5,6.5,6.5,斤,,,2026-09-03
肉禽蛋,禽蛋类,鸡琵琶腿,6.5,6.5,6.5,斤,,,2026-09-03
肉禽蛋,禽蛋类,鸡胗,11.0,13.0,12.0,斤,,,2026-09-03
肉禽蛋,禽蛋类,鸡爪,17.0,17.0,17.0,斤,,,2026-09-03
肉禽蛋,禽蛋类,鸡心,5.0,5.0,5.0,斤,,,2026-09-03
肉禽蛋,禽蛋类,鸡肝,2.5,2.5,2.5,斤,,,2026-09-03
肉禽蛋,禽蛋类,鸡脖子,5.0,5.0,5.0,斤,,去皮,2026-09-03
肉禽蛋,禽蛋类,鸡头,2.5,3.5,3.0,斤,,,2026-09-03
肉禽蛋,禽蛋类,鸡油,5.0,5.0,5.0,斤,,,2026-09-03
肉禽蛋,禽蛋类,鸡架子,3.0,3.5,3.25,斤,,,2026-09-03
肉禽蛋,禽蛋类,白条乌鸡,11.0,11.0,11.0,斤,,净膛,2026-09-03
肉禽蛋,禽蛋类,黑爪公鸡,10.0,11.0,10.5,斤,,净膛,2026-09-03
肉禽蛋,禽蛋类,白条鹅,10.0,11.0,10.5,斤,,净膛,2026-09-03
肉禽蛋,禽蛋类,白条湖鸭,6.8,7.0,6.9,斤,,,2026-09-03
肉禽蛋,禽蛋类,鸭肠,6.5,7.5,7.0,斤,,,2026-09-03
肉禽蛋,禽蛋类,鸭肝,2.5,3.0,2.75,斤,,,2026-09-03
肉禽蛋,禽蛋类,鸭头,12.0,13.0,12.5,斤,,,2026-09-03
肉禽蛋,禽蛋类,鸭心,5.0,5.0,5.0,斤,,,2026-09-03
肉禽蛋,禽蛋类,鸭腿,4.5,5.0,4.75,斤,,,2026-09-03
肉禽蛋,禽蛋类,鸭胗,12.0,14.0,13.0,斤,,,2026-09-03
肉禽蛋,禽蛋类,鸭脖子,7.0,7.5,7.25,斤,,去皮,2026-09-03
肉禽蛋,禽蛋类,白条乳鸽,20.0,23.0,21.5,只,,,2026-09-03
肉禽蛋,禽蛋类,白条兔,14.0,15.0,14.5,斤,,冻,2026-09-03
肉禽蛋,禽蛋类,筐鸡蛋,230.0,235.0,232.5,筐,,净44斤,2026-09-03
肉禽蛋,禽蛋类,筐鸡蛋,5.23,5.34,5.29,斤,,,2026-09-03
肉禽蛋,禽蛋类,箱鸡蛋,245.0,250.0,247.5,箱,,带蛋托净42斤,2026-09-03
肉禽蛋,禽蛋类,散鸡蛋,5.8,6.0,5.9,斤,,,2026-09-03
肉禽蛋,禽蛋类,生鸭蛋,6.5,7.0,6.75,斤,,,2026-09-03
肉禽蛋,禽蛋类,熟鸭蛋,7.6,8.5,8.05,斤,,,2026-09-03
肉禽蛋,禽蛋类,松花蛋,7.3,8.5,7.9,斤,,,2026-09-03
肉禽蛋,禽蛋类,鹅蛋,15.5,16.5,16.0,斤,,,2026-09-03
肉禽蛋,禽蛋类,鹌鹑蛋,5.7,7.0,6.35,斤,,,2026-09-03
肉禽蛋,禽蛋类,柴鸡蛋,5.34,8.8,7.07,斤,,,2026-09-03
肉禽蛋,禽蛋类,乌鸡蛋,7.3,8.0,7.65,斤,,,2026-09-03
肉禽蛋,禽蛋类,变蛋,0.75,1.0,0.88,个,,,2026-09-03
肉禽蛋,禽蛋类,鸵鸟蛋,65.0,70.0,67.5,个,,,2026-09-03
肉禽蛋,禽蛋类,鸽子蛋,2.6,2.8,2.7,个,,,2026-09-03
肉禽蛋,禽蛋类,活珠子,1.3,1.5,1.4,个,,,2026-09-03
肉禽蛋,禽蛋类,山鸡蛋,1.0,1.0,1.0,个,,,2026-09-03
肉禽蛋,禽蛋类,淘汰鸡,11.0,12.0,11.5,斤,,干净膛,2026-09-02
肉禽蛋,禽蛋类,淘汰鸡,10.0,10.5,10.25,斤,,净膛,2026-09-02
肉禽蛋,禽蛋类,仔鸡,6.5,6.5,6.5,斤,,净膛,2026-09-02
肉禽蛋,禽蛋类,肉鸡,6.5,6.5,6.5,斤,,,2026-09-02
肉禽蛋,禽蛋类,鸡胸,6.5,7.0,6.75,斤,,,2026-09-02
肉禽蛋,禽蛋类,鸡翅,11.0,12.0,11.5,斤,,,2026-09-02
肉禽蛋,禽蛋类,鸡翅尖,7.0,7.5,7.25,斤,,,2026-09-02
肉禽蛋,禽蛋类,鸡翅中,24.0,24.0,24.0,斤,,,2026-09-02
肉禽蛋,禽蛋类,鸡翅根,6.5,7.0,6.75,斤,,,2026-09-02
肉禽蛋,禽蛋类,鸡边腿,5.8,6.0,5.9,斤,,,2026-09-02
肉禽蛋,禽蛋类,鸡排腿,6.5,6.5,6.5,斤,,,2026-09-02
肉禽蛋,禽蛋类,鸡琵琶腿,6.5,6.5,6.5,斤,,,2026-09-02
肉禽蛋,禽蛋类,鸡胗,11.0,13.0,12.0,斤,,,2026-09-02
肉禽蛋,禽蛋类,鸡爪,17.0,17.0,17.0,斤,,,2026-09-02
肉禽蛋,禽蛋类,鸡心,5.0,5.0,5.0,斤,,,2026-09-02
肉禽蛋,禽蛋类,鸡肝,2.5,2.5,2.5,斤,,,2026-09-02
肉禽蛋,禽蛋类,鸡脖子,5.0,5.0,5.0,斤,,去皮,2026-09-02
肉禽蛋,禽蛋类,鸡头,2.5,3.5,3.0,斤,,,2026-09-02
肉禽蛋,禽蛋类,鸡油,5.0,5.0,5.0,斤,,,2026-09-02
肉禽蛋,禽蛋类,鸡架子,3.0,3.5,3.25,斤,,,2026-09-02
肉禽蛋,禽蛋类,白条乌鸡,11.0,11.0,11.0,斤,,净膛,2026-09-02
肉禽蛋,禽蛋类,黑爪公鸡,10.0,11.0,10.5,斤,,净膛,2026-09-02
肉禽蛋,禽蛋类,白条鹅,10.0,11.0,10.5,斤,,净膛,2026-09-02
肉禽蛋,禽蛋类,白条湖鸭,6.8,7.0,6.9,斤,,,2026-09-02
肉禽蛋,禽蛋类,鸭肠,6.5,7.5,7.0,斤,,,2026-09-02
肉禽蛋,禽蛋类,鸭肝,2.5,3.0,2.75,斤,,,2026-09-02
肉禽蛋,禽蛋类,鸭头,12.0,13.0,12.5,斤,,,2026-09-02
肉禽蛋,禽蛋类,鸭心,5.0,5.0,5.0,斤,,,2026-09-02
肉禽蛋,禽蛋类,鸭腿,4.5,5.0,4.75,斤,,,2026-09-02
肉禽蛋,禽蛋类,鸭胗,12.0,14.0,13.0,斤,,,2026-09-02
肉禽蛋,禽蛋类,鸭脖子,7.0,7.5,7.25,斤,,去皮,2026-09-02
肉禽蛋,禽蛋类,白条乳鸽,20.0,23.0,21.5,只,,,2026-09-02
肉禽蛋,禽蛋类,白条兔,14.0,15.0,14.5,斤,,冻,2026-09-02
肉禽蛋,禽蛋类,筐鸡蛋,230.0,235.0,232.5,筐,,净44斤,2026-09-02
肉禽蛋,禽蛋类,筐鸡蛋,5.23,5.34,5.29,斤,,,2026-09-02
肉禽蛋,禽蛋类,箱鸡蛋,245.0,250.0,247.5,箱,,带蛋托净42斤,2026-09-02
肉禽蛋,禽蛋类,散鸡蛋,5.8,6.0,5.9,斤,,,2026-09-02
肉禽蛋,禽蛋类,生鸭蛋,6.5,7.0,6.75,斤,,,2026-09-02
肉禽蛋,禽蛋类,熟鸭蛋,7.6,8.5,8.05,斤,,,2026-09-02
肉禽蛋,禽蛋类,松花蛋,7.3,8.5,7.9,斤,,,2026-09-02
肉禽蛋,禽蛋类,鹅蛋,15.5,16.5,16.0,斤,,,2026-09-02
肉禽蛋,禽蛋类,鹌鹑蛋,5.7,7.0,6.35,斤,,,2026-09-02
肉禽蛋,禽蛋类,柴鸡蛋,5.34,8.8,7.07,斤,,,2026-09-02
肉禽蛋,禽蛋类,乌鸡蛋,7.3,8.0,7.65,斤,,,2026-09-02
肉禽蛋,禽蛋类,变蛋,0.75,1.0,0.88,个,,,2026-09-02
肉禽蛋,禽蛋类,鸵鸟蛋,65.0,70.0,67.5,个,,,2026-09-02
肉禽蛋,禽蛋类,鸽子蛋,2.6,2.8,2.7,个,,,2026-09-02
肉禽蛋,禽蛋类,活珠子,1.3,1.5,1.4,个,,,2026-09-02
肉禽蛋,禽蛋类,山鸡蛋,1.0,1.0,1.0,个,,,2026-09-02
肉禽蛋,禽蛋类,淘汰鸡,11.0,12.0,11.5,斤,,干净膛,2026-09-01
肉禽蛋,禽蛋类,淘汰鸡,10.0,10.5,10.25,斤,,净膛,2026-09-01
肉禽蛋,禽蛋类,仔鸡,6.5,6.5,6.5,斤,,净膛,2026-09-01
肉禽蛋,禽蛋类,肉鸡,6.5,6.5,6.5,斤,,,2026-09-01
肉禽蛋,禽蛋类,鸡胸,6.5,7.0,6.75,斤,,,2026-09-01
肉禽蛋,禽蛋类,鸡翅,11.0,12.0,11.5,斤,,,2026-09-01
肉禽蛋,禽蛋类,鸡翅尖,7.0,7.5,7.25,斤,,,2026-09-01
肉禽蛋,禽蛋类,鸡翅中,24.0,24.0,24.0,斤,,,2026-09-01
肉禽蛋,禽蛋类,鸡翅根,6.5,7.0,6.75,斤,,,2026-09-01
肉禽蛋,禽蛋类,鸡边腿,5.8,6.0,5.9,斤,,,2026-09-01
肉禽蛋,禽蛋类,鸡排腿,6.5,6.5,6.5,斤,,,2026-09-01
肉禽蛋,禽蛋类,鸡琵琶腿,6.5,6.5,6.5,斤,,,2026-09-01
肉禽蛋,禽蛋类,鸡胗,11.0,13.0,12.0,斤,,,2026-09-01
肉禽蛋,禽蛋类,鸡爪,17.0,17.0,17.0,斤,,,2026-09-01
肉禽蛋,禽蛋类,鸡心,5.0,5.0,5.0,斤,,,2026-09-01
肉禽蛋,禽蛋类,鸡肝,2.5,2.5,2.5,斤,,,2026-09-01
肉禽蛋,禽蛋类,鸡脖子,5.0,5.0,5.0,斤,,去皮,2026-09-01
肉禽蛋,禽蛋类,鸡头,2.5,3.5,3.0,斤,,,2026-09-01
肉禽蛋,禽蛋类,鸡油,5.0,5.0,5.0,斤,,,2026-09-01
肉禽蛋,禽蛋类,鸡架子,3.0,3.5,3.25,斤,,,2026-09-01
肉禽蛋,禽蛋类,白条乌鸡,11.0,11.0,11.0,斤,,净膛,2026-09-01
肉禽蛋,禽蛋类,黑爪公鸡,10.0,11.0,10.5,斤,,净膛,2026-09-01
肉禽蛋,禽蛋类,白条鹅,10.0,11.0,10.5,斤,,净膛,2026-09-01
肉禽蛋,禽蛋类,白条湖鸭,7.0,7.0,7.0,斤,,,2026-09-01
肉禽蛋,禽蛋类,鸭肠,6.5,7.5,7.0,斤,,,2026-09-01
肉禽蛋,禽蛋类,鸭肝,2.5,3.0,2.75,斤,,,2026-09-01
肉禽蛋,禽蛋类,鸭头,12.0,13.0,12.5,斤,,,2026-09-01
肉禽蛋,禽蛋类,鸭心,5.0,5.0,5.0,斤,,,2026-09-01
肉禽蛋,禽蛋类,鸭腿,4.5,5.0,4.75,斤,,,2026-09-01
肉禽蛋,禽蛋类,鸭胗,12.0,14.0,13.0,斤,,,2026-09-01
肉禽蛋,禽蛋类,鸭脖子,7.0,7.5,7.25,斤,,去皮,2026-09-01
肉禽蛋,禽蛋类,白条乳鸽,20.0,23.0,21.5,只,,,2026-09-01
肉禽蛋,禽蛋类,白条兔,14.0,15.0,14.5,斤,,冻,2026-09-01
肉禽蛋,禽蛋类,筐鸡蛋,230.0,235.0,232.5,筐,,净44斤,2026-09-01
肉禽蛋,禽蛋类,筐鸡蛋,5.23,5.34,5.29,斤,,,2026-09-01
肉禽蛋,禽蛋类,箱鸡蛋,245.0,250.0,247.5,箱,,带蛋托净42斤,2026-09-01
肉禽蛋,禽蛋类,散鸡蛋,5.8,6.0,5.9,斤,,,2026-09-01
肉禽蛋,禽蛋类,生鸭蛋,6.5,7.0,6.75,斤,,,2026-09-01
肉禽蛋,禽蛋类,熟鸭蛋,7.6,8.5,8.05,斤,,,2026-09-01
肉禽蛋,禽蛋类,松花蛋,7.3,8.5,7.9,斤,,,2026-09-01
肉禽蛋,禽蛋类,鹅蛋,15.5,17.0,16.25,斤,,,2026-09-01
肉禽蛋,禽蛋类,鹌鹑蛋,5.7,7.0,6.35,斤,,,2026-09-01
肉禽蛋,禽蛋类,柴鸡蛋,5.34,8.8,7.07,斤,,,2026-09-01
肉禽蛋,禽蛋类,乌鸡蛋,7.3,8.0,7.65,斤,,,2026-09-01
肉禽蛋,禽蛋类,变蛋,0.75,1.0,0.88,个,,,2026-09-01
肉禽蛋,禽蛋类,鸵鸟蛋,65.0,65.0,65.0,个,,,2026-09-01
肉禽蛋,禽蛋类,鸽子蛋,2.6,2.8,2.7,个,,,2026-09-01
肉禽蛋,禽蛋类,活珠子,1.3,1.5,1.4,个,,,2026-09-01
肉禽蛋,禽蛋类,山鸡蛋,1.0,1.0,1.0,个,,,2026-09-01
肉禽蛋,禽蛋类,淘汰鸡,11.0,12.0,11.5,斤,,干净膛,2026-08-31
肉禽蛋,禽蛋类,淘汰鸡,10.0,10.5,10.25,斤,,净膛,2026-08-31
肉禽蛋,禽蛋类,仔鸡,6.5,6.5,6.5,斤,,净膛,2026-08-31
肉禽蛋,禽蛋类,肉鸡,6.5,6.5,6.5,斤,,,2026-08-31
肉禽蛋,禽蛋类,鸡胸,6.5,7.0,6.75,斤,,,2026-08-31
肉禽蛋,禽蛋类,鸡翅,11.0,12.0,11.5,斤,,,2026-08-31
肉禽蛋,禽蛋类,鸡翅尖,7.0,7.5,7.25,斤,,,2026-08-31
肉禽蛋,禽蛋类,鸡翅中,24.0,24.0,24.0,斤,,,2026-08-31
肉禽蛋,禽蛋类,鸡翅根,6.5,7.0,6.75,斤,,,2026-08-31
肉禽蛋,禽蛋类,鸡边腿,5.8,6.0,5.9,斤,,,2026-08-31
肉禽蛋,禽蛋类,鸡排腿,6.5,6.5,6.5,斤,,,2026-08-31
肉禽蛋,禽蛋类,鸡琵琶腿,6.5,6.5,6.5,斤,,,2026-08-31
肉禽蛋,禽蛋类,鸡胗,11.0,13.0,12.0,斤,,,2026-08-31
肉禽蛋,禽蛋类,鸡爪,17.0,17.0,17.0,斤,,,2026-08-31
肉禽蛋,禽蛋类,鸡心,5.0,5.0,5.0,斤,,,2026-08-31
肉禽蛋,禽蛋类,鸡肝,2.5,2.5,2.5,斤,,,2026-08-31
肉禽蛋,禽蛋类,鸡脖子,5.0,5.0,5.0,斤,,去皮,2026-08-31
肉禽蛋,禽蛋类,鸡头,2.5,3.5,3.0,斤,,,2026-08-31
肉禽蛋,禽蛋类,鸡油,5.0,5.0,5.0,斤,,,2026-08-31
肉禽蛋,禽蛋类,鸡架子,3.0,3.5,3.25,斤,,,2026-08-31
肉禽蛋,禽蛋类,白条乌鸡,11.0,11.0,11.0,斤,,净膛,2026-08-31
肉禽蛋,禽蛋类,黑爪公鸡,10.0,11.0,10.5,斤,,净膛,2026-08-31
肉禽蛋,禽蛋类,白条鹅,10.0,11.0,10.5,斤,,净膛,2026-08-31
肉禽蛋,禽蛋类,白条湖鸭,7.0,7.0,7.0,斤,,,2026-08-31
肉禽蛋,禽蛋类,鸭肠,6.5,7.5,7.0,斤,,,2026-08-31
肉禽蛋,禽蛋类,鸭肝,2.5,3.0,2.75,斤,,,2026-08-31
肉禽蛋,禽蛋类,鸭头,12.0,13.0,12.5,斤,,,2026-08-31
肉禽蛋,禽蛋类,鸭心,5.0,5.0,5.0,斤,,,2026-08-31
肉禽蛋,禽蛋类,鸭腿,4.5,5.0,4.75,斤,,,2026-08-31
肉禽蛋,禽蛋类,鸭胗,12.0,14.0,13.0,斤,,,2026-08-31
肉禽蛋,禽蛋类,鸭脖子,7.0,7.5,7.25,斤,,去皮,2026-08-31
肉禽蛋,禽蛋类,白条乳鸽,20.0,23.0,21.5,只,,,2026-08-31
肉禽蛋,禽蛋类,白条兔,14.0,15.0,14.5,斤,,冻,2026-08-31
肉禽蛋,禽蛋类,筐鸡蛋,230.0,237.0,233.5,筐,,净44斤,2026-08-31
肉禽蛋,禽蛋类,筐鸡蛋,5.23,5.39,5.31,斤,,,2026-08-31
肉禽蛋,禽蛋类,箱鸡蛋,247.0,252.0,249.5,箱,,带蛋托净42斤,2026-08-31
肉禽蛋,禽蛋类,散鸡蛋,5.8,6.0,5.9,斤,,,2026-08-31
肉禽蛋,禽蛋类,生鸭蛋,6.5,7.0,6.75,斤,,,2026-08-31
肉禽蛋,禽蛋类,熟鸭蛋,7.5,8.5,8.0,斤,,,2026-08-31
肉禽蛋,禽蛋类,松花蛋,7.3,8.5,7.9,斤,,,2026-08-31
肉禽蛋,禽蛋类,鹅蛋,15.5,17.0,16.25,斤,,,2026-08-31
肉禽蛋,禽蛋类,鹌鹑蛋,5.7,7.0,6.35,斤,,,2026-08-31
肉禽蛋,禽蛋类,柴鸡蛋,5.39,9.0,7.2,斤,,,2026-08-31
肉禽蛋,禽蛋类,乌鸡蛋,7.3,8.0,7.65,斤,,,2026-08-31
肉禽蛋,禽蛋类,变蛋,0.75,1.0,0.88,个,,,2026-08-31
肉禽蛋,禽蛋类,鸵鸟蛋,65.0,65.0,65.0,个,,,2026-08-31
肉禽蛋,禽蛋类,鸽子蛋,2.6,2.8,2.7,个,,,2026-08-31
肉禽蛋,禽蛋类,活珠子,1.3,1.5,1.4,个,,,2026-08-31
肉禽蛋,禽蛋类,山鸡蛋,1.0,1.0,1.0,个,,,2026-08-31
肉禽蛋,禽蛋类,淘汰鸡,11.0,12.0,11.5,斤,,干净膛,2026-08-30
肉禽蛋,禽蛋类,淘汰鸡,10.0,10.5,10.25,斤,,净膛,2026-08-30
肉禽蛋,禽蛋类,仔鸡,6.5,6.5,6.5,斤,,净膛,2026-08-30
肉禽蛋,禽蛋类,肉鸡,6.5,6.5,6.5,斤,,,2026-08-30
肉禽蛋,禽蛋类,鸡胸,6.5,7.0,6.75,斤,,,2026-08-30
肉禽蛋,禽蛋类,鸡翅,11.0,12.0,11.5,斤,,,2026-08-30
肉禽蛋,禽蛋类,鸡翅尖,7.0,7.5,7.25,斤,,,2026-08-30
肉禽蛋,禽蛋类,鸡翅中,24.0,24.0,24.0,斤,,,2026-08-30
肉禽蛋,禽蛋类,鸡翅根,6.5,7.0,6.75,斤,,,2026-08-30
肉禽蛋,禽蛋类,鸡边腿,5.8,6.0,5.9,斤,,,2026-08-30
肉禽蛋,禽蛋类,鸡排腿,6.5,6.5,6.5,斤,,,2026-08-30
肉禽蛋,禽蛋类,鸡琵琶腿,6.5,6.5,6.5,斤,,,2026-08-30
肉禽蛋,禽蛋类,鸡胗,11.0,13.0,12.0,斤,,,2026-08-30
肉禽蛋,禽蛋类,鸡爪,17.0,17.0,17.0,斤,,,2026-08-30
肉禽蛋,禽蛋类,鸡心,5.0,5.0,5.0,斤,,,2026-08-30
肉禽蛋,禽蛋类,鸡肝,2.5,2.5,2.5,斤,,,2026-08-30
肉禽蛋,禽蛋类,鸡脖子,5.0,5.0,5.0,斤,,去皮,2026-08-30
肉禽蛋,禽蛋类,鸡头,2.5,3.5,3.0,斤,,,2026-08-30
肉禽蛋,禽蛋类,鸡油,5.0,5.0,5.0,斤,,,2026-08-30
肉禽蛋,禽蛋类,鸡架子,3.0,3.5,3.25,斤,,,2026-08-30
肉禽蛋,禽蛋类,白条乌鸡,11.0,11.0,11.0,斤,,净膛,2026-08-30
肉禽蛋,禽蛋类,黑爪公鸡,10.0,11.0,10.5,斤,,净膛,2026-08-30
肉禽蛋,禽蛋类,白条鹅,10.0,11.0,10.5,斤,,净膛,2026-08-30
肉禽蛋,禽蛋类,白条湖鸭,7.0,7.0,7.0,斤,,,2026-08-30
肉禽蛋,禽蛋类,鸭肠,6.5,7.5,7.0,斤,,,2026-08-30
肉禽蛋,禽蛋类,鸭肝,2.5,3.0,2.75,斤,,,2026-08-30
肉禽蛋,禽蛋类,鸭头,12.0,13.0,12.5,斤,,,2026-08-30
肉禽蛋,禽蛋类,鸭心,5.0,5.0,5.0,斤,,,2026-08-30
肉禽蛋,禽蛋类,鸭腿,4.5,5.0,4.75,斤,,,2026-08-30
肉禽蛋,禽蛋类,鸭胗,12.0,14.0,13.0,斤,,,2026-08-30
肉禽蛋,禽蛋类,鸭脖子,7.0,7.5,7.25,斤,,去皮,2026-08-30
肉禽蛋,禽蛋类,白条乳鸽,20.0,23.0,21.5,只,,,2026-08-30
肉禽蛋,禽蛋类,白条兔,14.0,15.0,14.5,斤,,冻,2026-08-30
肉禽蛋,禽蛋类,筐鸡蛋,235.0,242.0,238.5,筐,,净44斤,2026-08-30
肉禽蛋,禽蛋类,筐鸡蛋,5.34,5.5,5.42,斤,,,2026-08-30
肉禽蛋,禽蛋类,箱鸡蛋,252.0,257.0,254.5,箱,,带蛋托净42斤,2026-08-30
肉禽蛋,禽蛋类,散鸡蛋,5.8,6.0,5.9,斤,,,2026-08-30
肉禽蛋,禽蛋类,生鸭蛋,6.5,7.0,6.75,斤,,,2026-08-30
肉禽蛋,禽蛋类,熟鸭蛋,7.5,8.5,8.0,斤,,,2026-08-30
肉禽蛋,禽蛋类,松花蛋,7.3,8.5,7.9,斤,,,2026-08-30
肉禽蛋,禽蛋类,鹅蛋,15.5,16.5,16.0,斤,,,2026-08-30
肉禽蛋,禽蛋类,鹌鹑蛋,5.8,7.0,6.4,斤,,,2026-08-30
肉禽蛋,禽蛋类,柴鸡蛋,5.42,9.0,7.21,斤,,,2026-08-30
肉禽蛋,禽蛋类,乌鸡蛋,7.3,8.0,7.65,斤,,,2026-08-30
肉禽蛋,禽蛋类,变蛋,0.75,1.0,0.88,个,,,2026-08-30
肉禽蛋,禽蛋类,鸵鸟蛋,65.0,65.0,65.0,个,,,2026-08-30
肉禽蛋,禽蛋类,鸽子蛋,2.7,2.8,2.75,个,,,2026-08-30
肉禽蛋,禽蛋类,活珠子,1.3,1.5,1.4,个,,,2026-08-30
肉禽蛋,禽蛋类,山鸡蛋,1.0,1.0,1.0,个,,,2026-08-30
肉禽蛋,禽蛋类,淘汰鸡,11.0,12.0,11.5,斤,,干净膛,2026-08-29
肉禽蛋,禽蛋类,淘汰鸡,10.0,10.5,10.25,斤,,净膛,2026-08-29
肉禽蛋,禽蛋类,仔鸡,6.5,6.5,6.5,斤,,净膛,2026-08-29
肉禽蛋,禽蛋类,肉鸡,6.5,6.5,6.5,斤,,,2026-08-29
肉禽蛋,禽蛋类,鸡胸,6.5,7.0,6.75,斤,,,2026-08-29
肉禽蛋,禽蛋类,鸡翅,11.0,12.0,11.5,斤,,,2026-08-29
肉禽蛋,禽蛋类,鸡翅尖,7.0,7.5,7.25,斤,,,2026-08-29
肉禽蛋,禽蛋类,鸡翅中,24.0,24.0,24.0,斤,,,2026-08-29
肉禽蛋,禽蛋类,鸡翅根,6.5,7.0,6.75,斤,,,2026-08-29
肉禽蛋,禽蛋类,鸡边腿,5.8,6.0,5.9,斤,,,2026-08-29
肉禽蛋,禽蛋类,鸡排腿,6.5,6.5,6.5,斤,,,2026-08-29
肉禽蛋,禽蛋类,鸡琵琶腿,6.5,6.5,6.5,斤,,,2026-08-29
肉禽蛋,禽蛋类,鸡胗,11.0,13.0,12.0,斤,,,2026-08-29
肉禽蛋,禽蛋类,鸡爪,17.0,17.0,17.0,斤,,,2026-08-29
肉禽蛋,禽蛋类,鸡心,5.0,5.0,5.0,斤,,,2026-08-29
肉禽蛋,禽蛋类,鸡肝,2.5,2.5,2.5,斤,,,2026-08-29
肉禽蛋,禽蛋类,鸡脖子,5.0,5.0,5.0,斤,,去皮,2026-08-29
肉禽蛋,禽蛋类,鸡头,2.5,3.5,3.0,斤,,,2026-08-29
肉禽蛋,禽蛋类,鸡油,5.0,5.0,5.0,斤,,,2026-08-29
肉禽蛋,禽蛋类,鸡架子,3.0,3.5,3.25,斤,,,2026-08-29
肉禽蛋,禽蛋类,白条乌鸡,11.0,11.0,11.0,斤,,净膛,2026-08-29
肉禽蛋,禽蛋类,黑爪公鸡,10.0,11.0,10.5,斤,,净膛,2026-08-29
肉禽蛋,禽蛋类,白条鹅,10.0,11.0,10.5,斤,,净膛,2026-08-29
肉禽蛋,禽蛋类,白条湖鸭,7.0,7.0,7.0,斤,,,2026-08-29
肉禽蛋,禽蛋类,鸭肠,6.5,7.5,7.0,斤,,,2026-08-29
肉禽蛋,禽蛋类,鸭肝,2.5,3.0,2.75,斤,,,2026-08-29
肉禽蛋,禽蛋类,鸭头,12.0,13.0,12.5,斤,,,2026-08-29
肉禽蛋,禽蛋类,鸭心,5.0,5.0,5.0,斤,,,2026-08-29
肉禽蛋,禽蛋类,鸭腿,4.5,5.0,4.75,斤,,,2026-08-29
肉禽蛋,禽蛋类,鸭胗,12.0,14.0,13.0,斤,,,2026-08-29
肉禽蛋,禽蛋类,鸭脖子,7.0,7.5,7.25,斤,,去皮,2026-08-29
肉禽蛋,禽蛋类,白条乳鸽,20.0,23.0,21.5,只,,,2026-08-29
肉禽蛋,禽蛋类,白条兔,14.0,15.0,14.5,斤,,冻,2026-08-29
肉禽蛋,禽蛋类,筐鸡蛋,240.0,245.0,242.5,筐,,净44斤,2026-08-29
肉禽蛋,禽蛋类,筐鸡蛋,5.45,5.57,5.51,斤,,,2026-08-29
肉禽蛋,禽蛋类,箱鸡蛋,255.0,260.0,257.5,箱,,带蛋托净42斤,2026-08-29
肉禽蛋,禽蛋类,散鸡蛋,6.0,6.0,6.0,斤,,,2026-08-29
肉禽蛋,禽蛋类,生鸭蛋,6.5,7.0,6.75,斤,,,2026-08-29
肉禽蛋,禽蛋类,熟鸭蛋,7.5,8.5,8.0,斤,,,2026-08-29
肉禽蛋,禽蛋类,松花蛋,7.3,8.5,7.9,斤,,,2026-08-29
肉禽蛋,禽蛋类,鹅蛋,15.5,16.5,16.0,斤,,,2026-08-29
肉禽蛋,禽蛋类,鹌鹑蛋,5.8,7.0,6.4,斤,,,2026-08-29
肉禽蛋,禽蛋类,柴鸡蛋,5.57,9.0,7.29,斤,,,2026-08-29
肉禽蛋,禽蛋类,乌鸡蛋,7.3,8.0,7.65,斤,,,2026-08-29
肉禽蛋,禽蛋类,变蛋,0.75,1.0,0.88,个,,,2026-08-29
肉禽蛋,禽蛋类,鸵鸟蛋,65.0,65.0,65.0,个,,,2026-08-29
肉禽蛋,禽蛋类,鸽子蛋,2.7,2.8,2.75,个,,,2026-08-29
肉禽蛋,禽蛋类,活珠子,1.3,1.5,1.4,个,,,2026-08-29
肉禽蛋,禽蛋类,山鸡蛋,1.0,1.0,1.0,个,,,2026-08-29
肉禽蛋,禽蛋类,淘汰鸡,11.0,12.0,11.5,斤,,干净膛,2026-08-28
肉禽蛋,禽蛋类,淘汰鸡,10.0,10.5,10.25,斤,,净膛,2026-08-28
肉禽蛋,禽蛋类,仔鸡,6.5,6.5,6.5,斤,,净膛,2026-08-28
肉禽蛋,禽蛋类,肉鸡,6.5,6.5,6.5,斤,,,2026-08-28
肉禽蛋,禽蛋类,鸡胸,6.5,7.0,6.75,斤,,,2026-08-28
肉禽蛋,禽蛋类,鸡翅,11.0,12.0,11.5,斤,,,2026-08-28
肉禽蛋,禽蛋类,鸡翅尖,7.0,7.5,7.25,斤,,,2026-08-28
肉禽蛋,禽蛋类,鸡翅中,24.0,24.0,24.0,斤,,,2026-08-28
肉禽蛋,禽蛋类,鸡翅根,6.5,7.0,6.75,斤,,,2026-08-28
肉禽蛋,禽蛋类,鸡边腿,5.8,6.0,5.9,斤,,,2026-08-28
肉禽蛋,禽蛋类,鸡排腿,6.5,6.5,6.5,斤,,,2026-08-28
肉禽蛋,禽蛋类,鸡琵琶腿,6.5,6.5,6.5,斤,,,2026-08-28
肉禽蛋,禽蛋类,鸡胗,11.0,13.0,12.0,斤,,,2026-08-28
肉禽蛋,禽蛋类,鸡爪,17.0,17.0,17.0,斤,,,2026-08-28
肉禽蛋,禽蛋类,鸡心,5.0,5.0,5.0,斤,,,2026-08-28
肉禽蛋,禽蛋类,鸡肝,2.5,2.5,2.5,斤,,,2026-08-28
肉禽蛋,禽蛋类,鸡脖子,5.0,5.0,5.0,斤,,去皮,2026-08-28
肉禽蛋,禽蛋类,鸡头,2.5,3.5,3.0,斤,,,2026-08-28
肉禽蛋,禽蛋类,鸡油,5.0,5.0,5.0,斤,,,2026-08-28
肉禽蛋,禽蛋类,鸡架子,3.0,3.5,3.25,斤,,,2026-08-28
肉禽蛋,禽蛋类,白条乌鸡,11.0,11.0,11.0,斤,,净膛,2026-08-28
肉禽蛋,禽蛋类,黑爪公鸡,10.0,11.0,10.5,斤,,净膛,2026-08-28
肉禽蛋,禽蛋类,白条鹅,10.0,11.0,10.5,斤,,净膛,2026-08-28
肉禽蛋,禽蛋类,白条湖鸭,7.0,7.0,7.0,斤,,,2026-08-28
肉禽蛋,禽蛋类,鸭肠,6.5,7.5,7.0,斤,,,2026-08-28
肉禽蛋,禽蛋类,鸭肝,2.5,3.0,2.75,斤,,,2026-08-28
肉禽蛋,禽蛋类,鸭头,12.0,13.0,12.5,斤,,,2026-08-28
肉禽蛋,禽蛋类,鸭心,5.0,5.0,5.0,斤,,,2026-08-28
肉禽蛋,禽蛋类,鸭腿,4.5,5.0,4.75,斤,,,2026-08-28
肉禽蛋,禽蛋类,鸭胗,12.0,14.0,13.0,斤,,,2026-08-28
肉禽蛋,禽蛋类,鸭脖子,7.0,7.5,7.25,斤,,去皮,2026-08-28
肉禽蛋,禽蛋类,白条乳鸽,20.0,23.0,21.5,只,,,2026-08-28
肉禽蛋,禽蛋类,白条兔,14.0,15.0,14.5,斤,,冻,2026-08-28
肉禽蛋,禽蛋类,筐鸡蛋,240.0,245.0,242.5,筐,,净44斤,2026-08-28
肉禽蛋,禽蛋类,筐鸡蛋,5.45,5.57,5.51,斤,,,2026-08-28
肉禽蛋,禽蛋类,箱鸡蛋,255.0,260.0,257.5,箱,,带蛋托净42斤,2026-08-28
肉禽蛋,禽蛋类,散鸡蛋,6.0,6.0,6.0,斤,,,2026-08-28
肉禽蛋,禽蛋类,生鸭蛋,6.5,7.0,6.75,斤,,,2026-08-28
肉禽蛋,禽蛋类,熟鸭蛋,7.5,8.5,8.0,斤,,,2026-08-28
肉禽蛋,禽蛋类,松花蛋,7.3,8.5,7.9,斤,,,2026-08-28
肉禽蛋,禽蛋类,鹅蛋,15.5,16.5,16.0,斤,,,2026-08-28
肉禽蛋,禽蛋类,鹌鹑蛋,5.8,7.0,6.4,斤,,,2026-08-28
肉禽蛋,禽蛋类,柴鸡蛋,5.57,9.0,7.29,斤,,,2026-08-28
肉禽蛋,禽蛋类,乌鸡蛋,7.3,8.0,7.65,斤,,,2026-08-28
肉禽蛋,禽蛋类,变蛋,0.75,1.0,0.88,个,,,2026-08-28
肉禽蛋,禽蛋类,鸵鸟蛋,65.0,65.0,65.0,个,,,2026-08-28
肉禽蛋,禽蛋类,鸽子蛋,2.7,2.8,2.75,个,,,2026-08-28
肉禽蛋,禽蛋类,活珠子,1.3,1.5,1.4,个,,,2026-08-28
肉禽蛋,禽蛋类,山鸡蛋,1.0,1.0,1.0,个,,,2026-08-28
肉禽蛋,禽蛋类,淘汰鸡,11.0,12.0,11.5,斤,,干净膛,2026-08-27
肉禽蛋,禽蛋类,淘汰鸡,10.0,10.5,10.25,斤,,净膛,2026-08-27
肉禽蛋,禽蛋类,仔鸡,6.5,6.5,6.5,斤,,净膛,2026-08-27
肉禽蛋,禽蛋类,肉鸡,6.5,6.5,6.5,斤,,,2026-08-27
肉禽蛋,禽蛋类,鸡胸,6.5,6.5,6.5,斤,,,2026-08-27
肉禽蛋,禽蛋类,鸡翅,11.0,12.0,11.5,斤,,,2026-08-27
肉禽蛋,禽蛋类,鸡翅尖,7.0,7.5,7.25,斤,,,2026-08-27
肉禽蛋,禽蛋类,鸡翅中,24.0,24.0,24.0,斤,,,2026-08-27
肉禽蛋,禽蛋类,鸡翅根,6.5,6.5,6.5,斤,,,2026-08-27
肉禽蛋,禽蛋类,鸡边腿,5.8,6.0,5.9,斤,,,2026-08-27
肉禽蛋,禽蛋类,鸡排腿,6.5,6.5,6.5,斤,,,2026-08-27
肉禽蛋,禽蛋类,鸡琵琶腿,6.5,6.5,6.5,斤,,,2026-08-27
肉禽蛋,禽蛋类,鸡胗,11.0,13.0,12.0,斤,,,2026-08-27
肉禽蛋,禽蛋类,鸡爪,17.0,17.0,17.0,斤,,,2026-08-27
肉禽蛋,禽蛋类,鸡心,5.0,5.0,5.0,斤,,,2026-08-27
肉禽蛋,禽蛋类,鸡肝,2.5,2.5,2.5,斤,,,2026-08-27
肉禽蛋,禽蛋类,鸡脖子,5.0,5.0,5.0,斤,,去皮,2026-08-27
肉禽蛋,禽蛋类,鸡头,2.5,3.5,3.0,斤,,,2026-08-27
肉禽蛋,禽蛋类,鸡油,5.0,5.0,5.0,斤,,,2026-08-27
肉禽蛋,禽蛋类,鸡架子,3.0,3.5,3.25,斤,,,2026-08-27
肉禽蛋,禽蛋类,白条乌鸡,11.0,11.0,11.0,斤,,净膛,2026-08-27
肉禽蛋,禽蛋类,黑爪公鸡,10.0,11.0,10.5,斤,,净膛,2026-08-27
肉禽蛋,禽蛋类,白条鹅,10.0,11.0,10.5,斤,,净膛,2026-08-27
肉禽蛋,禽蛋类,白条湖鸭,7.0,7.0,7.0,斤,,,2026-08-27
肉禽蛋,禽蛋类,鸭肠,6.5,7.5,7.0,斤,,,2026-08-27
肉禽蛋,禽蛋类,鸭肝,2.5,3.0,2.75,斤,,,2026-08-27
肉禽蛋,禽蛋类,鸭头,12.0,13.0,12.5,斤,,,2026-08-27
肉禽蛋,禽蛋类,鸭心,5.0,5.0,5.0,斤,,,2026-08-27
肉禽蛋,禽蛋类,鸭腿,4.5,5.0,4.75,斤,,,2026-08-27
肉禽蛋,禽蛋类,鸭胗,12.0,14.0,13.0,斤,,,2026-08-27
肉禽蛋,禽蛋类,鸭脖子,7.0,7.5,7.25,斤,,去皮,2026-08-27
肉禽蛋,禽蛋类,白条乳鸽,20.0,23.0,21.5,只,,,2026-08-27
肉禽蛋,禽蛋类,白条兔,14.0,15.0,14.5,斤,,冻,2026-08-27
肉禽蛋,禽蛋类,筐鸡蛋,240.0,245.0,242.5,筐,,净44斤,2026-08-27
肉禽蛋,禽蛋类,筐鸡蛋,5.45,5.57,5.51,斤,,,2026-08-27
肉禽蛋,禽蛋类,箱鸡蛋,255.0,260.0,257.5,箱,,带蛋托净42斤,2026-08-27
肉禽蛋,禽蛋类,散鸡蛋,6.0,6.0,6.0,斤,,,2026-08-27
肉禽蛋,禽蛋类,生鸭蛋,6.5,7.0,6.75,斤,,,2026-08-27
肉禽蛋,禽蛋类,熟鸭蛋,7.5,8.5,8.0,斤,,,2026-08-27
肉禽蛋,禽蛋类,松花蛋,7.3,8.5,7.9,斤,,,2026-08-27
肉禽蛋,禽蛋类,鹅蛋,15.5,16.5,16.0,斤,,,2026-08-27
肉禽蛋,禽蛋类,鹌鹑蛋,5.8,7.0,6.4,斤,,,2026-08-27
肉禽蛋,禽蛋类,柴鸡蛋,5.57,9.0,7.29,斤,,,2026-08-27
肉禽蛋,禽蛋类,乌鸡蛋,7.3,8.0,7.65,斤,,,2026-08-27
肉禽蛋,禽蛋类,变蛋,0.75,1.0,0.88,个,,,2026-08-27
肉禽蛋,禽蛋类,鸵鸟蛋,65.0,65.0,65.0,个,,,2026-08-27
肉禽蛋,禽蛋类,鸽子蛋,2.7,2.8,2.75,个,,,2026-08-27
肉禽蛋,禽蛋类,活珠子,1.3,1.5,1.4,个,,,2026-08-27
肉禽蛋,禽蛋类,山鸡蛋,1.0,1.0,1.0,个,,,2026-08-27
肉禽蛋,禽蛋类,淘汰鸡,11.0,12.0,11.5,斤,,干净膛,2026-08-26
肉禽蛋,禽蛋类,淘汰鸡,10.0,10.5,10.25,斤,,净膛,2026-08-26
肉禽蛋,禽蛋类,仔鸡,6.5,6.5,6.5,斤,,净膛,2026-08-26
肉禽蛋,禽蛋类,肉鸡,6.5,6.5,6.5,斤,,,2026-08-26
肉禽蛋,禽蛋类,鸡胸,6.5,6.5,6.5,斤,,,2026-08-26
肉禽蛋,禽蛋类,鸡翅,11.0,12.0,11.5,斤,,,2026-08-26
肉禽蛋,禽蛋类,鸡翅尖,7.0,7.5,7.25,斤,,,2026-08-26
肉禽蛋,禽蛋类,鸡翅中,24.0,24.0,24.0,斤,,,2026-08-26
肉禽蛋,禽蛋类,鸡翅根,6.5,6.5,6.5,斤,,,2026-08-26
肉禽蛋,禽蛋类,鸡边腿,5.8,6.0,5.9,斤,,,2026-08-26
肉禽蛋,禽蛋类,鸡排腿,6.5,6.5,6.5,斤,,,2026-08-26
肉禽蛋,禽蛋类,鸡琵琶腿,6.5,6.5,6.5,斤,,,2026-08-26
肉禽蛋,禽蛋类,鸡胗,11.0,13.0,12.0,斤,,,2026-08-26
肉禽蛋,禽蛋类,鸡爪,17.0,17.0,17.0,斤,,,2026-08-26
肉禽蛋,禽蛋类,鸡心,5.0,5.0,5.0,斤,,,2026-08-26
肉禽蛋,禽蛋类,鸡肝,2.5,2.5,2.5,斤,,,2026-08-26
肉禽蛋,禽蛋类,鸡脖子,5.0,5.0,5.0,斤,,去皮,2026-08-26
肉禽蛋,禽蛋类,鸡头,2.5,3.5,3.0,斤,,,2026-08-26
肉禽蛋,禽蛋类,鸡油,5.0,5.0,5.0,斤,,,2026-08-26
肉禽蛋,禽蛋类,鸡架子,3.0,3.5,3.25,斤,,,2026-08-26
肉禽蛋,禽蛋类,白条乌鸡,11.0,11.0,11.0,斤,,净膛,2026-08-26
肉禽蛋,禽蛋类,黑爪公鸡,10.0,11.0,10.5,斤,,净膛,2026-08-26
肉禽蛋,禽蛋类,白条鹅,10.0,11.0,10.5,斤,,净膛,2026-08-26
肉禽蛋,禽蛋类,白条湖鸭,7.0,7.0,7.0,斤,,,2026-08-26
肉禽蛋,禽蛋类,鸭肠,6.5,7.5,7.0,斤,,,2026-08-26
肉禽蛋,禽蛋类,鸭肝,2.5,3.0,2.75,斤,,,2026-08-26
肉禽蛋,禽蛋类,鸭头,12.0,13.0,12.5,斤,,,2026-08-26
肉禽蛋,禽蛋类,鸭心,5.0,5.0,5.0,斤,,,2026-08-26
肉禽蛋,禽蛋类,鸭腿,4.5,5.0,4.75,斤,,,2026-08-26
肉禽蛋,禽蛋类,鸭胗,12.0,14.0,13.0,斤,,,2026-08-26
肉禽蛋,禽蛋类,鸭脖子,7.0,7.5,7.25,斤,,去皮,2026-08-26
肉禽蛋,禽蛋类,白条乳鸽,20.0,23.0,21.5,只,,,2026-08-26
肉禽蛋,禽蛋类,白条兔,14.0,15.0,14.5,斤,,冻,2026-08-26
肉禽蛋,禽蛋类,筐鸡蛋,245.0,248.0,246.5,筐,,净44斤,2026-08-26
肉禽蛋,禽蛋类,筐鸡蛋,5.57,5.64,5.61,斤,,,2026-08-26
肉禽蛋,禽蛋类,箱鸡蛋,258.0,263.0,260.5,箱,,带蛋托净42斤,2026-08-26
肉禽蛋,禽蛋类,散鸡蛋,6.0,6.2,6.1,斤,,,2026-08-26
肉禽蛋,禽蛋类,生鸭蛋,6.5,7.0,6.75,斤,,,2026-08-26
肉禽蛋,禽蛋类,熟鸭蛋,7.5,8.5,8.0,斤,,,2026-08-26
肉禽蛋,禽蛋类,松花蛋,7.3,8.5,7.9,斤,,,2026-08-26
肉禽蛋,禽蛋类,鹅蛋,16.0,17.0,16.5,斤,,,2026-08-26
肉禽蛋,禽蛋类,鹌鹑蛋,5.8,7.0,6.4,斤,,,2026-08-26
肉禽蛋,禽蛋类,柴鸡蛋,5.64,9.0,7.32,斤,,,2026-08-26
肉禽蛋,禽蛋类,乌鸡蛋,7.2,8.0,7.6,斤,,,2026-08-26
肉禽蛋,禽蛋类,变蛋,0.75,1.0,0.88,个,,,2026-08-26
肉禽蛋,禽蛋类,鸵鸟蛋,65.0,65.0,65.0,个,,,2026-08-26
肉禽蛋,禽蛋类,鸽子蛋,2.7,2.8,2.75,个,,,2026-08-26
肉禽蛋,禽蛋类,活珠子,1.3,1.5,1.4,个,,,2026-08-26
肉禽蛋,禽蛋类,山鸡蛋,1.0,1.0,1.0,个,,,2026-08-26
肉禽蛋,禽蛋类,淘汰鸡,11.0,12.0,11.5,斤,,干净膛,2026-08-25
肉禽蛋,禽蛋类,淘汰鸡,10.0,10.5,10.25,斤,,净膛,2026-08-25
肉禽蛋,禽蛋类,仔鸡,6.5,6.5,6.5,斤,,净膛,2026-08-25
肉禽蛋,禽蛋类,肉鸡,6.5,6.5,6.5,斤,,,2026-08-25
肉禽蛋,禽蛋类,鸡胸,6.5,6.5,6.5,斤,,,2026-08-25
肉禽蛋,禽蛋类,鸡翅,11.0,12.0,11.5,斤,,,2026-08-25
肉禽蛋,禽蛋类,鸡翅尖,7.0,7.5,7.25,斤,,,2026-08-25
肉禽蛋,禽蛋类,鸡翅中,24.0,24.0,24.0,斤,,,2026-08-25
肉禽蛋,禽蛋类,鸡翅根,6.5,6.5,6.5,斤,,,2026-08-25
肉禽蛋,禽蛋类,鸡边腿,5.8,6.0,5.9,斤,,,2026-08-25
肉禽蛋,禽蛋类,鸡排腿,6.5,6.5,6.5,斤,,,2026-08-25
肉禽蛋,禽蛋类,鸡琵琶腿,6.5,6.5,6.5,斤,,,2026-08-25
肉禽蛋,禽蛋类,鸡胗,11.0,13.0,12.0,斤,,,2026-08-25
肉禽蛋,禽蛋类,鸡爪,17.0,17.0,17.0,斤,,,2026-08-25
肉禽蛋,禽蛋类,鸡心,5.0,5.0,5.0,斤,,,2026-08-25
肉禽蛋,禽蛋类,鸡肝,2.5,2.5,2.5,斤,,,2026-08-25
肉禽蛋,禽蛋类,鸡脖子,5.0,5.0,5.0,斤,,去皮,2026-08-25
肉禽蛋,禽蛋类,鸡头,2.5,3.5,3.0,斤,,,2026-08-25
肉禽蛋,禽蛋类,鸡油,5.0,5.0,5.0,斤,,,2026-08-25
肉禽蛋,禽蛋类,鸡架子,3.0,3.5,3.25,斤,,,2026-08-25
肉禽蛋,禽蛋类,白条乌鸡,11.0,11.0,11.0,斤,,净膛,2026-08-25
肉禽蛋,禽蛋类,黑爪公鸡,10.0,11.0,10.5,斤,,净膛,2026-08-25
肉禽蛋,禽蛋类,白条鹅,10.0,11.0,10.5,斤,,净膛,2026-08-25
肉禽蛋,禽蛋类,白条湖鸭,7.0,7.0,7.0,斤,,,2026-08-25
肉禽蛋,禽蛋类,鸭肠,6.5,7.5,7.0,斤,,,2026-08-25
肉禽蛋,禽蛋类,鸭肝,2.5,3.0,2.75,斤,,,2026-08-25
肉禽蛋,禽蛋类,鸭头,12.0,13.0,12.5,斤,,,2026-08-25
肉禽蛋,禽蛋类,鸭心,5.0,5.0,5.0,斤,,,2026-08-25
肉禽蛋,禽蛋类,鸭腿,4.5,5.0,4.75,斤,,,2026-08-25
肉禽蛋,禽蛋类,鸭胗,12.0,14.0,13.0,斤,,,2026-08-25
肉禽蛋,禽蛋类,鸭脖子,7.0,7.5,7.25,斤,,去皮,2026-08-25
肉禽蛋,禽蛋类,白条乳鸽,20.0,23.0,21.5,只,,,2026-08-25
肉禽蛋,禽蛋类,白条兔,14.0,15.0,14.5,斤,,冻,2026-08-25
肉禽蛋,禽蛋类,筐鸡蛋,245.0,248.0,246.5,筐,,净44斤,2026-08-25
肉禽蛋,禽蛋类,筐鸡蛋,5.57,5.64,5.61,斤,,,2026-08-25
肉禽蛋,禽蛋类,箱鸡蛋,258.0,263.0,260.5,箱,,带蛋托净42斤,2026-08-25
肉禽蛋,禽蛋类,散鸡蛋,6.0,6.2,6.1,斤,,,2026-08-25
肉禽蛋,禽蛋类,生鸭蛋,6.5,7.0,6.75,斤,,,2026-08-25
肉禽蛋,禽蛋类,熟鸭蛋,7.5,8.5,8.0,斤,,,2026-08-25
肉禽蛋,禽蛋类,松花蛋,7.3,8.5,7.9,斤,,,2026-08-25
肉禽蛋,禽蛋类,鹅蛋,16.0,17.0,16.5,斤,,,2026-08-25
肉禽蛋,禽蛋类,鹌鹑蛋,5.7,7.0,6.35,斤,,,2026-08-25
肉禽蛋,禽蛋类,柴鸡蛋,5.64,9.0,7.32,斤,,,2026-08-25
肉禽蛋,禽蛋类,乌鸡蛋,7.2,8.0,7.6,斤,,,2026-08-25
肉禽蛋,禽蛋类,变蛋,0.75,1.0,0.88,个,,,2026-08-25
肉禽蛋,禽蛋类,鸵鸟蛋,65.0,65.0,65.0,个,,,2026-08-25
肉禽蛋,禽蛋类,鸽子蛋,2.7,2.8,2.75,个,,,2026-08-25
肉禽蛋,禽蛋类,活珠子,1.3,1.5,1.4,个,,,2026-08-25
肉禽蛋,禽蛋类,山鸡蛋,1.0,1.0,1.0,个,,,2026-08-25
肉禽蛋,禽蛋类,淘汰鸡,11.0,12.0,11.5,斤,,干净膛,2026-08-24
肉禽蛋,禽蛋类,淘汰鸡,10.0,10.5,10.25,斤,,净膛,2026-08-24
肉禽蛋,禽蛋类,仔鸡,6.5,6.5,6.5,斤,,净膛,2026-08-24
肉禽蛋,禽蛋类,肉鸡,6.5,6.5,6.5,斤,,,2026-08-24
肉禽蛋,禽蛋类,鸡胸,6.5,6.5,6.5,斤,,,2026-08-24
肉禽蛋,禽蛋类,鸡翅,11.0,12.0,11.5,斤,,,2026-08-24
肉禽蛋,禽蛋类,鸡翅尖,7.0,7.5,7.25,斤,,,2026-08-24
肉禽蛋,禽蛋类,鸡翅中,24.0,24.0,24.0,斤,,,2026-08-24
肉禽蛋,禽蛋类,鸡翅根,6.5,6.5,6.5,斤,,,2026-08-24
肉禽蛋,禽蛋类,鸡边腿,5.8,6.0,5.9,斤,,,2026-08-24
肉禽蛋,禽蛋类,鸡排腿,6.5,6.5,6.5,斤,,,2026-08-24
肉禽蛋,禽蛋类,鸡琵琶腿,6.5,6.5,6.5,斤,,,2026-08-24
肉禽蛋,禽蛋类,鸡胗,11.0,13.0,12.0,斤,,,2026-08-24
肉禽蛋,禽蛋类,鸡爪,17.0,17.0,17.0,斤,,,2026-08-24
肉禽蛋,禽蛋类,鸡心,5.0,5.0,5.0,斤,,,2026-08-24
肉禽蛋,禽蛋类,鸡肝,2.5,2.5,2.5,斤,,,2026-08-24
肉禽蛋,禽蛋类,鸡脖子,5.0,5.0,5.0,斤,,去皮,2026-08-24
肉禽蛋,禽蛋类,鸡头,2.5,3.5,3.0,斤,,,2026-08-24
肉禽蛋,禽蛋类,鸡油,5.0,5.0,5.0,斤,,,2026-08-24
肉禽蛋,禽蛋类,鸡架子,3.0,3.5,3.25,斤,,,2026-08-24
肉禽蛋,禽蛋类,白条乌鸡,11.0,11.0,11.0,斤,,净膛,2026-08-24
肉禽蛋,禽蛋类,黑爪公鸡,10.0,11.0,10.5,斤,,净膛,2026-08-24
肉禽蛋,禽蛋类,白条鹅,10.0,11.0,10.5,斤,,净膛,2026-08-24
肉禽蛋,禽蛋类,白条湖鸭,7.0,7.0,7.0,斤,,,2026-08-24
肉禽蛋,禽蛋类,鸭肠,6.5,7.5,7.0,斤,,,2026-08-24
肉禽蛋,禽蛋类,鸭肝,2.5,3.0,2.75,斤,,,2026-08-24
肉禽蛋,禽蛋类,鸭头,12.0,13.0,12.5,斤,,,2026-08-24
肉禽蛋,禽蛋类,鸭心,5.0,5.0,5.0,斤,,,2026-08-24
肉禽蛋,禽蛋类,鸭腿,4.5,5.0,4.75,斤,,,2026-08-24
肉禽蛋,禽蛋类,鸭胗,12.0,14.0,13.0,斤,,,2026-08-24
肉禽蛋,禽蛋类,鸭脖子,7.0,7.5,7.25,斤,,去皮,2026-08-24
肉禽蛋,禽蛋类,白条乳鸽,20.0,23.0,21.5,只,,,2026-08-24
肉禽蛋,禽蛋类,白条兔,14.0,15.0,14.5,斤,,冻,2026-08-24
肉禽蛋,禽蛋类,筐鸡蛋,240.0,245.0,242.5,筐,,净44斤,2026-08-24
肉禽蛋,禽蛋类,筐鸡蛋,5.45,5.57,5.51,斤,,,2026-08-24
肉禽蛋,禽蛋类,箱鸡蛋,255.0,260.0,257.5,箱,,带蛋托净42斤,2026-08-24
肉禽蛋,禽蛋类,散鸡蛋,6.0,6.0,6.0,斤,,,2026-08-24
肉禽蛋,禽蛋类,生鸭蛋,6.5,7.0,6.75,斤,,,2026-08-24
肉禽蛋,禽蛋类,熟鸭蛋,7.5,8.5,8.0,斤,,,2026-08-24
肉禽蛋,禽蛋类,松花蛋,7.3,8.5,7.9,斤,,,2026-08-24
肉禽蛋,禽蛋类,鹅蛋,16.0,17.0,16.5,斤,,,2026-08-24
肉禽蛋,禽蛋类,鹌鹑蛋,5.7,7.0,6.35,斤,,,2026-08-24
肉禽蛋,禽蛋类,柴鸡蛋,5.57,9.0,7.29,斤,,,2026-08-24
肉禽蛋,禽蛋类,乌鸡蛋,7.2,8.0,7.6,斤,,,2026-08-24
肉禽蛋,禽蛋类,变蛋,0.75,1.0,0.88,个,,,2026-08-24
肉禽蛋,禽蛋类,鸵鸟蛋,65.0,65.0,65.0,个,,,2026-08-24
肉禽蛋,禽蛋类,鸽子蛋,2.7,2.8,2.75,个,,,2026-08-24
肉禽蛋,禽蛋类,活珠子,1.3,1.5,1.4,个,,,2026-08-24
肉禽蛋,禽蛋类,山鸡蛋,1.0,1.0,1.0,个,,,2026-08-24
肉禽蛋,禽蛋类,淘汰鸡,11.0,12.0,11.5,斤,,干净膛,2026-08-23
肉禽蛋,禽蛋类,淘汰鸡,10.0,10.5,10.25,斤,,净膛,2026-08-23
肉禽蛋,禽蛋类,仔鸡,6.5,6.5,6.5,斤,,净膛,2026-08-23
肉禽蛋,禽蛋类,肉鸡,6.5,6.5,6.5,斤,,,2026-08-23
肉禽蛋,禽蛋类,鸡胸,6.5,6.5,6.5,斤,,,2026-08-23
肉禽蛋,禽蛋类,鸡翅,11.0,12.0,11.5,斤,,,2026-08-23
肉禽蛋,禽蛋类,鸡翅尖,7.0,7.5,7.25,斤,,,2026-08-23
肉禽蛋,禽蛋类,鸡翅中,24.0,24.0,24.0,斤,,,2026-08-23
肉禽蛋,禽蛋类,鸡翅根,6.5,6.5,6.5,斤,,,2026-08-23
肉禽蛋,禽蛋类,鸡边腿,5.8,6.0,5.9,斤,,,2026-08-23
肉禽蛋,禽蛋类,鸡排腿,6.5,6.5,6.5,斤,,,2026-08-23
肉禽蛋,禽蛋类,鸡琵琶腿,6.5,6.5,6.5,斤,,,2026-08-23
肉禽蛋,禽蛋类,鸡胗,11.0,13.0,12.0,斤,,,2026-08-23
肉禽蛋,禽蛋类,鸡爪,17.0,17.0,17.0,斤,,,2026-08-23
肉禽蛋,禽蛋类,鸡心,5.0,5.0,5.0,斤,,,2026-08-23
肉禽蛋,禽蛋类,鸡肝,2.5,2.5,2.5,斤,,,2026-08-23
肉禽蛋,禽蛋类,鸡脖子,5.0,5.0,5.0,斤,,去皮,2026-08-23
肉禽蛋,禽蛋类,鸡头,2.5,3.5,3.0,斤,,,2026-08-23
肉禽蛋,禽蛋类,鸡油,5.0,5.0,5.0,斤,,,2026-08-23
肉禽蛋,禽蛋类,鸡架子,3.0,3.5,3.25,斤,,,2026-08-23
肉禽蛋,禽蛋类,白条乌鸡,11.0,11.0,11.0,斤,,净膛,2026-08-23
肉禽蛋,禽蛋类,黑爪公鸡,10.0,11.0,10.5,斤,,净膛,2026-08-23
肉禽蛋,禽蛋类,白条鹅,10.0,11.0,10.5,斤,,净膛,2026-08-23
肉禽蛋,禽蛋类,白条湖鸭,7.0,7.0,7.0,斤,,,2026-08-23
肉禽蛋,禽蛋类,鸭肠,6.5,7.5,7.0,斤,,,2026-08-23
肉禽蛋,禽蛋类,鸭肝,2.5,3.0,2.75,斤,,,2026-08-23
肉禽蛋,禽蛋类,鸭头,12.0,13.0,12.5,斤,,,2026-08-23
肉禽蛋,禽蛋类,鸭心,5.0,5.0,5.0,斤,,,2026-08-23
肉禽蛋,禽蛋类,鸭腿,4.5,5.0,4.75,斤,,,2026-08-23
肉禽蛋,禽蛋类,鸭胗,12.0,14.0,13.0,斤,,,2026-08-23
肉禽蛋,禽蛋类,鸭脖子,7.0,7.5,7.25,斤,,去皮,2026-08-23
肉禽蛋,禽蛋类,白条乳鸽,20.0,23.0,21.5,只,,,2026-08-23
肉禽蛋,禽蛋类,白条兔,14.0,15.0,14.5,斤,,冻,2026-08-23
肉禽蛋,禽蛋类,筐鸡蛋,240.0,245.0,242.5,筐,,净44斤,2026-08-23
肉禽蛋,禽蛋类,筐鸡蛋,5.45,5.57,5.51,斤,,,2026-08-23
肉禽蛋,禽蛋类,箱鸡蛋,255.0,260.0,257.5,箱,,带蛋托净42斤,2026-08-23
肉禽蛋,禽蛋类,散鸡蛋,6.0,6.0,6.0,斤,,,2026-08-23
肉禽蛋,禽蛋类,生鸭蛋,6.5,7.0,6.75,斤,,,2026-08-23
肉禽蛋,禽蛋类,熟鸭蛋,7.5,8.5,8.0,斤,,,2026-08-23
肉禽蛋,禽蛋类,松花蛋,7.2,8.5,7.85,斤,,,2026-08-23
肉禽蛋,禽蛋类,鹅蛋,15.5,16.0,15.75,斤,,,2026-08-23
肉禽蛋,禽蛋类,鹌鹑蛋,5.5,7.0,6.25,斤,,,2026-08-23
肉禽蛋,禽蛋类,柴鸡蛋,5.57,9.0,7.29,斤,,,2026-08-23
肉禽蛋,禽蛋类,乌鸡蛋,7.2,8.0,7.6,斤,,,2026-08-23
肉禽蛋,禽蛋类,变蛋,0.75,1.0,0.88,个,,,2026-08-23
肉禽蛋,禽蛋类,鸵鸟蛋,65.0,65.0,65.0,个,,,2026-08-23
肉禽蛋,禽蛋类,鸽子蛋,2.4,2.5,2.45,个,,,2026-08-23
肉禽蛋,禽蛋类,活珠子,1.3,1.5,1.4,个,,,2026-08-23
肉禽蛋,禽蛋类,山鸡蛋,1.0,1.0,1.0,个,,,2026-08-23
肉禽蛋,禽蛋类,淘汰鸡,11.0,12.0,11.5,斤,,干净膛,2026-08-22
肉禽蛋,禽蛋类,淘汰鸡,10.0,10.5,10.25,斤,,净膛,2026-08-22
肉禽蛋,禽蛋类,仔鸡,6.5,6.5,6.5,斤,,净膛,2026-08-22
肉禽蛋,禽蛋类,肉鸡,6.5,6.5,6.5,斤,,,2026-08-22
肉禽蛋,禽蛋类,鸡胸,6.5,6.5,6.5,斤,,,2026-08-22
肉禽蛋,禽蛋类,鸡翅,11.0,12.0,11.5,斤,,,2026-08-22
肉禽蛋,禽蛋类,鸡翅尖,7.0,7.5,7.25,斤,,,2026-08-22
肉禽蛋,禽蛋类,鸡翅中,24.0,24.0,24.0,斤,,,2026-08-22
肉禽蛋,禽蛋类,鸡翅根,6.5,6.5,6.5,斤,,,2026-08-22
肉禽蛋,禽蛋类,鸡边腿,5.8,6.0,5.9,斤,,,2026-08-22
肉禽蛋,禽蛋类,鸡排腿,6.5,6.5,6.5,斤,,,2026-08-22
肉禽蛋,禽蛋类,鸡琵琶腿,6.5,6.5,6.5,斤,,,2026-08-22
肉禽蛋,禽蛋类,鸡胗,11.0,13.0,12.0,斤,,,2026-08-22
肉禽蛋,禽蛋类,鸡爪,17.0,17.0,17.0,斤,,,2026-08-22
肉禽蛋,禽蛋类,鸡心,5.0,5.0,5.0,斤,,,2026-08-22
肉禽蛋,禽蛋类,鸡肝,2.5,2.5,2.5,斤,,,2026-08-22
肉禽蛋,禽蛋类,鸡脖子,5.0,5.0,5.0,斤,,去皮,2026-08-22
肉禽蛋,禽蛋类,鸡头,2.5,3.5,3.0,斤,,,2026-08-22
肉禽蛋,禽蛋类,鸡油,5.0,5.0,5.0,斤,,,2026-08-22
肉禽蛋,禽蛋类,鸡架子,3.0,3.5,3.25,斤,,,2026-08-22
肉禽蛋,禽蛋类,白条乌鸡,11.0,11.0,11.0,斤,,净膛,2026-08-22
肉禽蛋,禽蛋类,黑爪公鸡,10.0,11.0,10.5,斤,,净膛,2026-08-22
肉禽蛋,禽蛋类,白条鹅,10.0,11.0,10.5,斤,,净膛,2026-08-22
肉禽蛋,禽蛋类,白条湖鸭,7.0,7.0,7.0,斤,,,2026-08-22
肉禽蛋,禽蛋类,鸭肠,6.5,7.5,7.0,斤,,,2026-08-22
肉禽蛋,禽蛋类,鸭肝,2.5,3.0,2.75,斤,,,2026-08-22
肉禽蛋,禽蛋类,鸭头,12.0,13.0,12.5,斤,,,2026-08-22
肉禽蛋,禽蛋类,鸭心,5.0,5.0,5.0,斤,,,2026-08-22
肉禽蛋,禽蛋类,鸭腿,4.5,5.0,4.75,斤,,,2026-08-22
肉禽蛋,禽蛋类,鸭胗,12.0,14.0,13.0,斤,,,2026-08-22
肉禽蛋,禽蛋类,鸭脖子,7.0,7.5,7.25,斤,,去皮,2026-08-22
肉禽蛋,禽蛋类,白条乳鸽,20.0,23.0,21.5,只,,,2026-08-22
肉禽蛋,禽蛋类,白条兔,14.0,15.0,14.5,斤,,冻,2026-08-22
肉禽蛋,禽蛋类,筐鸡蛋,240.0,245.0,242.5,筐,,净44斤,2026-08-22
肉禽蛋,禽蛋类,筐鸡蛋,5.45,5.57,5.51,斤,,,2026-08-22
肉禽蛋,禽蛋类,箱鸡蛋,255.0,260.0,257.5,箱,,带蛋托净42斤,2026-08-22
肉禽蛋,禽蛋类,散鸡蛋,6.0,6.0,6.0,斤,,,2026-08-22
肉禽蛋,禽蛋类,生鸭蛋,6.5,7.0,6.75,斤,,,2026-08-22
肉禽蛋,禽蛋类,熟鸭蛋,7.5,8.5,8.0,斤,,,2026-08-22
肉禽蛋,禽蛋类,松花蛋,7.2,8.5,7.85,斤,,,2026-08-22
肉禽蛋,禽蛋类,鹅蛋,15.5,16.0,15.75,斤,,,2026-08-22
肉禽蛋,禽蛋类,鹌鹑蛋,5.5,7.0,6.25,斤,,,2026-08-22
肉禽蛋,禽蛋类,柴鸡蛋,5.57,9.0,7.29,斤,,,2026-08-22
肉禽蛋,禽蛋类,乌鸡蛋,7.2,8.0,7.6,斤,,,2026-08-22
肉禽蛋,禽蛋类,变蛋,0.75,1.0,0.88,个,,,2026-08-22
肉禽蛋,禽蛋类,鸵鸟蛋,65.0,65.0,65.0,个,,,2026-08-22
肉禽蛋,禽蛋类,鸽子蛋,2.4,2.5,2.45,个,,,2026-08-22
肉禽蛋,禽蛋类,活珠子,1.3,1.5,1.4,个,,,2026-08-22
肉禽蛋,禽蛋类,山鸡蛋,1.0,1.0,1.0,个,,,2026-08-22
肉禽蛋,禽蛋类,淘汰鸡,11.0,12.0,11.5,斤,,干净膛,2026-08-21
肉禽蛋,禽蛋类,淘汰鸡,10.0,10.5,10.25,斤,,净膛,2026-08-21
肉禽蛋,禽蛋类,仔鸡,6.5,6.5,6.5,斤,,净膛,2026-08-21
肉禽蛋,禽蛋类,肉鸡,6.5,6.5,6.5,斤,,,2026-08-21
肉禽蛋,禽蛋类,鸡胸,6.5,6.5,6.5,斤,,,2026-08-21
肉禽蛋,禽蛋类,鸡翅,11.0,12.0,11.5,斤,,,2026-08-21
肉禽蛋,禽蛋类,鸡翅尖,7.0,7.5,7.25,斤,,,2026-08-21
肉禽蛋,禽蛋类,鸡翅中,24.0,24.0,24.0,斤,,,2026-08-21
肉禽蛋,禽蛋类,鸡翅根,6.5,6.5,6.5,斤,,,2026-08-21
肉禽蛋,禽蛋类,鸡边腿,5.8,6.0,5.9,斤,,,2026-08-21
肉禽蛋,禽蛋类,鸡排腿,6.5,6.5,6.5,斤,,,2026-08-21
肉禽蛋,禽蛋类,鸡琵琶腿,6.5,6.5,6.5,斤,,,2026-08-21
肉禽蛋,禽蛋类,鸡胗,11.0,13.0,12.0,斤,,,2026-08-21
肉禽蛋,禽蛋类,鸡爪,17.0,17.0,17.0,斤,,,2026-08-21
肉禽蛋,禽蛋类,鸡心,5.0,5.0,5.0,斤,,,2026-08-21
肉禽蛋,禽蛋类,鸡肝,2.5,2.5,2.5,斤,,,2026-08-21
肉禽蛋,禽蛋类,鸡脖子,5.0,5.0,5.0,斤,,去皮,2026-08-21
肉禽蛋,禽蛋类,鸡头,2.5,3.5,3.0,斤,,,2026-08-21
肉禽蛋,禽蛋类,鸡油,5.0,5.0,5.0,斤,,,2026-08-21
肉禽蛋,禽蛋类,鸡架子,3.0,3.5,3.25,斤,,,2026-08-21
肉禽蛋,禽蛋类,白条乌鸡,11.0,11.0,11.0,斤,,净膛,2026-08-21
肉禽蛋,禽蛋类,黑爪公鸡,10.0,11.0,10.5,斤,,净膛,2026-08-21
肉禽蛋,禽蛋类,白条鹅,10.0,11.0,10.5,斤,,净膛,2026-08-21
肉禽蛋,禽蛋类,白条湖鸭,7.0,7.0,7.0,斤,,,2026-08-21
肉禽蛋,禽蛋类,鸭肠,6.5,7.5,7.0,斤,,,2026-08-21
肉禽蛋,禽蛋类,鸭肝,2.5,3.0,2.75,斤,,,2026-08-21
肉禽蛋,禽蛋类,鸭头,12.0,13.0,12.5,斤,,,2026-08-21
肉禽蛋,禽蛋类,鸭心,5.0,5.0,5.0,斤,,,2026-08-21
肉禽蛋,禽蛋类,鸭腿,4.5,5.0,4.75,斤,,,2026-08-21
肉禽蛋,禽蛋类,鸭胗,12.0,14.0,13.0,斤,,,2026-08-21
肉禽蛋,禽蛋类,鸭脖子,7.0,7.5,7.25,斤,,去皮,2026-08-21
肉禽蛋,禽蛋类,白条乳鸽,20.0,23.0,21.5,只,,,2026-08-21
肉禽蛋,禽蛋类,白条兔,14.0,15.0,14.5,斤,,冻,2026-08-21
肉禽蛋,禽蛋类,筐鸡蛋,240.0,245.0,242.5,筐,,净44斤,2026-08-21
肉禽蛋,禽蛋类,筐鸡蛋,5.45,5.57,5.51,斤,,,2026-08-21
肉禽蛋,禽蛋类,箱鸡蛋,255.0,260.0,257.5,箱,,带蛋托净42斤,2026-08-21
肉禽蛋,禽蛋类,散鸡蛋,6.0,6.0,6.0,斤,,,2026-08-21
肉禽蛋,禽蛋类,生鸭蛋,6.5,7.0,6.75,斤,,,2026-08-21
肉禽蛋,禽蛋类,熟鸭蛋,7.5,8.5,8.0,斤,,,2026-08-21
肉禽蛋,禽蛋类,松花蛋,7.2,8.5,7.85,斤,,,2026-08-21
肉禽蛋,禽蛋类,鹅蛋,15.5,16.0,15.75,斤,,,2026-08-21
肉禽蛋,禽蛋类,鹌鹑蛋,5.5,7.0,6.25,斤,,,2026-08-21
肉禽蛋,禽蛋类,柴鸡蛋,5.57,9.0,7.29,斤,,,2026-08-21
肉禽蛋,禽蛋类,乌鸡蛋,7.2,8.0,7.6,斤,,,2026-08-21
肉禽蛋,禽蛋类,变蛋,0.75,1.0,0.88,个,,,2026-08-21
肉禽蛋,禽蛋类,鸵鸟蛋,65.0,65.0,65.0,个,,,2026-08-21
肉禽蛋,禽蛋类,鸽子蛋,2.4,2.5,2.45,个,,,2026-08-21
肉禽蛋,禽蛋类,活珠子,1.3,1.5,1.4,个,,,2026-08-21
肉禽蛋,禽蛋类,山鸡蛋,1.0,1.0,1.0,个,,,2026-08-21
肉禽蛋,禽蛋类,淘汰鸡,11.5,12.0,11.75,斤,,干净膛,2026-08-20
肉禽蛋,禽蛋类,淘汰鸡,10.5,11.0,10.75,斤,,净膛,2026-08-20
肉禽蛋,禽蛋类,仔鸡,6.5,6.5,6.5,斤,,净膛,2026-08-20
肉禽蛋,禽蛋类,肉鸡,6.5,6.5,6.5,斤,,,2026-08-20
肉禽蛋,禽蛋类,鸡胸,6.5,6.5,6.5,斤,,,2026-08-20
肉禽蛋,禽蛋类,鸡翅,11.0,12.0,11.5,斤,,,2026-08-20
肉禽蛋,禽蛋类,鸡翅尖,7.0,7.5,7.25,斤,,,2026-08-20
肉禽蛋,禽蛋类,鸡翅中,24.0,24.0,24.0,斤,,,2026-08-20
肉禽蛋,禽蛋类,鸡翅根,6.5,6.5,6.5,斤,,,2026-08-20
肉禽蛋,禽蛋类,鸡边腿,5.8,6.0,5.9,斤,,,2026-08-20
肉禽蛋,禽蛋类,鸡排腿,6.5,6.5,6.5,斤,,,2026-08-20
肉禽蛋,禽蛋类,鸡琵琶腿,6.5,6.5,6.5,斤,,,2026-08-20
肉禽蛋,禽蛋类,鸡胗,11.0,13.0,12.0,斤,,,2026-08-20
肉禽蛋,禽蛋类,鸡爪,17.0,17.0,17.0,斤,,,2026-08-20
肉禽蛋,禽蛋类,鸡心,5.0,5.0,5.0,斤,,,2026-08-20
肉禽蛋,禽蛋类,鸡肝,2.5,2.5,2.5,斤,,,2026-08-20
肉禽蛋,禽蛋类,鸡脖子,5.0,5.0,5.0,斤,,去皮,2026-08-20
肉禽蛋,禽蛋类,鸡头,2.5,3.5,3.0,斤,,,2026-08-20
肉禽蛋,禽蛋类,鸡油,5.0,5.0,5.0,斤,,,2026-08-20
肉禽蛋,禽蛋类,鸡架子,3.0,3.5,3.25,斤,,,2026-08-20
肉禽蛋,禽蛋类,白条乌鸡,11.0,11.0,11.0,斤,,净膛,2026-08-20
肉禽蛋,禽蛋类,黑爪公鸡,10.0,11.0,10.5,斤,,净膛,2026-08-20
肉禽蛋,禽蛋类,白条鹅,10.0,11.0,10.5,斤,,净膛,2026-08-20
肉禽蛋,禽蛋类,白条湖鸭,7.0,7.0,7.0,斤,,,2026-08-20
肉禽蛋,禽蛋类,鸭肠,6.5,7.5,7.0,斤,,,2026-08-20
肉禽蛋,禽蛋类,鸭肝,2.5,3.0,2.75,斤,,,2026-08-20
肉禽蛋,禽蛋类,鸭头,12.0,13.0,12.5,斤,,,2026-08-20
肉禽蛋,禽蛋类,鸭心,5.0,5.0,5.0,斤,,,2026-08-20
肉禽蛋,禽蛋类,鸭腿,4.5,5.0,4.75,斤,,,2026-08-20
肉禽蛋,禽蛋类,鸭胗,12.0,14.0,13.0,斤,,,2026-08-20
肉禽蛋,禽蛋类,鸭脖子,7.0,7.5,7.25,斤,,去皮,2026-08-20
肉禽蛋,禽蛋类,白条乳鸽,20.0,23.0,21.5,只,,,2026-08-20
肉禽蛋,禽蛋类,白条兔,14.0,15.0,14.5,斤,,冻,2026-08-20
肉禽蛋,禽蛋类,筐鸡蛋,240.0,245.0,242.5,筐,,净44斤,2026-08-20
肉禽蛋,禽蛋类,筐鸡蛋,5.45,5.57,5.51,斤,,,2026-08-20
肉禽蛋,禽蛋类,箱鸡蛋,255.0,260.0,257.5,箱,,带蛋托净42斤,2026-08-20
肉禽蛋,禽蛋类,散鸡蛋,6.0,6.0,6.0,斤,,,2026-08-20
肉禽蛋,禽蛋类,生鸭蛋,6.5,7.0,6.75,斤,,,2026-08-20
肉禽蛋,禽蛋类,熟鸭蛋,7.5,8.5,8.0,斤,,,2026-08-20
肉禽蛋,禽蛋类,松花蛋,7.2,8.5,7.85,斤,,,2026-08-20
肉禽蛋,禽蛋类,鹅蛋,14.5,15.0,14.75,斤,,,2026-08-20
肉禽蛋,禽蛋类,鹌鹑蛋,5.7,7.0,6.35,斤,,,2026-08-20
肉禽蛋,禽蛋类,柴鸡蛋,5.57,9.0,7.29,斤,,,2026-08-20
肉禽蛋,禽蛋类,乌鸡蛋,7.2,8.0,7.6,斤,,,2026-08-20
肉禽蛋,禽蛋类,变蛋,0.75,1.0,0.88,个,,,2026-08-20
肉禽蛋,禽蛋类,鸵鸟蛋,65.0,65.0,65.0,个,,,2026-08-20
肉禽蛋,禽蛋类,鸽子蛋,2.4,2.5,2.45,个,,,2026-08-20
肉禽蛋,禽蛋类,活珠子,1.3,1.5,1.4,个,,,2026-08-20
肉禽蛋,禽蛋类,山鸡蛋,1.0,1.0,1.0,个,,,2026-08-20
肉禽蛋,禽蛋类,淘汰鸡,11.5,12.0,11.75,斤,,干净膛,2026-08-19
肉禽蛋,禽蛋类,淘汰鸡,10.5,11.0,10.75,斤,,净膛,2026-08-19
肉禽蛋,禽蛋类,仔鸡,6.5,6.5,6.5,斤,,净膛,2026-08-19
肉禽蛋,禽蛋类,肉鸡,6.5,6.5,6.5,斤,,,2026-08-19
肉禽蛋,禽蛋类,鸡胸,6.5,6.5,6.5,斤,,,2026-08-19
肉禽蛋,禽蛋类,鸡翅,11.0,12.0,11.5,斤,,,2026-08-19
肉禽蛋,禽蛋类,鸡翅尖,7.0,7.5,7.25,斤,,,2026-08-19
肉禽蛋,禽蛋类,鸡翅中,24.0,24.0,24.0,斤,,,2026-08-19
肉禽蛋,禽蛋类,鸡翅根,6.5,6.5,6.5,斤,,,2026-08-19
肉禽蛋,禽蛋类,鸡边腿,5.8,6.0,5.9,斤,,,2026-08-19
肉禽蛋,禽蛋类,鸡排腿,6.5,6.5,6.5,斤,,,2026-08-19
肉禽蛋,禽蛋类,鸡琵琶腿,6.5,6.5,6.5,斤,,,2026-08-19
肉禽蛋,禽蛋类,鸡胗,11.0,13.0,12.0,斤,,,2026-08-19
肉禽蛋,禽蛋类,鸡爪,17.0,17.0,17.0,斤,,,2026-08-19
肉禽蛋,禽蛋类,鸡心,5.0,5.0,5.0,斤,,,2026-08-19
肉禽蛋,禽蛋类,鸡肝,2.5,2.5,2.5,斤,,,2026-08-19
肉禽蛋,禽蛋类,鸡脖子,5.0,5.0,5.0,斤,,去皮,2026-08-19
肉禽蛋,禽蛋类,鸡头,2.5,3.5,3.0,斤,,,2026-08-19
肉禽蛋,禽蛋类,鸡油,5.0,5.0,5.0,斤,,,2026-08-19
肉禽蛋,禽蛋类,鸡架子,3.0,3.5,3.25,斤,,,2026-08-19
肉禽蛋,禽蛋类,白条乌鸡,11.0,11.0,11.0,斤,,净膛,2026-08-19
肉禽蛋,禽蛋类,黑爪公鸡,10.0,11.0,10.5,斤,,净膛,2026-08-19
肉禽蛋,禽蛋类,白条鹅,10.0,11.0,10.5,斤,,净膛,2026-08-19
肉禽蛋,禽蛋类,白条湖鸭,7.0,7.0,7.0,斤,,,2026-08-19
肉禽蛋,禽蛋类,鸭肠,6.5,7.5,7.0,斤,,,2026-08-19
肉禽蛋,禽蛋类,鸭肝,2.5,3.0,2.75,斤,,,2026-08-19
肉禽蛋,禽蛋类,鸭头,12.0,13.0,12.5,斤,,,2026-08-19
肉禽蛋,禽蛋类,鸭心,5.0,5.0,5.0,斤,,,2026-08-19
肉禽蛋,禽蛋类,鸭腿,4.5,5.0,4.75,斤,,,2026-08-19
肉禽蛋,禽蛋类,鸭胗,12.0,14.0,13.0,斤,,,2026-08-19
肉禽蛋,禽蛋类,鸭脖子,7.0,7.5,7.25,斤,,去皮,2026-08-19
肉禽蛋,禽蛋类,白条乳鸽,20.0,23.0,21.5,只,,,2026-08-19
肉禽蛋,禽蛋类,白条兔,14.0,15.0,14.5,斤,,冻,2026-08-19
肉禽蛋,禽蛋类,筐鸡蛋,240.0,245.0,242.5,筐,,净44斤,2026-08-19
肉禽蛋,禽蛋类,筐鸡蛋,5.45,5.57,5.51,斤,,,2026-08-19
肉禽蛋,禽蛋类,箱鸡蛋,255.0,260.0,257.5,箱,,带蛋托净42斤,2026-08-19
肉禽蛋,禽蛋类,散鸡蛋,6.0,6.0,6.0,斤,,,2026-08-19
肉禽蛋,禽蛋类,生鸭蛋,6.5,7.0,6.75,斤,,,2026-08-19
肉禽蛋,禽蛋类,熟鸭蛋,7.5,8.5,8.0,斤,,,2026-08-19
肉禽蛋,禽蛋类,松花蛋,7.2,8.5,7.85,斤,,,2026-08-19
肉禽蛋,禽蛋类,鹅蛋,14.5,15.0,14.75,斤,,,2026-08-19
肉禽蛋,禽蛋类,鹌鹑蛋,5.7,7.0,6.35,斤,,,2026-08-19
肉禽蛋,禽蛋类,柴鸡蛋,5.57,9.0,7.29,斤,,,2026-08-19
肉禽蛋,禽蛋类,乌鸡蛋,7.2,8.0,7.6,斤,,,2026-08-19
肉禽蛋,禽蛋类,变蛋,0.75,1.0,0.88,个,,,2026-08-19
肉禽蛋,禽蛋类,鸵鸟蛋,65.0,65.0,65.0,个,,,2026-08-19
肉禽蛋,禽蛋类,鸽子蛋,2.4,2.5,2.45,个,,,2026-08-19
肉禽蛋,禽蛋类,活珠子,1.3,1.5,1.4,个,,,2026-08-19
肉禽蛋,禽蛋类,山鸡蛋,1.0,1.0,1.0,个,,,2026-08-19
肉禽蛋,禽蛋类,淘汰鸡,12.0,12.0,12.0,斤,,干净膛,2026-08-18
肉禽蛋,禽蛋类,淘汰鸡,11.0,11.0,11.0,斤,,净膛,2026-08-18
肉禽蛋,禽蛋类,仔鸡,6.5,6.5,6.5,斤,,净膛,2026-08-18
肉禽蛋,禽蛋类,肉鸡,6.5,6.5,6.5,斤,,,2026-08-18
肉禽蛋,禽蛋类,鸡胸,6.5,6.5,6.5,斤,,,2026-08-18
肉禽蛋,禽蛋类,鸡翅,11.0,12.0,11.5,斤,,,2026-08-18
肉禽蛋,禽蛋类,鸡翅尖,7.0,7.5,7.25,斤,,,2026-08-18
肉禽蛋,禽蛋类,鸡翅中,24.0,25.0,24.5,斤,,,2026-08-18
肉禽蛋,禽蛋类,鸡翅根,6.5,6.5,6.5,斤,,,2026-08-18
肉禽蛋,禽蛋类,鸡边腿,5.8,6.0,5.9,斤,,,2026-08-18
肉禽蛋,禽蛋类,鸡排腿,6.5,6.5,6.5,斤,,,2026-08-18
肉禽蛋,禽蛋类,鸡琵琶腿,6.5,6.5,6.5,斤,,,2026-08-18
肉禽蛋,禽蛋类,鸡胗,11.0,13.0,12.0,斤,,,2026-08-18
肉禽蛋,禽蛋类,鸡爪,17.0,17.0,17.0,斤,,,2026-08-18
肉禽蛋,禽蛋类,鸡心,5.0,5.0,5.0,斤,,,2026-08-18
肉禽蛋,禽蛋类,鸡肝,2.5,2.5,2.5,斤,,,2026-08-18
肉禽蛋,禽蛋类,鸡脖子,5.0,5.0,5.0,斤,,去皮,2026-08-18
肉禽蛋,禽蛋类,鸡头,2.5,3.5,3.0,斤,,,2026-08-18
肉禽蛋,禽蛋类,鸡油,5.0,5.0,5.0,斤,,,2026-08-18
肉禽蛋,禽蛋类,鸡架子,3.0,3.5,3.25,斤,,,2026-08-18
肉禽蛋,禽蛋类,白条乌鸡,11.0,11.0,11.0,斤,,净膛,2026-08-18
肉禽蛋,禽蛋类,黑爪公鸡,10.0,11.0,10.5,斤,,净膛,2026-08-18
肉禽蛋,禽蛋类,白条鹅,10.0,11.0,10.5,斤,,净膛,2026-08-18
肉禽蛋,禽蛋类,白条湖鸭,7.0,7.0,7.0,斤,,,2026-08-18
肉禽蛋,禽蛋类,鸭肠,6.5,7.5,7.0,斤,,,2026-08-18
肉禽蛋,禽蛋类,鸭肝,2.5,3.0,2.75,斤,,,2026-08-18
肉禽蛋,禽蛋类,鸭头,12.0,13.0,12.5,斤,,,2026-08-18
肉禽蛋,禽蛋类,鸭心,5.0,5.0,5.0,斤,,,2026-08-18
肉禽蛋,禽蛋类,鸭腿,4.5,5.0,4.75,斤,,,2026-08-18
肉禽蛋,禽蛋类,鸭胗,12.0,14.0,13.0,斤,,,2026-08-18
肉禽蛋,禽蛋类,鸭脖子,7.0,7.5,7.25,斤,,去皮,2026-08-18
肉禽蛋,禽蛋类,白条乳鸽,20.0,23.0,21.5,只,,,2026-08-18
肉禽蛋,禽蛋类,白条兔,14.0,15.0,14.5,斤,,冻,2026-08-18
肉禽蛋,禽蛋类,筐鸡蛋,240.0,245.0,242.5,筐,,净44斤,2026-08-18
肉禽蛋,禽蛋类,筐鸡蛋,5.45,5.57,5.51,斤,,,2026-08-18
肉禽蛋,禽蛋类,箱鸡蛋,255.0,260.0,257.5,箱,,带蛋托净42斤,2026-08-18
肉禽蛋,禽蛋类,散鸡蛋,6.0,6.0,6.0,斤,,,2026-08-18
肉禽蛋,禽蛋类,生鸭蛋,6.5,7.0,6.75,斤,,,2026-08-18
肉禽蛋,禽蛋类,熟鸭蛋,7.5,8.5,8.0,斤,,,2026-08-18
肉禽蛋,禽蛋类,松花蛋,7.2,8.5,7.85,斤,,,2026-08-18
肉禽蛋,禽蛋类,鹅蛋,14.5,15.0,14.75,斤,,,2026-08-18
肉禽蛋,禽蛋类,鹌鹑蛋,5.7,7.0,6.35,斤,,,2026-08-18
肉禽蛋,禽蛋类,柴鸡蛋,5.57,9.0,7.29,斤,,,2026-08-18
肉禽蛋,禽蛋类,乌鸡蛋,7.2,8.0,7.6,斤,,,2026-08-18
肉禽蛋,禽蛋类,变蛋,0.75,1.0,0.88,个,,,2026-08-18
肉禽蛋,禽蛋类,鸵鸟蛋,65.0,65.0,65.0,个,,,2026-08-18
肉禽蛋,禽蛋类,鸽子蛋,2.4,2.5,2.45,个,,,2026-08-18
肉禽蛋,禽蛋类,活珠子,1.3,1.5,1.4,个,,,2026-08-18
肉禽蛋,禽蛋类,山鸡蛋,1.0,1.2,1.1,个,,,2026-08-18
肉禽蛋,禽蛋类,淘汰鸡,12.0,12.0,12.0,斤,,干净膛,2026-08-17
肉禽蛋,禽蛋类,淘汰鸡,11.0,11.0,11.0,斤,,净膛,2026-08-17
肉禽蛋,禽蛋类,仔鸡,6.5,6.5,6.5,斤,,净膛,2026-08-17
肉禽蛋,禽蛋类,肉鸡,6.5,6.5,6.5,斤,,,2026-08-17
肉禽蛋,禽蛋类,鸡胸,6.5,6.5,6.5,斤,,,2026-08-17
肉禽蛋,禽蛋类,鸡翅,11.0,12.0,11.5,斤,,,2026-08-17
肉禽蛋,禽蛋类,鸡翅尖,7.0,7.5,7.25,斤,,,2026-08-17
肉禽蛋,禽蛋类,鸡翅中,24.0,25.0,24.5,斤,,,2026-08-17
肉禽蛋,禽蛋类,鸡翅根,6.5,6.5,6.5,斤,,,2026-08-17
肉禽蛋,禽蛋类,鸡边腿,5.8,6.0,5.9,斤,,,2026-08-17
肉禽蛋,禽蛋类,鸡排腿,6.5,6.5,6.5,斤,,,2026-08-17
肉禽蛋,禽蛋类,鸡琵琶腿,6.5,6.5,6.5,斤,,,2026-08-17
肉禽蛋,禽蛋类,鸡胗,11.0,13.0,12.0,斤,,,2026-08-17
肉禽蛋,禽蛋类,鸡爪,17.0,17.0,17.0,斤,,,2026-08-17
肉禽蛋,禽蛋类,鸡心,5.0,5.0,5.0,斤,,,2026-08-17
肉禽蛋,禽蛋类,鸡肝,2.5,2.5,2.5,斤,,,2026-08-17
肉禽蛋,禽蛋类,鸡脖子,5.0,5.0,5.0,斤,,去皮,2026-08-17
肉禽蛋,禽蛋类,鸡头,2.5,3.5,3.0,斤,,,2026-08-17
肉禽蛋,禽蛋类,鸡油,5.0,5.0,5.0,斤,,,2026-08-17
肉禽蛋,禽蛋类,鸡架子,3.0,3.5,3.25,斤,,,2026-08-17
肉禽蛋,禽蛋类,白条乌鸡,11.0,11.0,11.0,斤,,净膛,2026-08-17
肉禽蛋,禽蛋类,黑爪公鸡,10.0,11.0,10.5,斤,,净膛,2026-08-17
肉禽蛋,禽蛋类,白条鹅,10.0,11.0,10.5,斤,,净膛,2026-08-17
肉禽蛋,禽蛋类,白条湖鸭,7.0,7.0,7.0,斤,,,2026-08-17
肉禽蛋,禽蛋类,鸭肠,6.5,7.5,7.0,斤,,,2026-08-17
肉禽蛋,禽蛋类,鸭肝,2.5,3.0,2.75,斤,,,2026-08-17
肉禽蛋,禽蛋类,鸭头,12.0,13.0,12.5,斤,,,2026-08-17
肉禽蛋,禽蛋类,鸭心,5.0,5.0,5.0,斤,,,2026-08-17
肉禽蛋,禽蛋类,鸭腿,4.5,5.0,4.75,斤,,,2026-08-17
肉禽蛋,禽蛋类,鸭胗,12.0,14.0,13.0,斤,,,2026-08-17
肉禽蛋,禽蛋类,鸭脖子,7.0,7.5,7.25,斤,,去皮,2026-08-17
肉禽蛋,禽蛋类,白条乳鸽,20.0,23.0,21.5,只,,,2026-08-17
肉禽蛋,禽蛋类,白条兔,14.0,15.0,14.5,斤,,冻,2026-08-17
肉禽蛋,禽蛋类,筐鸡蛋,235.0,240.0,237.5,筐,,净44斤,2026-08-17
肉禽蛋,禽蛋类,筐鸡蛋,5.34,5.45,5.4,斤,,,2026-08-17
肉禽蛋,禽蛋类,箱鸡蛋,250.0,255.0,252.5,箱,,带蛋托净42斤,2026-08-17
肉禽蛋,禽蛋类,散鸡蛋,5.8,6.0,5.9,斤,,,2026-08-17
肉禽蛋,禽蛋类,生鸭蛋,6.5,7.0,6.75,斤,,,2026-08-17
肉禽蛋,禽蛋类,熟鸭蛋,7.5,8.5,8.0,斤,,,2026-08-17
肉禽蛋,禽蛋类,松花蛋,7.2,8.5,7.85,斤,,,2026-08-17
肉禽蛋,禽蛋类,鹅蛋,14.0,15.0,14.5,斤,,,2026-08-17
肉禽蛋,禽蛋类,鹌鹑蛋,5.7,7.0,6.35,斤,,,2026-08-17
肉禽蛋,禽蛋类,柴鸡蛋,5.45,9.0,7.23,斤,,,2026-08-17
肉禽蛋,禽蛋类,乌鸡蛋,7.0,8.0,7.5,斤,,,2026-08-17
肉禽蛋,禽蛋类,变蛋,0.75,1.0,0.88,个,,,2026-08-17
肉禽蛋,禽蛋类,鸵鸟蛋,65.0,70.0,67.5,个,,,2026-08-17
肉禽蛋,禽蛋类,鸽子蛋,2.4,2.5,2.45,个,,,2026-08-17
肉禽蛋,禽蛋类,活珠子,1.3,1.5,1.4,个,,,2026-08-17
肉禽蛋,禽蛋类,山鸡蛋,1.0,1.2,1.1,个,,,2026-08-17
肉禽蛋,禽蛋类,淘汰鸡,12.0,12.0,12.0,斤,,干净膛,2026-08-16
肉禽蛋,禽蛋类,淘汰鸡,11.0,11.0,11.0,斤,,净膛,2026-08-16
肉禽蛋,禽蛋类,仔鸡,6.5,6.5,6.5,斤,,净膛,2026-08-16
肉禽蛋,禽蛋类,肉鸡,6.5,6.5,6.5,斤,,,2026-08-16
肉禽蛋,禽蛋类,鸡胸,6.5,6.5,6.5,斤,,,2026-08-16
肉禽蛋,禽蛋类,鸡翅,11.0,12.0,11.5,斤,,,2026-08-16
肉禽蛋,禽蛋类,鸡翅尖,7.0,7.5,7.25,斤,,,2026-08-16
肉禽蛋,禽蛋类,鸡翅中,25.0,25.0,25.0,斤,,,2026-08-16
肉禽蛋,禽蛋类,鸡翅根,6.5,6.5,6.5,斤,,,2026-08-16
肉禽蛋,禽蛋类,鸡边腿,5.8,6.0,5.9,斤,,,2026-08-16
肉禽蛋,禽蛋类,鸡排腿,6.5,6.5,6.5,斤,,,2026-08-16
肉禽蛋,禽蛋类,鸡琵琶腿,6.5,6.5,6.5,斤,,,2026-08-16
肉禽蛋,禽蛋类,鸡胗,10.0,13.0,11.5,斤,,,2026-08-16
肉禽蛋,禽蛋类,鸡爪,17.0,17.0,17.0,斤,,,2026-08-16
肉禽蛋,禽蛋类,鸡心,5.0,5.0,5.0,斤,,,2026-08-16
肉禽蛋,禽蛋类,鸡肝,2.5,2.5,2.5,斤,,,2026-08-16
肉禽蛋,禽蛋类,鸡脖子,5.0,5.0,5.0,斤,,去皮,2026-08-16
肉禽蛋,禽蛋类,鸡头,2.5,4.0,3.25,斤,,,2026-08-16
肉禽蛋,禽蛋类,鸡油,5.0,5.0,5.0,斤,,,2026-08-16
肉禽蛋,禽蛋类,鸡架子,3.0,3.5,3.25,斤,,,2026-08-16
肉禽蛋,禽蛋类,白条乌鸡,11.0,11.0,11.0,斤,,净膛,2026-08-16
肉禽蛋,禽蛋类,黑爪公鸡,10.0,12.0,11.0,斤,,净膛,2026-08-16
肉禽蛋,禽蛋类,白条鹅,10.0,11.0,10.5,斤,,净膛,2026-08-16
肉禽蛋,禽蛋类,白条湖鸭,7.0,7.0,7.0,斤,,,2026-08-16
肉禽蛋,禽蛋类,鸭肠,6.5,7.5,7.0,斤,,,2026-08-16
肉禽蛋,禽蛋类,鸭肝,2.5,3.0,2.75,斤,,,2026-08-16
肉禽蛋,禽蛋类,鸭头,12.0,13.0,12.5,斤,,,2026-08-16
肉禽蛋,禽蛋类,鸭心,5.0,5.0,5.0,斤,,,2026-08-16
肉禽蛋,禽蛋类,鸭腿,4.5,5.0,4.75,斤,,,2026-08-16
肉禽蛋,禽蛋类,鸭胗,12.0,14.0,13.0,斤,,,2026-08-16
肉禽蛋,禽蛋类,鸭脖子,7.0,7.5,7.25,斤,,去皮,2026-08-16
肉禽蛋,禽蛋类,白条乳鸽,20.0,22.0,21.0,只,,,2026-08-16
肉禽蛋,禽蛋类,白条兔,14.0,15.0,14.5,斤,,冻,2026-08-16
肉禽蛋,禽蛋类,筐鸡蛋,230.0,235.0,232.5,筐,,净44斤,2026-08-16
肉禽蛋,禽蛋类,筐鸡蛋,5.23,5.34,5.29,斤,,,2026-08-16
肉禽蛋,禽蛋类,箱鸡蛋,245.0,250.0,247.5,箱,,带蛋托净42斤,2026-08-16
肉禽蛋,禽蛋类,散鸡蛋,5.6,5.8,5.7,斤,,,2026-08-16
肉禽蛋,禽蛋类,生鸭蛋,6.5,7.0,6.75,斤,,,2026-08-16
肉禽蛋,禽蛋类,熟鸭蛋,7.3,8.5,7.9,斤,,,2026-08-16
肉禽蛋,禽蛋类,松花蛋,7.0,8.5,7.75,斤,,,2026-08-16
肉禽蛋,禽蛋类,鹅蛋,13.0,14.0,13.5,斤,,,2026-08-16
肉禽蛋,禽蛋类,鹌鹑蛋,5.8,7.0,6.4,斤,,,2026-08-16
肉禽蛋,禽蛋类,柴鸡蛋,5.34,9.0,7.17,斤,,,2026-08-16
肉禽蛋,禽蛋类,乌鸡蛋,7.0,8.0,7.5,斤,,,2026-08-16
肉禽蛋,禽蛋类,变蛋,0.75,1.0,0.88,个,,,2026-08-16
肉禽蛋,禽蛋类,鸵鸟蛋,65.0,70.0,67.5,个,,,2026-08-16
肉禽蛋,禽蛋类,鸽子蛋,2.4,2.5,2.45,个,,,2026-08-16
肉禽蛋,禽蛋类,活珠子,1.3,1.5,1.4,个,,,2026-08-16
肉禽蛋,禽蛋类,山鸡蛋,1.0,1.2,1.1,个,,,2026-08-16
肉禽蛋,禽蛋类,淘汰鸡,12.0,12.0,12.0,斤,,干净膛,2026-08-15
肉禽蛋,禽蛋类,淘汰鸡,11.0,11.0,11.0,斤,,净膛,2026-08-15
肉禽蛋,禽蛋类,仔鸡,6.5,6.5,6.5,斤,,净膛,2026-08-15
肉禽蛋,禽蛋类,肉鸡,6.5,6.5,6.5,斤,,,2026-08-15
肉禽蛋,禽蛋类,鸡胸,6.5,6.5,6.5,斤,,,2026-08-15
肉禽蛋,禽蛋类,鸡翅,12.0,12.0,12.0,斤,,,2026-08-15
肉禽蛋,禽蛋类,鸡翅尖,7.0,7.5,7.25,斤,,,2026-08-15
肉禽蛋,禽蛋类,鸡翅中,25.0,25.0,25.0,斤,,,2026-08-15
肉禽蛋,禽蛋类,鸡翅根,6.5,6.5,6.5,斤,,,2026-08-15
肉禽蛋,禽蛋类,鸡边腿,5.8,6.0,5.9,斤,,,2026-08-15
肉禽蛋,禽蛋类,鸡排腿,6.5,6.5,6.5,斤,,,2026-08-15
肉禽蛋,禽蛋类,鸡琵琶腿,6.5,6.5,6.5,斤,,,2026-08-15
肉禽蛋,禽蛋类,鸡胗,10.0,13.0,11.5,斤,,,2026-08-15
肉禽蛋,禽蛋类,鸡爪,17.0,17.0,17.0,斤,,,2026-08-15
肉禽蛋,禽蛋类,鸡心,5.0,5.0,5.0,斤,,,2026-08-15
肉禽蛋,禽蛋类,鸡肝,2.5,2.5,2.5,斤,,,2026-08-15
肉禽蛋,禽蛋类,鸡脖子,5.0,5.0,5.0,斤,,去皮,2026-08-15
肉禽蛋,禽蛋类,鸡头,2.5,4.0,3.25,斤,,,2026-08-15
肉禽蛋,禽蛋类,鸡油,5.0,5.0,5.0,斤,,,2026-08-15
肉禽蛋,禽蛋类,鸡架子,3.0,3.5,3.25,斤,,,2026-08-15
肉禽蛋,禽蛋类,白条乌鸡,11.0,11.0,11.0,斤,,净膛,2026-08-15
肉禽蛋,禽蛋类,黑爪公鸡,10.0,12.0,11.0,斤,,净膛,2026-08-15
肉禽蛋,禽蛋类,白条鹅,10.0,11.0,10.5,斤,,净膛,2026-08-15
肉禽蛋,禽蛋类,白条湖鸭,7.0,7.0,7.0,斤,,,2026-08-15
肉禽蛋,禽蛋类,鸭肠,6.5,7.5,7.0,斤,,,2026-08-15
肉禽蛋,禽蛋类,鸭肝,2.5,3.0,2.75,斤,,,2026-08-15
肉禽蛋,禽蛋类,鸭头,12.0,13.0,12.5,斤,,,2026-08-15
肉禽蛋,禽蛋类,鸭心,5.0,5.0,5.0,斤,,,2026-08-15
肉禽蛋,禽蛋类,鸭腿,4.5,5.0,4.75,斤,,,2026-08-15
肉禽蛋,禽蛋类,鸭胗,12.0,14.0,13.0,斤,,,2026-08-15
肉禽蛋,禽蛋类,鸭脖子,7.0,7.5,7.25,斤,,去皮,2026-08-15
肉禽蛋,禽蛋类,白条乳鸽,20.0,22.0,21.0,只,,,2026-08-15
肉禽蛋,禽蛋类,白条兔,14.0,15.0,14.5,斤,,冻,2026-08-15
肉禽蛋,禽蛋类,筐鸡蛋,226.0,230.0,228.0,筐,,净44斤,2026-08-15
肉禽蛋,禽蛋类,筐鸡蛋,5.14,5.23,5.19,斤,,,2026-08-15
肉禽蛋,禽蛋类,箱鸡蛋,240.0,245.0,242.5,箱,,带蛋托净42斤,2026-08-15
肉禽蛋,禽蛋类,散鸡蛋,5.6,5.8,5.7,斤,,,2026-08-15
肉禽蛋,禽蛋类,生鸭蛋,6.5,7.0,6.75,斤,,,2026-08-15
肉禽蛋,禽蛋类,熟鸭蛋,7.3,8.5,7.9,斤,,,2026-08-15
肉禽蛋,禽蛋类,松花蛋,7.0,8.5,7.75,斤,,,2026-08-15
肉禽蛋,禽蛋类,鹅蛋,13.0,14.0,13.5,斤,,,2026-08-15
肉禽蛋,禽蛋类,鹌鹑蛋,5.8,7.0,6.4,斤,,,2026-08-15
肉禽蛋,禽蛋类,柴鸡蛋,5.23,9.0,7.12,斤,,,2026-08-15
肉禽蛋,禽蛋类,乌鸡蛋,7.0,8.0,7.5,斤,,,2026-08-15
肉禽蛋,禽蛋类,变蛋,0.75,1.0,0.88,个,,,2026-08-15
肉禽蛋,禽蛋类,鸵鸟蛋,65.0,70.0,67.5,个,,,2026-08-15
肉禽蛋,禽蛋类,鸽子蛋,2.4,2.5,2.45,个,,,2026-08-15
肉禽蛋,禽蛋类,活珠子,1.3,1.5,1.4,个,,,2026-08-15
肉禽蛋,禽蛋类,山鸡蛋,1.0,1.2,1.1,个,,,2026-08-15
肉禽蛋,禽蛋类,淘汰鸡,12.0,12.0,12.0,斤,,干净膛,2026-08-14
肉禽蛋,禽蛋类,淘汰鸡,11.0,11.0,11.0,斤,,净膛,2026-08-14
肉禽蛋,禽蛋类,仔鸡,6.5,6.5,6.5,斤,,净膛,2026-08-14
肉禽蛋,禽蛋类,肉鸡,6.5,6.5,6.5,斤,,,2026-08-14
肉禽蛋,禽蛋类,鸡胸,6.5,6.5,6.5,斤,,,2026-08-14
肉禽蛋,禽蛋类,鸡翅,12.0,12.0,12.0,斤,,,2026-08-14
肉禽蛋,禽蛋类,鸡翅尖,7.0,7.5,7.25,斤,,,2026-08-14
肉禽蛋,禽蛋类,鸡翅中,25.0,25.0,25.0,斤,,,2026-08-14
肉禽蛋,禽蛋类,鸡翅根,6.5,6.5,6.5,斤,,,2026-08-14
肉禽蛋,禽蛋类,鸡边腿,5.8,6.0,5.9,斤,,,2026-08-14
肉禽蛋,禽蛋类,鸡排腿,6.5,6.5,6.5,斤,,,2026-08-14
肉禽蛋,禽蛋类,鸡琵琶腿,6.5,6.5,6.5,斤,,,2026-08-14
肉禽蛋,禽蛋类,鸡胗,10.0,13.0,11.5,斤,,,2026-08-14
肉禽蛋,禽蛋类,鸡爪,17.0,17.0,17.0,斤,,,2026-08-14
肉禽蛋,禽蛋类,鸡心,5.0,5.0,5.0,斤,,,2026-08-14
肉禽蛋,禽蛋类,鸡肝,2.5,2.5,2.5,斤,,,2026-08-14
肉禽蛋,禽蛋类,鸡脖子,5.0,5.0,5.0,斤,,去皮,2026-08-14
肉禽蛋,禽蛋类,鸡头,2.5,4.0,3.25,斤,,,2026-08-14
肉禽蛋,禽蛋类,鸡油,5.0,5.0,5.0,斤,,,2026-08-14
肉禽蛋,禽蛋类,鸡架子,3.0,3.5,3.25,斤,,,2026-08-14
肉禽蛋,禽蛋类,白条乌鸡,11.0,11.0,11.0,斤,,净膛,2026-08-14
肉禽蛋,禽蛋类,黑爪公鸡,10.0,12.0,11.0,斤,,净膛,2026-08-14
肉禽蛋,禽蛋类,白条鹅,10.0,11.0,10.5,斤,,净膛,2026-08-14
肉禽蛋,禽蛋类,白条湖鸭,7.0,7.0,7.0,斤,,,2026-08-14
肉禽蛋,禽蛋类,鸭肠,6.5,7.5,7.0,斤,,,2026-08-14
肉禽蛋,禽蛋类,鸭肝,2.5,3.0,2.75,斤,,,2026-08-14
肉禽蛋,禽蛋类,鸭头,12.0,13.0,12.5,斤,,,2026-08-14
肉禽蛋,禽蛋类,鸭心,5.0,5.0,5.0,斤,,,2026-08-14
肉禽蛋,禽蛋类,鸭腿,4.5,5.0,4.75,斤,,,2026-08-14
肉禽蛋,禽蛋类,鸭胗,12.0,14.0,13.0,斤,,,2026-08-14
肉禽蛋,禽蛋类,鸭脖子,7.0,7.5,7.25,斤,,去皮,2026-08-14
肉禽蛋,禽蛋类,白条乳鸽,20.0,22.0,21.0,只,,,2026-08-14
肉禽蛋,禽蛋类,白条兔,14.0,15.0,14.5,斤,,冻,2026-08-14
肉禽蛋,禽蛋类,筐鸡蛋,222.0,227.0,224.5,筐,,净44斤,2026-08-14
肉禽蛋,禽蛋类,筐鸡蛋,5.05,5.16,5.11,斤,,,2026-08-14
肉禽蛋,禽蛋类,箱鸡蛋,237.0,242.0,239.5,箱,,带蛋托净42斤,2026-08-14
肉禽蛋,禽蛋类,散鸡蛋,5.6,5.8,5.7,斤,,,2026-08-14
肉禽蛋,禽蛋类,生鸭蛋,6.5,7.0,6.75,斤,,,2026-08-14
肉禽蛋,禽蛋类,熟鸭蛋,7.3,8.5,7.9,斤,,,2026-08-14
肉禽蛋,禽蛋类,松花蛋,7.0,8.5,7.75,斤,,,2026-08-14
肉禽蛋,禽蛋类,鹅蛋,13.0,14.0,13.5,斤,,,2026-08-14
肉禽蛋,禽蛋类,鹌鹑蛋,5.8,7.0,6.4,斤,,,2026-08-14
肉禽蛋,禽蛋类,柴鸡蛋,5.0,9.0,7.0,斤,,,2026-08-14
肉禽蛋,禽蛋类,乌鸡蛋,7.0,8.0,7.5,斤,,,2026-08-14
肉禽蛋,禽蛋类,变蛋,0.75,1.0,0.88,个,,,2026-08-14
肉禽蛋,禽蛋类,鸵鸟蛋,65.0,70.0,67.5,个,,,2026-08-14
肉禽蛋,禽蛋类,鸽子蛋,2.4,2.5,2.45,个,,,2026-08-14
肉禽蛋,禽蛋类,活珠子,1.3,1.5,1.4,个,,,2026-08-14
肉禽蛋,禽蛋类,山鸡蛋,1.0,1.2,1.1,个,,,2026-08-14
肉禽蛋,禽蛋类,淘汰鸡,12.0,12.0,12.0,斤,,干净膛,2026-08-13
肉禽蛋,禽蛋类,淘汰鸡,11.0,11.0,11.0,斤,,净膛,2026-08-13
肉禽蛋,禽蛋类,仔鸡,6.5,6.5,6.5,斤,,净膛,2026-08-13
肉禽蛋,禽蛋类,肉鸡,6.5,6.5,6.5,斤,,,2026-08-13
肉禽蛋,禽蛋类,鸡胸,6.5,6.5,6.5,斤,,,2026-08-13
肉禽蛋,禽蛋类,鸡翅,12.0,12.0,12.0,斤,,,2026-08-13
肉禽蛋,禽蛋类,鸡翅尖,7.0,7.5,7.25,斤,,,2026-08-13
肉禽蛋,禽蛋类,鸡翅中,25.0,25.0,25.0,斤,,,2026-08-13
肉禽蛋,禽蛋类,鸡翅根,6.5,6.5,6.5,斤,,,2026-08-13
肉禽蛋,禽蛋类,鸡边腿,5.8,6.0,5.9,斤,,,2026-08-13
肉禽蛋,禽蛋类,鸡排腿,6.5,6.5,6.5,斤,,,2026-08-13
肉禽蛋,禽蛋类,鸡琵琶腿,6.5,6.5,6.5,斤,,,2026-08-13
肉禽蛋,禽蛋类,鸡胗,10.0,13.0,11.5,斤,,,2026-08-13
肉禽蛋,禽蛋类,鸡爪,17.0,17.0,17.0,斤,,,2026-08-13
肉禽蛋,禽蛋类,鸡心,5.0,5.0,5.0,斤,,,2026-08-13
肉禽蛋,禽蛋类,鸡肝,2.5,2.5,2.5,斤,,,2026-08-13
肉禽蛋,禽蛋类,鸡脖子,5.0,5.0,5.0,斤,,去皮,2026-08-13
肉禽蛋,禽蛋类,鸡头,2.5,4.0,3.25,斤,,,2026-08-13
肉禽蛋,禽蛋类,鸡油,5.0,5.0,5.0,斤,,,2026-08-13
肉禽蛋,禽蛋类,鸡架子,3.0,3.5,3.25,斤,,,2026-08-13
肉禽蛋,禽蛋类,白条乌鸡,11.0,11.0,11.0,斤,,净膛,2026-08-13
肉禽蛋,禽蛋类,黑爪公鸡,10.0,12.0,11.0,斤,,净膛,2026-08-13
肉禽蛋,禽蛋类,白条鹅,10.0,11.0,10.5,斤,,净膛,2026-08-13
肉禽蛋,禽蛋类,白条湖鸭,7.0,7.0,7.0,斤,,,2026-08-13
肉禽蛋,禽蛋类,鸭肠,6.5,7.5,7.0,斤,,,2026-08-13
肉禽蛋,禽蛋类,鸭肝,2.5,3.0,2.75,斤,,,2026-08-13
肉禽蛋,禽蛋类,鸭头,12.0,13.0,12.5,斤,,,2026-08-13
肉禽蛋,禽蛋类,鸭心,5.0,5.0,5.0,斤,,,2026-08-13
肉禽蛋,禽蛋类,鸭腿,4.5,5.0,4.75,斤,,,2026-08-13
肉禽蛋,禽蛋类,鸭胗,12.0,14.0,13.0,斤,,,2026-08-13
肉禽蛋,禽蛋类,鸭脖子,7.0,7.5,7.25,斤,,去皮,2026-08-13
肉禽蛋,禽蛋类,白条乳鸽,20.0,22.0,21.0,只,,,2026-08-13
肉禽蛋,禽蛋类,白条兔,14.0,15.0,14.5,斤,,冻,2026-08-13
肉禽蛋,禽蛋类,筐鸡蛋,216.0,220.0,218.0,筐,,净44斤,2026-08-13
肉禽蛋,禽蛋类,筐鸡蛋,4.91,5.0,4.96,斤,,,2026-08-13
肉禽蛋,禽蛋类,箱鸡蛋,230.0,235.0,232.5,箱,,带蛋托净42斤,2026-08-13
肉禽蛋,禽蛋类,散鸡蛋,5.5,5.5,5.5,斤,,,2026-08-13
肉禽蛋,禽蛋类,生鸭蛋,6.5,7.0,6.75,斤,,,2026-08-13
肉禽蛋,禽蛋类,熟鸭蛋,7.3,8.5,7.9,斤,,,2026-08-13
肉禽蛋,禽蛋类,松花蛋,7.0,8.5,7.75,斤,,,2026-08-13
肉禽蛋,禽蛋类,鹅蛋,13.0,14.0,13.5,斤,,,2026-08-13
肉禽蛋,禽蛋类,鹌鹑蛋,5.8,7.0,6.4,斤,,,2026-08-13
肉禽蛋,禽蛋类,柴鸡蛋,5.0,9.0,7.0,斤,,,2026-08-13
肉禽蛋,禽蛋类,乌鸡蛋,7.0,8.0,7.5,斤,,,2026-08-13
肉禽蛋,禽蛋类,变蛋,0.75,1.0,0.88,个,,,2026-08-13
肉禽蛋,禽蛋类,鸵鸟蛋,65.0,70.0,67.5,个,,,2026-08-13
肉禽蛋,禽蛋类,鸽子蛋,2.4,2.5,2.45,个,,,2026-08-13
肉禽蛋,禽蛋类,活珠子,1.3,1.5,1.4,个,,,2026-08-13
肉禽蛋,禽蛋类,山鸡蛋,1.0,1.2,1.1,个,,,2026-08-13
肉禽蛋,禽蛋类,淘汰鸡,12.0,12.0,12.0,斤,,干净膛,2026-08-12
肉禽蛋,禽蛋类,淘汰鸡,11.0,11.0,11.0,斤,,净膛,2026-08-12
肉禽蛋,禽蛋类,仔鸡,6.5,7.0,6.75,斤,,净膛,2026-08-12
肉禽蛋,禽蛋类,肉鸡,6.5,6.5,6.5,斤,,,2026-08-12
肉禽蛋,禽蛋类,鸡胸,6.5,6.5,6.5,斤,,,2026-08-12
肉禽蛋,禽蛋类,鸡翅,12.0,12.0,12.0,斤,,,2026-08-12
肉禽蛋,禽蛋类,鸡翅尖,7.0,7.5,7.25,斤,,,2026-08-12
肉禽蛋,禽蛋类,鸡翅中,25.0,25.0,25.0,斤,,,2026-08-12
肉禽蛋,禽蛋类,鸡翅根,6.5,6.5,6.5,斤,,,2026-08-12
肉禽蛋,禽蛋类,鸡边腿,5.8,6.0,5.9,斤,,,2026-08-12
肉禽蛋,禽蛋类,鸡排腿,6.5,6.5,6.5,斤,,,2026-08-12
肉禽蛋,禽蛋类,鸡琵琶腿,6.5,6.5,6.5,斤,,,2026-08-12
肉禽蛋,禽蛋类,鸡胗,10.0,13.0,11.5,斤,,,2026-08-12
肉禽蛋,禽蛋类,鸡爪,17.0,17.0,17.0,斤,,,2026-08-12
肉禽蛋,禽蛋类,鸡心,5.0,5.0,5.0,斤,,,2026-08-12
肉禽蛋,禽蛋类,鸡肝,2.5,2.5,2.5,斤,,,2026-08-12
肉禽蛋,禽蛋类,鸡脖子,5.0,5.0,5.0,斤,,去皮,2026-08-12
肉禽蛋,禽蛋类,鸡头,2.5,4.0,3.25,斤,,,2026-08-12
肉禽蛋,禽蛋类,鸡油,5.0,5.0,5.0,斤,,,2026-08-12
肉禽蛋,禽蛋类,鸡架子,3.0,3.5,3.25,斤,,,2026-08-12
肉禽蛋,禽蛋类,白条乌鸡,11.0,11.0,11.0,斤,,净膛,2026-08-12
肉禽蛋,禽蛋类,黑爪公鸡,10.0,12.0,11.0,斤,,净膛,2026-08-12
肉禽蛋,禽蛋类,白条鹅,10.0,11.0,10.5,斤,,净膛,2026-08-12
肉禽蛋,禽蛋类,白条湖鸭,7.0,7.0,7.0,斤,,,2026-08-12
肉禽蛋,禽蛋类,鸭肠,6.5,7.5,7.0,斤,,,2026-08-12
肉禽蛋,禽蛋类,鸭肝,2.5,3.0,2.75,斤,,,2026-08-12
肉禽蛋,禽蛋类,鸭头,12.0,13.0,12.5,斤,,,2026-08-12
肉禽蛋,禽蛋类,鸭心,5.0,5.0,5.0,斤,,,2026-08-12
肉禽蛋,禽蛋类,鸭腿,4.5,5.0,4.75,斤,,,2026-08-12
肉禽蛋,禽蛋类,鸭胗,12.0,14.0,13.0,斤,,,2026-08-12
肉禽蛋,禽蛋类,鸭脖子,7.0,7.5,7.25,斤,,去皮,2026-08-12
肉禽蛋,禽蛋类,白条乳鸽,20.0,22.0,21.0,只,,,2026-08-12
肉禽蛋,禽蛋类,白条兔,14.0,15.0,14.5,斤,,冻,2026-08-12
肉禽蛋,禽蛋类,筐鸡蛋,210.0,215.0,212.5,筐,,净44斤,2026-08-12
肉禽蛋,禽蛋类,筐鸡蛋,4.77,4.89,4.83,斤,,,2026-08-12
肉禽蛋,禽蛋类,箱鸡蛋,225.0,230.0,227.5,箱,,带蛋托净42斤,2026-08-12
肉禽蛋,禽蛋类,散鸡蛋,5.3,5.5,5.4,斤,,,2026-08-12
肉禽蛋,禽蛋类,生鸭蛋,6.5,7.0,6.75,斤,,,2026-08-12
肉禽蛋,禽蛋类,熟鸭蛋,7.2,8.5,7.85,斤,,,2026-08-12
肉禽蛋,禽蛋类,松花蛋,6.7,8.5,7.6,斤,,,2026-08-12
肉禽蛋,禽蛋类,鹅蛋,12.5,14.0,13.25,斤,,,2026-08-12
肉禽蛋,禽蛋类,鹌鹑蛋,5.8,7.0,6.4,斤,,,2026-08-12
肉禽蛋,禽蛋类,柴鸡蛋,4.89,9.0,6.95,斤,,,2026-08-12
肉禽蛋,禽蛋类,乌鸡蛋,7.0,8.0,7.5,斤,,,2026-08-12
肉禽蛋,禽蛋类,变蛋,0.75,1.0,0.88,个,,,2026-08-12
肉禽蛋,禽蛋类,鸵鸟蛋,65.0,70.0,67.5,个,,,2026-08-12
肉禽蛋,禽蛋类,鸽子蛋,2.4,2.5,2.45,个,,,2026-08-12
肉禽蛋,禽蛋类,活珠子,1.3,1.5,1.4,个,,,2026-08-12
肉禽蛋,禽蛋类,山鸡蛋,1.0,1.2,1.1,个,,,2026-08-12
肉禽蛋,禽蛋类,淘汰鸡,12.0,12.0,12.0,斤,,干净膛,2026-08-11
肉禽蛋,禽蛋类,淘汰鸡,11.0,11.0,11.0,斤,,净膛,2026-08-11
肉禽蛋,禽蛋类,仔鸡,6.5,6.5,6.5,斤,,净膛,2026-08-11
肉禽蛋,禽蛋类,肉鸡,6.5,6.5,6.5,斤,,,2026-08-11
肉禽蛋,禽蛋类,鸡胸,6.5,6.5,6.5,斤,,,2026-08-11
肉禽蛋,禽蛋类,鸡翅,12.0,12.0,12.0,斤,,,2026-08-11
肉禽蛋,禽蛋类,鸡翅尖,7.0,7.5,7.25,斤,,,2026-08-11
肉禽蛋,禽蛋类,鸡翅中,25.0,25.0,25.0,斤,,,2026-08-11
肉禽蛋,禽蛋类,鸡翅根,6.5,6.5,6.5,斤,,,2026-08-11
肉禽蛋,禽蛋类,鸡边腿,5.8,6.0,5.9,斤,,,2026-08-11
肉禽蛋,禽蛋类,鸡排腿,6.5,6.5,6.5,斤,,,2026-08-11
肉禽蛋,禽蛋类,鸡琵琶腿,6.5,6.5,6.5,斤,,,2026-08-11
肉禽蛋,禽蛋类,鸡胗,10.0,13.0,11.5,斤,,,2026-08-11
肉禽蛋,禽蛋类,鸡爪,17.0,17.0,17.0,斤,,,2026-08-11
肉禽蛋,禽蛋类,鸡心,5.0,5.0,5.0,斤,,,2026-08-11
肉禽蛋,禽蛋类,鸡肝,2.5,2.5,2.5,斤,,,2026-08-11
肉禽蛋,禽蛋类,鸡脖子,5.0,5.0,5.0,斤,,去皮,2026-08-11
肉禽蛋,禽蛋类,鸡头,2.5,4.0,3.25,斤,,,2026-08-11
肉禽蛋,禽蛋类,鸡油,5.0,5.0,5.0,斤,,,2026-08-11
肉禽蛋,禽蛋类,鸡架子,3.0,3.5,3.25,斤,,,2026-08-11
肉禽蛋,禽蛋类,白条乌鸡,11.0,11.0,11.0,斤,,净膛,2026-08-11
肉禽蛋,禽蛋类,黑爪公鸡,10.0,12.0,11.0,斤,,净膛,2026-08-11
肉禽蛋,禽蛋类,白条鹅,10.0,11.0,10.5,斤,,净膛,2026-08-11
肉禽蛋,禽蛋类,白条湖鸭,7.0,7.0,7.0,斤,,,2026-08-11
肉禽蛋,禽蛋类,鸭肠,6.5,7.5,7.0,斤,,,2026-08-11
肉禽蛋,禽蛋类,鸭肝,2.5,3.0,2.75,斤,,,2026-08-11
肉禽蛋,禽蛋类,鸭头,12.0,13.0,12.5,斤,,,2026-08-11
肉禽蛋,禽蛋类,鸭心,5.0,5.0,5.0,斤,,,2026-08-11
肉禽蛋,禽蛋类,鸭腿,4.5,5.0,4.75,斤,,,2026-08-11
肉禽蛋,禽蛋类,鸭胗,12.0,14.0,13.0,斤,,,2026-08-11
肉禽蛋,禽蛋类,鸭脖子,7.0,7.5,7.25,斤,,去皮,2026-08-11
肉禽蛋,禽蛋类,白条乳鸽,20.0,22.0,21.0,只,,,2026-08-11
肉禽蛋,禽蛋类,白条兔,14.0,15.0,14.5,斤,,冻,2026-08-11
肉禽蛋,禽蛋类,筐鸡蛋,205.0,210.0,207.5,筐,,净44斤,2026-08-11
肉禽蛋,禽蛋类,筐鸡蛋,4.66,4.77,4.72,斤,,,2026-08-11
肉禽蛋,禽蛋类,箱鸡蛋,220.0,225.0,222.5,箱,,带蛋托净42斤,2026-08-11
肉禽蛋,禽蛋类,散鸡蛋,5.2,5.3,5.25,斤,,,2026-08-11
肉禽蛋,禽蛋类,生鸭蛋,6.5,7.0,6.75,斤,,,2026-08-11
肉禽蛋,禽蛋类,熟鸭蛋,7.2,8.5,7.85,斤,,,2026-08-11
肉禽蛋,禽蛋类,松花蛋,6.7,8.5,7.6,斤,,,2026-08-11
肉禽蛋,禽蛋类,鹅蛋,12.0,14.0,13.0,斤,,,2026-08-11
肉禽蛋,禽蛋类,鹌鹑蛋,5.8,7.0,6.4,斤,,,2026-08-11
肉禽蛋,禽蛋类,柴鸡蛋,4.77,9.0,6.89,斤,,,2026-08-11
肉禽蛋,禽蛋类,乌鸡蛋,7.2,8.5,7.85,斤,,,2026-08-11
肉禽蛋,禽蛋类,变蛋,0.75,1.0,0.88,个,,,2026-08-11
肉禽蛋,禽蛋类,鸵鸟蛋,65.0,70.0,67.5,个,,,2026-08-11
肉禽蛋,禽蛋类,鸽子蛋,2.5,2.5,2.5,个,,,2026-08-11
肉禽蛋,禽蛋类,活珠子,1.3,1.5,1.4,个,,,2026-08-11
肉禽蛋,禽蛋类,山鸡蛋,1.0,1.2,1.1,个,,,2026-08-11
肉禽蛋,禽蛋类,淘汰鸡,12.0,12.0,12.0,斤,,干净膛,2026-08-10
肉禽蛋,禽蛋类,淘汰鸡,11.0,11.0,11.0,斤,,净膛,2026-08-10
肉禽蛋,禽蛋类,仔鸡,6.5,6.5,6.5,斤,,净膛,2026-08-10
肉禽蛋,禽蛋类,肉鸡,6.5,6.5,6.5,斤,,,2026-08-10
肉禽蛋,禽蛋类,鸡胸,6.5,6.5,6.5,斤,,,2026-08-10
肉禽蛋,禽蛋类,鸡翅,11.0,12.0,11.5,斤,,,2026-08-10
肉禽蛋,禽蛋类,鸡翅尖,7.0,7.5,7.25,斤,,,2026-08-10
肉禽蛋,禽蛋类,鸡翅中,25.0,25.0,25.0,斤,,,2026-08-10
肉禽蛋,禽蛋类,鸡翅根,6.5,6.5,6.5,斤,,,2026-08-10
肉禽蛋,禽蛋类,鸡边腿,6.0,6.0,6.0,斤,,,2026-08-10
肉禽蛋,禽蛋类,鸡排腿,6.5,6.5,6.5,斤,,,2026-08-10
肉禽蛋,禽蛋类,鸡琵琶腿,6.5,6.5,6.5,斤,,,2026-08-10
肉禽蛋,禽蛋类,鸡胗,10.0,13.0,11.5,斤,,,2026-08-10
肉禽蛋,禽蛋类,鸡爪,17.0,17.0,17.0,斤,,,2026-08-10
肉禽蛋,禽蛋类,鸡心,5.0,5.0,5.0,斤,,,2026-08-10
肉禽蛋,禽蛋类,鸡肝,2.5,2.5,2.5,斤,,,2026-08-10
肉禽蛋,禽蛋类,鸡脖子,5.0,5.0,5.0,斤,,去皮,2026-08-10
肉禽蛋,禽蛋类,鸡头,2.5,4.0,3.25,斤,,,2026-08-10
肉禽蛋,禽蛋类,鸡油,5.0,5.0,5.0,斤,,,2026-08-10
肉禽蛋,禽蛋类,鸡架子,3.0,3.5,3.25,斤,,,2026-08-10
肉禽蛋,禽蛋类,白条乌鸡,10.5,11.0,10.75,斤,,净膛,2026-08-10
肉禽蛋,禽蛋类,黑爪公鸡,11.0,12.0,11.5,斤,,净膛,2026-08-10
肉禽蛋,禽蛋类,白条鹅,10.0,11.0,10.5,斤,,净膛,2026-08-10
肉禽蛋,禽蛋类,白条湖鸭,7.0,7.0,7.0,斤,,,2026-08-10
肉禽蛋,禽蛋类,鸭肠,6.5,7.5,7.0,斤,,,2026-08-10
肉禽蛋,禽蛋类,鸭肝,2.5,3.0,2.75,斤,,,2026-08-10
肉禽蛋,禽蛋类,鸭头,12.0,13.0,12.5,斤,,,2026-08-10
肉禽蛋,禽蛋类,鸭心,5.0,5.0,5.0,斤,,,2026-08-10
肉禽蛋,禽蛋类,鸭腿,4.5,5.0,4.75,斤,,,2026-08-10
肉禽蛋,禽蛋类,鸭胗,12.0,14.0,13.0,斤,,,2026-08-10
肉禽蛋,禽蛋类,鸭脖子,7.0,7.5,7.25,斤,,去皮,2026-08-10
肉禽蛋,禽蛋类,白条乳鸽,20.0,22.0,21.0,只,,,2026-08-10
肉禽蛋,禽蛋类,白条兔,14.0,15.0,14.5,斤,,冻,2026-08-10
肉禽蛋,禽蛋类,筐鸡蛋,200.0,205.0,202.5,筐,,净44斤,2026-08-10
肉禽蛋,禽蛋类,筐鸡蛋,4.55,4.66,4.61,斤,,,2026-08-10
肉禽蛋,禽蛋类,箱鸡蛋,215.0,220.0,217.5,箱,,带蛋托净42斤,2026-08-10
肉禽蛋,禽蛋类,散鸡蛋,5.0,5.3,5.15,斤,,,2026-08-10
肉禽蛋,禽蛋类,生鸭蛋,6.3,7.0,6.65,斤,,,2026-08-10
肉禽蛋,禽蛋类,熟鸭蛋,7.2,8.5,7.85,斤,,,2026-08-10
肉禽蛋,禽蛋类,松花蛋,6.6,8.0,7.3,斤,,,2026-08-10
肉禽蛋,禽蛋类,鹅蛋,12.0,14.0,13.0,斤,,,2026-08-10
肉禽蛋,禽蛋类,鹌鹑蛋,5.8,7.0,6.4,斤,,,2026-08-10
肉禽蛋,禽蛋类,柴鸡蛋,4.66,9.0,6.83,斤,,,2026-08-10
肉禽蛋,禽蛋类,乌鸡蛋,7.2,8.5,7.85,斤,,,2026-08-10
肉禽蛋,禽蛋类,变蛋,0.75,1.0,0.88,个,,,2026-08-10
肉禽蛋,禽蛋类,鸵鸟蛋,65.0,70.0,67.5,个,,,2026-08-10
肉禽蛋,禽蛋类,鸽子蛋,2.5,2.5,2.5,个,,,2026-08-10
肉禽蛋,禽蛋类,活珠子,1.3,1.5,1.4,个,,,2026-08-10
肉禽蛋,禽蛋类,山鸡蛋,1.0,1.2,1.1,个,,,2026-08-10
肉禽蛋,禽蛋类,淘汰鸡,12.0,12.0,12.0,斤,,干净膛,2026-08-09
肉禽蛋,禽蛋类,淘汰鸡,11.0,11.0,11.0,斤,,净膛,2026-08-09
肉禽蛋,禽蛋类,仔鸡,6.5,6.5,6.5,斤,,净膛,2026-08-09
肉禽蛋,禽蛋类,肉鸡,6.5,6.5,6.5,斤,,,2026-08-09
肉禽蛋,禽蛋类,鸡胸,6.5,6.5,6.5,斤,,,2026-08-09
肉禽蛋,禽蛋类,鸡翅,11.0,12.0,11.5,斤,,,2026-08-09
肉禽蛋,禽蛋类,鸡翅尖,7.0,7.5,7.25,斤,,,2026-08-09
肉禽蛋,禽蛋类,鸡翅中,25.0,25.0,25.0,斤,,,2026-08-09
肉禽蛋,禽蛋类,鸡翅根,6.5,6.5,6.5,斤,,,2026-08-09
肉禽蛋,禽蛋类,鸡边腿,6.0,6.0,6.0,斤,,,2026-08-09
肉禽蛋,禽蛋类,鸡排腿,6.5,6.5,6.5,斤,,,2026-08-09
肉禽蛋,禽蛋类,鸡琵琶腿,6.5,6.5,6.5,斤,,,2026-08-09
肉禽蛋,禽蛋类,鸡胗,10.0,13.0,11.5,斤,,,2026-08-09
肉禽蛋,禽蛋类,鸡爪,17.0,17.0,17.0,斤,,,2026-08-09
肉禽蛋,禽蛋类,鸡心,5.0,5.0,5.0,斤,,,2026-08-09
肉禽蛋,禽蛋类,鸡肝,2.5,2.5,2.5,斤,,,2026-08-09
肉禽蛋,禽蛋类,鸡脖子,5.0,5.0,5.0,斤,,去皮,2026-08-09
肉禽蛋,禽蛋类,鸡头,2.5,4.0,3.25,斤,,,2026-08-09
肉禽蛋,禽蛋类,鸡油,5.0,5.0,5.0,斤,,,2026-08-09
肉禽蛋,禽蛋类,鸡架子,3.0,3.5,3.25,斤,,,2026-08-09
肉禽蛋,禽蛋类,白条乌鸡,10.5,11.0,10.75,斤,,净膛,2026-08-09
肉禽蛋,禽蛋类,黑爪公鸡,11.0,12.0,11.5,斤,,净膛,2026-08-09
肉禽蛋,禽蛋类,白条鹅,10.0,11.0,10.5,斤,,净膛,2026-08-09
肉禽蛋,禽蛋类,白条湖鸭,7.0,7.0,7.0,斤,,,2026-08-09
肉禽蛋,禽蛋类,鸭肠,6.5,7.5,7.0,斤,,,2026-08-09
肉禽蛋,禽蛋类,鸭肝,2.5,3.0,2.75,斤,,,2026-08-09
肉禽蛋,禽蛋类,鸭头,12.0,13.0,12.5,斤,,,2026-08-09
肉禽蛋,禽蛋类,鸭心,5.0,5.0,5.0,斤,,,2026-08-09
肉禽蛋,禽蛋类,鸭腿,4.5,5.0,4.75,斤,,,2026-08-09
肉禽蛋,禽蛋类,鸭胗,12.0,14.0,13.0,斤,,,2026-08-09
肉禽蛋,禽蛋类,鸭脖子,7.0,7.5,7.25,斤,,去皮,2026-08-09
肉禽蛋,禽蛋类,白条乳鸽,20.0,22.0,21.0,只,,,2026-08-09
肉禽蛋,禽蛋类,白条兔,14.0,15.0,14.5,斤,,冻,2026-08-09
肉禽蛋,禽蛋类,筐鸡蛋,195.0,200.0,197.5,筐,,净44斤,2026-08-09
肉禽蛋,禽蛋类,筐鸡蛋,4.43,4.55,4.49,斤,,,2026-08-09
肉禽蛋,禽蛋类,箱鸡蛋,210.0,215.0,212.5,箱,,带蛋托净42斤,2026-08-09
肉禽蛋,禽蛋类,散鸡蛋,5.0,5.0,5.0,斤,,,2026-08-09
肉禽蛋,禽蛋类,生鸭蛋,6.3,7.0,6.65,斤,,,2026-08-09
肉禽蛋,禽蛋类,熟鸭蛋,7.2,8.5,7.85,斤,,,2026-08-09
肉禽蛋,禽蛋类,松花蛋,6.5,8.0,7.25,斤,,,2026-08-09
肉禽蛋,禽蛋类,鹅蛋,12.5,14.0,13.25,斤,,,2026-08-09
肉禽蛋,禽蛋类,鹌鹑蛋,5.8,7.0,6.4,斤,,,2026-08-09
肉禽蛋,禽蛋类,柴鸡蛋,4.55,9.0,6.78,斤,,,2026-08-09
肉禽蛋,禽蛋类,乌鸡蛋,7.2,8.5,7.85,斤,,,2026-08-09
肉禽蛋,禽蛋类,变蛋,0.75,1.0,0.88,个,,,2026-08-09
肉禽蛋,禽蛋类,鸵鸟蛋,65.0,70.0,67.5,个,,,2026-08-09
肉禽蛋,禽蛋类,鸽子蛋,2.5,2.5,2.5,个,,,2026-08-09
肉禽蛋,禽蛋类,活珠子,1.3,1.5,1.4,个,,,2026-08-09
肉禽蛋,禽蛋类,山鸡蛋,1.0,1.2,1.1,个,,,2026-08-09
肉禽蛋,禽蛋类,淘汰鸡,12.0,12.0,12.0,斤,,干净膛,2026-08-08
肉禽蛋,禽蛋类,淘汰鸡,11.0,11.0,11.0,斤,,净膛,2026-08-08
肉禽蛋,禽蛋类,仔鸡,6.5,6.5,6.5,斤,,净膛,2026-08-08
肉禽蛋,禽蛋类,肉鸡,6.5,6.5,6.5,斤,,,2026-08-08
肉禽蛋,禽蛋类,鸡胸,6.5,6.5,6.5,斤,,,2026-08-08
肉禽蛋,禽蛋类,鸡翅,11.0,12.0,11.5,斤,,,2026-08-08
肉禽蛋,禽蛋类,鸡翅尖,7.0,7.5,7.25,斤,,,2026-08-08
肉禽蛋,禽蛋类,鸡翅中,25.0,25.0,25.0,斤,,,2026-08-08
肉禽蛋,禽蛋类,鸡翅根,6.5,6.5,6.5,斤,,,2026-08-08
肉禽蛋,禽蛋类,鸡边腿,6.0,6.0,6.0,斤,,,2026-08-08
肉禽蛋,禽蛋类,鸡排腿,6.5,6.5,6.5,斤,,,2026-08-08
肉禽蛋,禽蛋类,鸡琵琶腿,6.5,6.5,6.5,斤,,,2026-08-08
肉禽蛋,禽蛋类,鸡胗,10.0,13.0,11.5,斤,,,2026-08-08
肉禽蛋,禽蛋类,鸡爪,17.0,17.0,17.0,斤,,,2026-08-08
肉禽蛋,禽蛋类,鸡心,5.0,5.0,5.0,斤,,,2026-08-08
肉禽蛋,禽蛋类,鸡肝,2.5,2.5,2.5,斤,,,2026-08-08
肉禽蛋,禽蛋类,鸡脖子,5.0,5.0,5.0,斤,,去皮,2026-08-08
肉禽蛋,禽蛋类,鸡头,2.5,4.0,3.25,斤,,,2026-08-08
肉禽蛋,禽蛋类,鸡油,5.0,5.0,5.0,斤,,,2026-08-08
肉禽蛋,禽蛋类,鸡架子,3.0,3.5,3.25,斤,,,2026-08-08
肉禽蛋,禽蛋类,白条乌鸡,10.5,11.0,10.75,斤,,净膛,2026-08-08
肉禽蛋,禽蛋类,黑爪公鸡,11.0,12.0,11.5,斤,,净膛,2026-08-08
肉禽蛋,禽蛋类,白条鹅,10.0,11.0,10.5,斤,,净膛,2026-08-08
肉禽蛋,禽蛋类,白条湖鸭,7.0,7.0,7.0,斤,,,2026-08-08
肉禽蛋,禽蛋类,鸭肠,6.5,7.5,7.0,斤,,,2026-08-08
肉禽蛋,禽蛋类,鸭肝,2.5,3.0,2.75,斤,,,2026-08-08
肉禽蛋,禽蛋类,鸭头,12.0,13.0,12.5,斤,,,2026-08-08
肉禽蛋,禽蛋类,鸭心,5.0,5.0,5.0,斤,,,2026-08-08
肉禽蛋,禽蛋类,鸭腿,4.5,5.0,4.75,斤,,,2026-08-08
肉禽蛋,禽蛋类,鸭胗,12.0,14.0,13.0,斤,,,2026-08-08
肉禽蛋,禽蛋类,鸭脖子,7.0,7.5,7.25,斤,,去皮,2026-08-08
肉禽蛋,禽蛋类,白条乳鸽,20.0,22.0,21.0,只,,,2026-08-08
肉禽蛋,禽蛋类,白条兔,14.0,15.0,14.5,斤,,冻,2026-08-08
肉禽蛋,禽蛋类,筐鸡蛋,195.0,200.0,197.5,筐,,净44斤,2026-08-08
肉禽蛋,禽蛋类,筐鸡蛋,4.43,4.55,4.49,斤,,,2026-08-08
肉禽蛋,禽蛋类,箱鸡蛋,210.0,215.0,212.5,箱,,带蛋托净42斤,2026-08-08
肉禽蛋,禽蛋类,散鸡蛋,5.0,5.0,5.0,斤,,,2026-08-08
肉禽蛋,禽蛋类,生鸭蛋,6.3,7.0,6.65,斤,,,2026-08-08
肉禽蛋,禽蛋类,熟鸭蛋,7.2,8.5,7.85,斤,,,2026-08-08
肉禽蛋,禽蛋类,松花蛋,6.5,8.0,7.25,斤,,,2026-08-08
肉禽蛋,禽蛋类,鹅蛋,12.5,14.0,13.25,斤,,,2026-08-08
肉禽蛋,禽蛋类,鹌鹑蛋,5.8,7.0,6.4,斤,,,2026-08-08
肉禽蛋,禽蛋类,柴鸡蛋,4.55,9.0,6.78,斤,,,2026-08-08
肉禽蛋,禽蛋类,乌鸡蛋,7.2,8.5,7.85,斤,,,2026-08-08
肉禽蛋,禽蛋类,变蛋,0.75,1.0,0.88,个,,,2026-08-08
肉禽蛋,禽蛋类,鸵鸟蛋,65.0,70.0,67.5,个,,,2026-08-08
肉禽蛋,禽蛋类,鸽子蛋,2.5,2.5,2.5,个,,,2026-08-08
肉禽蛋,禽蛋类,活珠子,1.3,1.5,1.4,个,,,2026-08-08
肉禽蛋,禽蛋类,山鸡蛋,1.0,1.2,1.1,个,,,2026-08-08
肉禽蛋,禽蛋类,淘汰鸡,12.0,12.0,12.0,斤,,干净膛,2026-08-07
肉禽蛋,禽蛋类,淘汰鸡,11.0,11.0,11.0,斤,,净膛,2026-08-07
肉禽蛋,禽蛋类,仔鸡,6.5,6.5,6.5,斤,,净膛,2026-08-07
肉禽蛋,禽蛋类,肉鸡,6.5,6.5,6.5,斤,,,2026-08-07
肉禽蛋,禽蛋类,鸡胸,6.5,6.5,6.5,斤,,,2026-08-07
肉禽蛋,禽蛋类,鸡翅,11.0,12.0,11.5,斤,,,2026-08-07
肉禽蛋,禽蛋类,鸡翅尖,7.0,7.5,7.25,斤,,,2026-08-07
肉禽蛋,禽蛋类,鸡翅中,25.0,25.0,25.0,斤,,,2026-08-07
肉禽蛋,禽蛋类,鸡翅根,6.5,6.5,6.5,斤,,,2026-08-07
肉禽蛋,禽蛋类,鸡边腿,6.0,6.0,6.0,斤,,,2026-08-07
肉禽蛋,禽蛋类,鸡排腿,6.5,6.5,6.5,斤,,,2026-08-07
肉禽蛋,禽蛋类,鸡琵琶腿,6.5,6.5,6.5,斤,,,2026-08-07
肉禽蛋,禽蛋类,鸡胗,10.0,13.0,11.5,斤,,,2026-08-07
肉禽蛋,禽蛋类,鸡爪,17.0,17.0,17.0,斤,,,2026-08-07
肉禽蛋,禽蛋类,鸡心,5.0,5.0,5.0,斤,,,2026-08-07
肉禽蛋,禽蛋类,鸡肝,2.5,2.5,2.5,斤,,,2026-08-07
肉禽蛋,禽蛋类,鸡脖子,5.0,5.0,5.0,斤,,去皮,2026-08-07
肉禽蛋,禽蛋类,鸡头,2.5,4.0,3.25,斤,,,2026-08-07
肉禽蛋,禽蛋类,鸡油,5.0,5.0,5.0,斤,,,2026-08-07
肉禽蛋,禽蛋类,鸡架子,3.0,3.5,3.25,斤,,,2026-08-07
肉禽蛋,禽蛋类,白条乌鸡,10.5,11.0,10.75,斤,,净膛,2026-08-07
肉禽蛋,禽蛋类,黑爪公鸡,11.0,12.0,11.5,斤,,净膛,2026-08-07
肉禽蛋,禽蛋类,白条鹅,10.0,11.0,10.5,斤,,净膛,2026-08-07
肉禽蛋,禽蛋类,白条湖鸭,7.0,7.0,7.0,斤,,,2026-08-07
肉禽蛋,禽蛋类,鸭肠,6.5,7.5,7.0,斤,,,2026-08-07
肉禽蛋,禽蛋类,鸭肝,2.5,3.0,2.75,斤,,,2026-08-07
肉禽蛋,禽蛋类,鸭头,12.0,13.0,12.5,斤,,,2026-08-07
肉禽蛋,禽蛋类,鸭心,5.0,5.0,5.0,斤,,,2026-08-07
肉禽蛋,禽蛋类,鸭腿,4.5,5.0,4.75,斤,,,2026-08-07
肉禽蛋,禽蛋类,鸭胗,12.0,14.0,13.0,斤,,,2026-08-07
肉禽蛋,禽蛋类,鸭脖子,7.0,7.5,7.25,斤,,去皮,2026-08-07
肉禽蛋,禽蛋类,白条乳鸽,20.0,22.0,21.0,只,,,2026-08-07
肉禽蛋,禽蛋类,白条兔,14.0,15.0,14.5,斤,,冻,2026-08-07
肉禽蛋,禽蛋类,筐鸡蛋,195.0,200.0,197.5,筐,,净44斤,2026-08-07
肉禽蛋,禽蛋类,筐鸡蛋,4.43,4.55,4.49,斤,,,2026-08-07
肉禽蛋,禽蛋类,箱鸡蛋,210.0,215.0,212.5,箱,,带蛋托净42斤,2026-08-07
肉禽蛋,禽蛋类,散鸡蛋,5.0,5.0,5.0,斤,,,2026-08-07
肉禽蛋,禽蛋类,生鸭蛋,6.3,7.0,6.65,斤,,,2026-08-07
肉禽蛋,禽蛋类,熟鸭蛋,7.2,8.5,7.85,斤,,,2026-08-07
肉禽蛋,禽蛋类,松花蛋,6.5,8.0,7.25,斤,,,2026-08-07
肉禽蛋,禽蛋类,鹅蛋,12.5,14.0,13.25,斤,,,2026-08-07
肉禽蛋,禽蛋类,鹌鹑蛋,5.8,7.0,6.4,斤,,,2026-08-07
肉禽蛋,禽蛋类,柴鸡蛋,4.55,9.0,6.78,斤,,,2026-08-07
肉禽蛋,禽蛋类,乌鸡蛋,7.2,8.5,7.85,斤,,,2026-08-07
肉禽蛋,禽蛋类,变蛋,0.75,1.0,0.88,个,,,2026-08-07
肉禽蛋,禽蛋类,鸵鸟蛋,65.0,70.0,67.5,个,,,2026-08-07
肉禽蛋,禽蛋类,鸽子蛋,2.5,2.5,2.5,个,,,2026-08-07
肉禽蛋,禽蛋类,活珠子,1.3,1.5,1.4,个,,,2026-08-07
肉禽蛋,禽蛋类,山鸡蛋,1.0,1.2,1.1,个,,,2026-08-07
肉禽蛋,禽蛋类,淘汰鸡,12.0,12.0,12.0,斤,,干净膛,2026-08-06
肉禽蛋,禽蛋类,淘汰鸡,11.0,11.0,11.0,斤,,净膛,2026-08-06
肉禽蛋,禽蛋类,仔鸡,6.5,6.5,6.5,斤,,净膛,2026-08-06
肉禽蛋,禽蛋类,肉鸡,6.5,6.5,6.5,斤,,,2026-08-06
肉禽蛋,禽蛋类,鸡胸,6.5,6.5,6.5,斤,,,2026-08-06
肉禽蛋,禽蛋类,鸡翅,11.0,12.0,11.5,斤,,,2026-08-06
肉禽蛋,禽蛋类,鸡翅尖,7.0,7.5,7.25,斤,,,2026-08-06
肉禽蛋,禽蛋类,鸡翅中,25.0,25.0,25.0,斤,,,2026-08-06
肉禽蛋,禽蛋类,鸡翅根,6.5,6.5,6.5,斤,,,2026-08-06
肉禽蛋,禽蛋类,鸡边腿,6.0,6.0,6.0,斤,,,2026-08-06
肉禽蛋,禽蛋类,鸡排腿,6.5,6.5,6.5,斤,,,2026-08-06
肉禽蛋,禽蛋类,鸡琵琶腿,6.5,6.5,6.5,斤,,,2026-08-06
肉禽蛋,禽蛋类,鸡胗,10.0,13.0,11.5,斤,,,2026-08-06
肉禽蛋,禽蛋类,鸡爪,17.0,17.0,17.0,斤,,,2026-08-06
肉禽蛋,禽蛋类,鸡心,5.0,5.0,5.0,斤,,,2026-08-06
肉禽蛋,禽蛋类,鸡肝,2.5,2.5,2.5,斤,,,2026-08-06
肉禽蛋,禽蛋类,鸡脖子,5.0,5.0,5.0,斤,,去皮,2026-08-06
肉禽蛋,禽蛋类,鸡头,2.5,4.0,3.25,斤,,,2026-08-06
肉禽蛋,禽蛋类,鸡油,5.0,5.0,5.0,斤,,,2026-08-06
肉禽蛋,禽蛋类,鸡架子,3.0,3.5,3.25,斤,,,2026-08-06
肉禽蛋,禽蛋类,白条乌鸡,10.5,11.0,10.75,斤,,净膛,2026-08-06
肉禽蛋,禽蛋类,黑爪公鸡,11.0,12.0,11.5,斤,,净膛,2026-08-06
肉禽蛋,禽蛋类,白条鹅,10.0,10.0,10.0,斤,,净膛,2026-08-06
肉禽蛋,禽蛋类,白条湖鸭,7.0,7.0,7.0,斤,,,2026-08-06
肉禽蛋,禽蛋类,鸭肠,6.5,7.5,7.0,斤,,,2026-08-06
肉禽蛋,禽蛋类,鸭肝,2.5,3.0,2.75,斤,,,2026-08-06
肉禽蛋,禽蛋类,鸭头,12.0,13.0,12.5,斤,,,2026-08-06
肉禽蛋,禽蛋类,鸭心,5.0,5.0,5.0,斤,,,2026-08-06
肉禽蛋,禽蛋类,鸭腿,4.5,5.0,4.75,斤,,,2026-08-06
肉禽蛋,禽蛋类,鸭胗,12.0,14.0,13.0,斤,,,2026-08-06
肉禽蛋,禽蛋类,鸭脖子,7.0,7.5,7.25,斤,,去皮,2026-08-06
肉禽蛋,禽蛋类,白条乳鸽,20.0,22.0,21.0,只,,,2026-08-06
肉禽蛋,禽蛋类,白条兔,14.0,15.0,14.5,斤,,冻,2026-08-06
肉禽蛋,禽蛋类,筐鸡蛋,195.0,200.0,197.5,筐,,净44斤,2026-08-06
肉禽蛋,禽蛋类,筐鸡蛋,4.43,4.55,4.49,斤,,,2026-08-06
肉禽蛋,禽蛋类,箱鸡蛋,210.0,215.0,212.5,箱,,带蛋托净42斤,2026-08-06
肉禽蛋,禽蛋类,散鸡蛋,5.0,5.0,5.0,斤,,,2026-08-06
肉禽蛋,禽蛋类,生鸭蛋,6.3,7.0,6.65,斤,,,2026-08-06
肉禽蛋,禽蛋类,熟鸭蛋,7.2,8.5,7.85,斤,,,2026-08-06
肉禽蛋,禽蛋类,松花蛋,6.5,8.0,7.25,斤,,,2026-08-06
肉禽蛋,禽蛋类,鹅蛋,12.5,13.5,13.0,斤,,,2026-08-06
肉禽蛋,禽蛋类,鹌鹑蛋,5.8,7.0,6.4,斤,,,2026-08-06
肉禽蛋,禽蛋类,柴鸡蛋,4.55,9.0,6.78,斤,,,2026-08-06
肉禽蛋,禽蛋类,乌鸡蛋,7.5,8.5,8.0,斤,,,2026-08-06
肉禽蛋,禽蛋类,变蛋,0.75,1.0,0.88,个,,,2026-08-06
肉禽蛋,禽蛋类,鸵鸟蛋,65.0,70.0,67.5,个,,,2026-08-06
肉禽蛋,禽蛋类,鸽子蛋,2.5,2.5,2.5,个,,,2026-08-06
肉禽蛋,禽蛋类,活珠子,1.3,1.5,1.4,个,,,2026-08-06
肉禽蛋,禽蛋类,山鸡蛋,1.0,1.0,1.0,个,,,2026-08-06
肉禽蛋,禽蛋类,淘汰鸡,12.0,12.0,12.0,斤,,干净膛,2026-08-05
肉禽蛋,禽蛋类,淘汰鸡,11.0,11.0,11.0,斤,,净膛,2026-08-05
肉禽蛋,禽蛋类,仔鸡,6.5,6.5,6.5,斤,,净膛,2026-08-05
肉禽蛋,禽蛋类,肉鸡,6.5,6.5,6.5,斤,,,2026-08-05
肉禽蛋,禽蛋类,鸡胸,6.5,6.5,6.5,斤,,,2026-08-05
肉禽蛋,禽蛋类,鸡翅,11.0,12.0,11.5,斤,,,2026-08-05
肉禽蛋,禽蛋类,鸡翅尖,7.0,7.5,7.25,斤,,,2026-08-05
肉禽蛋,禽蛋类,鸡翅中,25.0,25.0,25.0,斤,,,2026-08-05
肉禽蛋,禽蛋类,鸡翅根,6.5,6.5,6.5,斤,,,2026-08-05
肉禽蛋,禽蛋类,鸡边腿,6.0,6.0,6.0,斤,,,2026-08-05
肉禽蛋,禽蛋类,鸡排腿,6.5,6.5,6.5,斤,,,2026-08-05
肉禽蛋,禽蛋类,鸡琵琶腿,6.5,6.5,6.5,斤,,,2026-08-05
肉禽蛋,禽蛋类,鸡胗,10.0,13.0,11.5,斤,,,2026-08-05
肉禽蛋,禽蛋类,鸡爪,17.0,17.0,17.0,斤,,,2026-08-05
肉禽蛋,禽蛋类,鸡心,5.0,5.0,5.0,斤,,,2026-08-05
肉禽蛋,禽蛋类,鸡肝,2.5,2.5,2.5,斤,,,2026-08-05
肉禽蛋,禽蛋类,鸡脖子,5.0,5.0,5.0,斤,,去皮,2026-08-05
肉禽蛋,禽蛋类,鸡头,2.5,4.0,3.25,斤,,,2026-08-05
肉禽蛋,禽蛋类,鸡油,5.0,5.0,5.0,斤,,,2026-08-05
肉禽蛋,禽蛋类,鸡架子,3.0,3.5,3.25,斤,,,2026-08-05
肉禽蛋,禽蛋类,白条乌鸡,10.5,11.0,10.75,斤,,净膛,2026-08-05
肉禽蛋,禽蛋类,黑爪公鸡,11.0,12.0,11.5,斤,,净膛,2026-08-05
肉禽蛋,禽蛋类,白条鹅,10.0,10.0,10.0,斤,,净膛,2026-08-05
肉禽蛋,禽蛋类,白条湖鸭,7.0,7.0,7.0,斤,,,2026-08-05
肉禽蛋,禽蛋类,鸭肠,6.5,7.5,7.0,斤,,,2026-08-05
肉禽蛋,禽蛋类,鸭肝,2.5,3.0,2.75,斤,,,2026-08-05
肉禽蛋,禽蛋类,鸭头,12.0,13.0,12.5,斤,,,2026-08-05
肉禽蛋,禽蛋类,鸭心,5.0,5.0,5.0,斤,,,2026-08-05
肉禽蛋,禽蛋类,鸭腿,4.5,5.0,4.75,斤,,,2026-08-05
肉禽蛋,禽蛋类,鸭胗,12.0,14.0,13.0,斤,,,2026-08-05
肉禽蛋,禽蛋类,鸭脖子,7.0,7.5,7.25,斤,,去皮,2026-08-05
肉禽蛋,禽蛋类,白条乳鸽,20.0,22.0,21.0,只,,,2026-08-05
肉禽蛋,禽蛋类,白条兔,14.0,15.0,14.5,斤,,冻,2026-08-05
肉禽蛋,禽蛋类,筐鸡蛋,195.0,200.0,197.5,筐,,净44斤,2026-08-05
肉禽蛋,禽蛋类,筐鸡蛋,4.43,4.55,4.49,斤,,,2026-08-05
肉禽蛋,禽蛋类,箱鸡蛋,210.0,215.0,212.5,箱,,带蛋托净42斤,2026-08-05
肉禽蛋,禽蛋类,散鸡蛋,5.0,5.0,5.0,斤,,,2026-08-05
肉禽蛋,禽蛋类,生鸭蛋,6.3,7.0,6.65,斤,,,2026-08-05
肉禽蛋,禽蛋类,熟鸭蛋,7.2,8.5,7.85,斤,,,2026-08-05
肉禽蛋,禽蛋类,松花蛋,6.5,8.0,7.25,斤,,,2026-08-05
肉禽蛋,禽蛋类,鹅蛋,12.5,13.5,13.0,斤,,,2026-08-05
肉禽蛋,禽蛋类,鹌鹑蛋,5.8,7.0,6.4,斤,,,2026-08-05
肉禽蛋,禽蛋类,柴鸡蛋,4.55,9.0,6.78,斤,,,2026-08-05
肉禽蛋,禽蛋类,乌鸡蛋,7.5,8.5,8.0,斤,,,2026-08-05
肉禽蛋,禽蛋类,变蛋,0.75,1.0,0.88,个,,,2026-08-05
肉禽蛋,禽蛋类,鸵鸟蛋,65.0,70.0,67.5,个,,,2026-08-05
肉禽蛋,禽蛋类,鸽子蛋,2.5,2.5,2.5,个,,,2026-08-05
肉禽蛋,禽蛋类,活珠子,1.3,1.5,1.4,个,,,2026-08-05
肉禽蛋,禽蛋类,山鸡蛋,1.0,1.0,1.0,个,,,2026-08-05
肉禽蛋,禽蛋类,淘汰鸡,12.0,12.5,12.25,斤,,干净膛,2026-08-04
肉禽蛋,禽蛋类,淘汰鸡,11.0,11.5,11.25,斤,,净膛,2026-08-04
肉禽蛋,禽蛋类,仔鸡,6.5,6.5,6.5,斤,,净膛,2026-08-04
肉禽蛋,禽蛋类,肉鸡,6.5,6.5,6.5,斤,,,2026-08-04
肉禽蛋,禽蛋类,鸡胸,6.5,6.5,6.5,斤,,,2026-08-04
肉禽蛋,禽蛋类,鸡翅,11.0,12.0,11.5,斤,,,2026-08-04
肉禽蛋,禽蛋类,鸡翅尖,7.0,7.5,7.25,斤,,,2026-08-04
肉禽蛋,禽蛋类,鸡翅中,25.0,25.0,25.0,斤,,,2026-08-04
肉禽蛋,禽蛋类,鸡翅根,6.5,6.5,6.5,斤,,,2026-08-04
肉禽蛋,禽蛋类,鸡边腿,6.0,6.0,6.0,斤,,,2026-08-04
肉禽蛋,禽蛋类,鸡排腿,6.5,6.5,6.5,斤,,,2026-08-04
肉禽蛋,禽蛋类,鸡琵琶腿,6.5,6.5,6.5,斤,,,2026-08-04
肉禽蛋,禽蛋类,鸡胗,10.0,13.0,11.5,斤,,,2026-08-04
肉禽蛋,禽蛋类,鸡爪,17.0,17.0,17.0,斤,,,2026-08-04
肉禽蛋,禽蛋类,鸡心,5.0,5.0,5.0,斤,,,2026-08-04
肉禽蛋,禽蛋类,鸡肝,2.5,2.5,2.5,斤,,,2026-08-04
肉禽蛋,禽蛋类,鸡脖子,5.0,5.0,5.0,斤,,去皮,2026-08-04
肉禽蛋,禽蛋类,鸡头,2.5,4.0,3.25,斤,,,2026-08-04
肉禽蛋,禽蛋类,鸡油,5.0,5.0,5.0,斤,,,2026-08-04
肉禽蛋,禽蛋类,鸡架子,3.0,3.5,3.25,斤,,,2026-08-04
肉禽蛋,禽蛋类,白条乌鸡,10.5,11.0,10.75,斤,,净膛,2026-08-04
肉禽蛋,禽蛋类,黑爪公鸡,11.0,12.0,11.5,斤,,净膛,2026-08-04
肉禽蛋,禽蛋类,白条鹅,10.0,10.0,10.0,斤,,净膛,2026-08-04
肉禽蛋,禽蛋类,白条湖鸭,7.0,7.0,7.0,斤,,,2026-08-04
肉禽蛋,禽蛋类,鸭肠,6.5,7.5,7.0,斤,,,2026-08-04
肉禽蛋,禽蛋类,鸭肝,2.5,3.0,2.75,斤,,,2026-08-04
肉禽蛋,禽蛋类,鸭头,12.0,13.0,12.5,斤,,,2026-08-04
肉禽蛋,禽蛋类,鸭心,5.0,5.0,5.0,斤,,,2026-08-04
肉禽蛋,禽蛋类,鸭腿,4.5,5.0,4.75,斤,,,2026-08-04
肉禽蛋,禽蛋类,鸭胗,12.0,14.0,13.0,斤,,,2026-08-04
肉禽蛋,禽蛋类,鸭脖子,7.0,7.5,7.25,斤,,去皮,2026-08-04
肉禽蛋,禽蛋类,白条乳鸽,20.0,22.0,21.0,只,,,2026-08-04
肉禽蛋,禽蛋类,白条兔,14.0,15.0,14.5,斤,,冻,2026-08-04
肉禽蛋,禽蛋类,筐鸡蛋,190.0,195.0,192.5,筐,,净44斤,2026-08-04
肉禽蛋,禽蛋类,筐鸡蛋,4.32,4.43,4.38,斤,,,2026-08-04
肉禽蛋,禽蛋类,箱鸡蛋,205.0,210.0,207.5,箱,,带蛋托净42斤,2026-08-04
肉禽蛋,禽蛋类,散鸡蛋,5.0,5.0,5.0,斤,,,2026-08-04
肉禽蛋,禽蛋类,生鸭蛋,6.3,7.0,6.65,斤,,,2026-08-04
肉禽蛋,禽蛋类,熟鸭蛋,7.2,8.5,7.85,斤,,,2026-08-04
肉禽蛋,禽蛋类,松花蛋,6.5,8.0,7.25,斤,,,2026-08-04
肉禽蛋,禽蛋类,鹅蛋,12.0,13.0,12.5,斤,,,2026-08-04
肉禽蛋,禽蛋类,鹌鹑蛋,5.8,7.0,6.4,斤,,,2026-08-04
肉禽蛋,禽蛋类,柴鸡蛋,4.43,8.8,6.62,斤,,,2026-08-04
肉禽蛋,禽蛋类,乌鸡蛋,7.5,8.5,8.0,斤,,,2026-08-04
肉禽蛋,禽蛋类,变蛋,0.75,1.0,0.88,个,,,2026-08-04
肉禽蛋,禽蛋类,鸵鸟蛋,65.0,70.0,67.5,个,,,2026-08-04
肉禽蛋,禽蛋类,鸽子蛋,2.5,2.5,2.5,个,,,2026-08-04
肉禽蛋,禽蛋类,活珠子,1.3,1.5,1.4,个,,,2026-08-04
肉禽蛋,禽蛋类,山鸡蛋,1.0,1.0,1.0,个,,,2026-08-04
肉禽蛋,禽蛋类,淘汰鸡,12.0,12.5,12.25,斤,,干净膛,2026-08-03
肉禽蛋,禽蛋类,淘汰鸡,11.0,11.5,11.25,斤,,净膛,2026-08-03
肉禽蛋,禽蛋类,仔鸡,6.5,6.5,6.5,斤,,净膛,2026-08-03
肉禽蛋,禽蛋类,肉鸡,6.5,6.5,6.5,斤,,,2026-08-03
肉禽蛋,禽蛋类,鸡胸,6.5,6.5,6.5,斤,,,2026-08-03
肉禽蛋,禽蛋类,鸡翅,11.0,12.0,11.5,斤,,,2026-08-03
肉禽蛋,禽蛋类,鸡翅尖,7.0,7.5,7.25,斤,,,2026-08-03
肉禽蛋,禽蛋类,鸡翅中,25.0,25.0,25.0,斤,,,2026-08-03
肉禽蛋,禽蛋类,鸡翅根,6.5,6.5,6.5,斤,,,2026-08-03
肉禽蛋,禽蛋类,鸡边腿,6.0,6.0,6.0,斤,,,2026-08-03
肉禽蛋,禽蛋类,鸡排腿,6.5,6.5,6.5,斤,,,2026-08-03
肉禽蛋,禽蛋类,鸡琵琶腿,6.5,6.5,6.5,斤,,,2026-08-03
肉禽蛋,禽蛋类,鸡胗,10.0,13.0,11.5,斤,,,2026-08-03
肉禽蛋,禽蛋类,鸡爪,17.0,17.0,17.0,斤,,,2026-08-03
肉禽蛋,禽蛋类,鸡心,5.0,5.0,5.0,斤,,,2026-08-03
肉禽蛋,禽蛋类,鸡肝,2.5,2.5,2.5,斤,,,2026-08-03
肉禽蛋,禽蛋类,鸡脖子,5.0,5.0,5.0,斤,,去皮,2026-08-03
肉禽蛋,禽蛋类,鸡头,2.5,4.0,3.25,斤,,,2026-08-03
肉禽蛋,禽蛋类,鸡油,5.0,5.0,5.0,斤,,,2026-08-03
肉禽蛋,禽蛋类,鸡架子,3.0,3.5,3.25,斤,,,2026-08-03
肉禽蛋,禽蛋类,白条乌鸡,10.5,11.0,10.75,斤,,净膛,2026-08-03
肉禽蛋,禽蛋类,黑爪公鸡,11.0,12.0,11.5,斤,,净膛,2026-08-03
肉禽蛋,禽蛋类,白条鹅,10.0,10.0,10.0,斤,,净膛,2026-08-03
肉禽蛋,禽蛋类,白条湖鸭,7.0,7.0,7.0,斤,,,2026-08-03
肉禽蛋,禽蛋类,鸭肠,6.5,7.5,7.0,斤,,,2026-08-03
肉禽蛋,禽蛋类,鸭肝,2.5,3.0,2.75,斤,,,2026-08-03
肉禽蛋,禽蛋类,鸭头,12.0,13.0,12.5,斤,,,2026-08-03
肉禽蛋,禽蛋类,鸭心,5.0,5.0,5.0,斤,,,2026-08-03
肉禽蛋,禽蛋类,鸭腿,4.5,5.0,4.75,斤,,,2026-08-03
肉禽蛋,禽蛋类,鸭胗,12.0,14.0,13.0,斤,,,2026-08-03
肉禽蛋,禽蛋类,鸭脖子,7.0,7.5,7.25,斤,,去皮,2026-08-03
肉禽蛋,禽蛋类,白条乳鸽,20.0,22.0,21.0,只,,,2026-08-03
肉禽蛋,禽蛋类,白条兔,14.0,15.0,14.5,斤,,冻,2026-08-03
肉禽蛋,禽蛋类,筐鸡蛋,190.0,195.0,192.5,筐,,净44斤,2026-08-03
肉禽蛋,禽蛋类,筐鸡蛋,4.32,4.43,4.38,斤,,,2026-08-03
肉禽蛋,禽蛋类,箱鸡蛋,205.0,210.0,207.5,箱,,带蛋托净42斤,2026-08-03
肉禽蛋,禽蛋类,散鸡蛋,5.0,5.0,5.0,斤,,,2026-08-03
肉禽蛋,禽蛋类,生鸭蛋,6.0,7.0,6.5,斤,,,2026-08-03
肉禽蛋,禽蛋类,熟鸭蛋,6.8,8.0,7.4,斤,,,2026-08-03
肉禽蛋,禽蛋类,松花蛋,6.5,8.0,7.25,斤,,,2026-08-03
肉禽蛋,禽蛋类,鹅蛋,12.0,13.0,12.5,斤,,,2026-08-03
肉禽蛋,禽蛋类,鹌鹑蛋,5.8,7.0,6.4,斤,,,2026-08-03
肉禽蛋,禽蛋类,柴鸡蛋,4.43,8.8,6.62,斤,,,2026-08-03
肉禽蛋,禽蛋类,乌鸡蛋,7.3,8.5,7.9,斤,,,2026-08-03
肉禽蛋,禽蛋类,变蛋,0.75,1.0,0.88,个,,,2026-08-03
肉禽蛋,禽蛋类,鸵鸟蛋,65.0,70.0,67.5,个,,,2026-08-03
肉禽蛋,禽蛋类,鸽子蛋,2.5,2.5,2.5,个,,,2026-08-03
肉禽蛋,禽蛋类,活珠子,1.3,1.5,1.4,个,,,2026-08-03
肉禽蛋,禽蛋类,山鸡蛋,1.0,1.0,1.0,个,,,2026-08-03
肉禽蛋,禽蛋类,淘汰鸡,12.5,12.5,12.5,斤,,干净膛,2026-08-02
肉禽蛋,禽蛋类,淘汰鸡,11.5,11.5,11.5,斤,,净膛,2026-08-02
肉禽蛋,禽蛋类,仔鸡,6.5,6.5,6.5,斤,,净膛,2026-08-02
肉禽蛋,禽蛋类,肉鸡,6.5,6.5,6.5,斤,,,2026-08-02
肉禽蛋,禽蛋类,鸡胸,6.5,6.5,6.5,斤,,,2026-08-02
肉禽蛋,禽蛋类,鸡翅,11.0,12.0,11.5,斤,,,2026-08-02
肉禽蛋,禽蛋类,鸡翅尖,7.0,7.5,7.25,斤,,,2026-08-02
肉禽蛋,禽蛋类,鸡翅中,25.0,25.0,25.0,斤,,,2026-08-02
肉禽蛋,禽蛋类,鸡翅根,6.5,6.5,6.5,斤,,,2026-08-02
肉禽蛋,禽蛋类,鸡边腿,6.0,6.0,6.0,斤,,,2026-08-02
肉禽蛋,禽蛋类,鸡排腿,6.5,6.5,6.5,斤,,,2026-08-02
肉禽蛋,禽蛋类,鸡琵琶腿,6.5,6.5,6.5,斤,,,2026-08-02
肉禽蛋,禽蛋类,鸡胗,10.0,13.0,11.5,斤,,,2026-08-02
肉禽蛋,禽蛋类,鸡爪,17.0,17.0,17.0,斤,,,2026-08-02
肉禽蛋,禽蛋类,鸡心,5.0,5.0,5.0,斤,,,2026-08-02
肉禽蛋,禽蛋类,鸡肝,2.5,2.5,2.5,斤,,,2026-08-02
肉禽蛋,禽蛋类,鸡脖子,5.0,5.0,5.0,斤,,去皮,2026-08-02
肉禽蛋,禽蛋类,鸡头,2.5,4.0,3.25,斤,,,2026-08-02
肉禽蛋,禽蛋类,鸡油,5.0,5.0,5.0,斤,,,2026-08-02
肉禽蛋,禽蛋类,鸡架子,3.0,3.5,3.25,斤,,,2026-08-02
肉禽蛋,禽蛋类,白条乌鸡,10.5,11.0,10.75,斤,,净膛,2026-08-02
肉禽蛋,禽蛋类,黑爪公鸡,11.0,12.0,11.5,斤,,净膛,2026-08-02
肉禽蛋,禽蛋类,白条鹅,10.0,10.0,10.0,斤,,净膛,2026-08-02
肉禽蛋,禽蛋类,白条湖鸭,7.0,7.0,7.0,斤,,,2026-08-02
肉禽蛋,禽蛋类,鸭肠,6.5,7.5,7.0,斤,,,2026-08-02
肉禽蛋,禽蛋类,鸭肝,2.5,3.0,2.75,斤,,,2026-08-02
肉禽蛋,禽蛋类,鸭头,12.0,13.0,12.5,斤,,,2026-08-02
肉禽蛋,禽蛋类,鸭心,5.0,5.0,5.0,斤,,,2026-08-02
肉禽蛋,禽蛋类,鸭腿,4.5,5.0,4.75,斤,,,2026-08-02
肉禽蛋,禽蛋类,鸭胗,12.0,14.0,13.0,斤,,,2026-08-02
肉禽蛋,禽蛋类,鸭脖子,7.0,7.5,7.25,斤,,去皮,2026-08-02
肉禽蛋,禽蛋类,白条乳鸽,20.0,22.0,21.0,只,,,2026-08-02
肉禽蛋,禽蛋类,白条兔,14.0,15.0,14.5,斤,,冻,2026-08-02
肉禽蛋,禽蛋类,筐鸡蛋,190.0,198.0,194.0,筐,,净44斤,2026-08-02
肉禽蛋,禽蛋类,筐鸡蛋,4.32,4.5,4.41,斤,,,2026-08-02
肉禽蛋,禽蛋类,箱鸡蛋,208.0,213.0,210.5,箱,,带蛋托净42斤,2026-08-02
肉禽蛋,禽蛋类,散鸡蛋,5.0,5.2,5.1,斤,,,2026-08-02
肉禽蛋,禽蛋类,生鸭蛋,6.0,7.0,6.5,斤,,,2026-08-02
肉禽蛋,禽蛋类,熟鸭蛋,6.8,8.0,7.4,斤,,,2026-08-02
肉禽蛋,禽蛋类,松花蛋,6.5,8.0,7.25,斤,,,2026-08-02
肉禽蛋,禽蛋类,鹅蛋,11.5,13.5,12.5,斤,,,2026-08-02
肉禽蛋,禽蛋类,鹌鹑蛋,5.5,6.5,6.0,斤,,,2026-08-02
肉禽蛋,禽蛋类,柴鸡蛋,4.5,9.0,6.75,斤,,,2026-08-02
肉禽蛋,禽蛋类,乌鸡蛋,7.3,8.5,7.9,斤,,,2026-08-02
肉禽蛋,禽蛋类,变蛋,0.75,1.0,0.88,个,,,2026-08-02
肉禽蛋,禽蛋类,鸵鸟蛋,65.0,70.0,67.5,个,,,2026-08-02
肉禽蛋,禽蛋类,鸽子蛋,2.4,2.5,2.45,个,,,2026-08-02
肉禽蛋,禽蛋类,活珠子,1.3,1.5,1.4,个,,,2026-08-02
肉禽蛋,禽蛋类,山鸡蛋,1.0,1.0,1.0,个,,,2026-08-02
肉禽蛋,禽蛋类,淘汰鸡,12.5,12.5,12.5,斤,,干净膛,2026-08-01
肉禽蛋,禽蛋类,淘汰鸡,11.5,11.5,11.5,斤,,净膛,2026-08-01
肉禽蛋,禽蛋类,仔鸡,6.5,6.5,6.5,斤,,净膛,2026-08-01
肉禽蛋,禽蛋类,肉鸡,6.5,6.5,6.5,斤,,,2026-08-01
肉禽蛋,禽蛋类,鸡胸,6.5,6.5,6.5,斤,,,2026-08-01
肉禽蛋,禽蛋类,鸡翅,11.0,12.0,11.5,斤,,,2026-08-01
肉禽蛋,禽蛋类,鸡翅尖,7.0,7.5,7.25,斤,,,2026-08-01
肉禽蛋,禽蛋类,鸡翅中,25.0,25.0,25.0,斤,,,2026-08-01
肉禽蛋,禽蛋类,鸡翅根,6.5,6.5,6.5,斤,,,2026-08-01
肉禽蛋,禽蛋类,鸡边腿,6.0,6.0,6.0,斤,,,2026-08-01
肉禽蛋,禽蛋类,鸡排腿,6.5,6.5,6.5,斤,,,2026-08-01
肉禽蛋,禽蛋类,鸡琵琶腿,6.5,6.5,6.5,斤,,,2026-08-01
肉禽蛋,禽蛋类,鸡胗,10.0,13.0,11.5,斤,,,2026-08-01
肉禽蛋,禽蛋类,鸡爪,17.0,17.0,17.0,斤,,,2026-08-01
肉禽蛋,禽蛋类,鸡心,5.0,5.0,5.0,斤,,,2026-08-01
肉禽蛋,禽蛋类,鸡肝,2.5,2.5,2.5,斤,,,2026-08-01
肉禽蛋,禽蛋类,鸡脖子,5.0,5.0,5.0,斤,,去皮,2026-08-01
肉禽蛋,禽蛋类,鸡头,2.5,4.0,3.25,斤,,,2026-08-01
肉禽蛋,禽蛋类,鸡油,5.0,5.0,5.0,斤,,,2026-08-01
肉禽蛋,禽蛋类,鸡架子,3.0,3.5,3.25,斤,,,2026-08-01
肉禽蛋,禽蛋类,白条乌鸡,10.5,11.0,10.75,斤,,净膛,2026-08-01
肉禽蛋,禽蛋类,黑爪公鸡,11.0,12.0,11.5,斤,,净膛,2026-08-01
肉禽蛋,禽蛋类,白条鹅,10.0,10.0,10.0,斤,,净膛,2026-08-01
肉禽蛋,禽蛋类,白条湖鸭,7.0,7.0,7.0,斤,,,2026-08-01
肉禽蛋,禽蛋类,鸭肠,6.5,7.5,7.0,斤,,,2026-08-01
肉禽蛋,禽蛋类,鸭肝,2.5,3.0,2.75,斤,,,2026-08-01
肉禽蛋,禽蛋类,鸭头,12.0,13.0,12.5,斤,,,2026-08-01
肉禽蛋,禽蛋类,鸭心,5.0,5.0,5.0,斤,,,2026-08-01
肉禽蛋,禽蛋类,鸭腿,4.5,5.0,4.75,斤,,,2026-08-01
肉禽蛋,禽蛋类,鸭胗,12.0,14.0,13.0,斤,,,2026-08-01
肉禽蛋,禽蛋类,鸭脖子,7.0,7.5,7.25,斤,,去皮,2026-08-01
肉禽蛋,禽蛋类,白条乳鸽,20.0,22.0,21.0,只,,,2026-08-01
肉禽蛋,禽蛋类,白条兔,14.0,15.0,14.5,斤,,冻,2026-08-01
肉禽蛋,禽蛋类,筐鸡蛋,195.0,203.0,199.0,筐,,净44斤,2026-08-01
肉禽蛋,禽蛋类,筐鸡蛋,4.43,4.61,4.52,斤,,,2026-08-01
肉禽蛋,禽蛋类,箱鸡蛋,213.0,218.0,215.5,箱,,带蛋托净42斤,2026-08-01
肉禽蛋,禽蛋类,散鸡蛋,5.0,5.2,5.1,斤,,,2026-08-01
肉禽蛋,禽蛋类,生鸭蛋,6.0,7.0,6.5,斤,,,2026-08-01
肉禽蛋,禽蛋类,熟鸭蛋,6.8,8.0,7.4,斤,,,2026-08-01
肉禽蛋,禽蛋类,松花蛋,6.5,8.0,7.25,斤,,,2026-08-01
肉禽蛋,禽蛋类,鹅蛋,11.5,13.5,12.5,斤,,,2026-08-01
肉禽蛋,禽蛋类,鹌鹑蛋,5.5,6.5,6.0,斤,,,2026-08-01
肉禽蛋,禽蛋类,柴鸡蛋,4.61,9.0,6.81,斤,,,2026-08-01
肉禽蛋,禽蛋类,乌鸡蛋,7.3,8.5,7.9,斤,,,2026-08-01
肉禽蛋,禽蛋类,变蛋,0.75,1.0,0.88,个,,,2026-08-01
肉禽蛋,禽蛋类,鸵鸟蛋,65.0,70.0,67.5,个,,,2026-08-01
肉禽蛋,禽蛋类,鸽子蛋,2.4,2.5,2.45,个,,,2026-08-01
肉禽蛋,禽蛋类,活珠子,1.3,1.5,1.4,个,,,2026-08-01
肉禽蛋,禽蛋类,山鸡蛋,1.0,1.0,1.0,个,,,2026-08-01
肉禽蛋,禽蛋类,淘汰鸡,12.5,12.5,12.5,斤,,干净膛,2026-07-31
肉禽蛋,禽蛋类,淘汰鸡,11.5,11.5,11.5,斤,,净膛,2026-07-31
肉禽蛋,禽蛋类,仔鸡,6.5,6.5,6.5,斤,,净膛,2026-07-31
肉禽蛋,禽蛋类,肉鸡,6.5,6.5,6.5,斤,,,2026-07-31
肉禽蛋,禽蛋类,鸡胸,6.5,6.5,6.5,斤,,,2026-07-31
肉禽蛋,禽蛋类,鸡翅,11.0,12.0,11.5,斤,,,2026-07-31
肉禽蛋,禽蛋类,鸡翅尖,7.0,7.5,7.25,斤,,,2026-07-31
肉禽蛋,禽蛋类,鸡翅中,25.0,25.0,25.0,斤,,,2026-07-31
肉禽蛋,禽蛋类,鸡翅根,6.5,6.5,6.5,斤,,,2026-07-31
肉禽蛋,禽蛋类,鸡边腿,6.0,6.0,6.0,斤,,,2026-07-31
肉禽蛋,禽蛋类,鸡排腿,6.5,6.5,6.5,斤,,,2026-07-31
肉禽蛋,禽蛋类,鸡琵琶腿,6.5,6.5,6.5,斤,,,2026-07-31
肉禽蛋,禽蛋类,鸡胗,10.0,13.0,11.5,斤,,,2026-07-31
肉禽蛋,禽蛋类,鸡爪,17.0,17.0,17.0,斤,,,2026-07-31
肉禽蛋,禽蛋类,鸡心,5.0,5.0,5.0,斤,,,2026-07-31
肉禽蛋,禽蛋类,鸡肝,2.5,2.5,2.5,斤,,,2026-07-31
肉禽蛋,禽蛋类,鸡脖子,5.0,5.0,5.0,斤,,去皮,2026-07-31
肉禽蛋,禽蛋类,鸡头,2.5,4.0,3.25,斤,,,2026-07-31
肉禽蛋,禽蛋类,鸡油,5.0,5.0,5.0,斤,,,2026-07-31
肉禽蛋,禽蛋类,鸡架子,3.0,3.5,3.25,斤,,,2026-07-31
肉禽蛋,禽蛋类,白条乌鸡,10.5,11.0,10.75,斤,,净膛,2026-07-31
肉禽蛋,禽蛋类,黑爪公鸡,11.0,12.0,11.5,斤,,净膛,2026-07-31
肉禽蛋,禽蛋类,白条鹅,10.0,10.0,10.0,斤,,净膛,2026-07-31
肉禽蛋,禽蛋类,白条湖鸭,7.0,7.0,7.0,斤,,,2026-07-31
肉禽蛋,禽蛋类,鸭肠,6.5,7.5,7.0,斤,,,2026-07-31
肉禽蛋,禽蛋类,鸭肝,2.5,3.0,2.75,斤,,,2026-07-31
肉禽蛋,禽蛋类,鸭头,12.0,13.0,12.5,斤,,,2026-07-31
肉禽蛋,禽蛋类,鸭心,5.0,5.0,5.0,斤,,,2026-07-31
肉禽蛋,禽蛋类,鸭腿,4.5,5.0,4.75,斤,,,2026-07-31
肉禽蛋,禽蛋类,鸭胗,12.0,14.0,13.0,斤,,,2026-07-31
肉禽蛋,禽蛋类,鸭脖子,7.0,7.5,7.25,斤,,去皮,2026-07-31
肉禽蛋,禽蛋类,白条乳鸽,20.0,22.0,21.0,只,,,2026-07-31
肉禽蛋,禽蛋类,白条兔,14.0,15.0,14.5,斤,,冻,2026-07-31
肉禽蛋,禽蛋类,筐鸡蛋,199.0,207.0,203.0,筐,,净44斤,2026-07-31
肉禽蛋,禽蛋类,筐鸡蛋,4.52,4.7,4.61,斤,,,2026-07-31
肉禽蛋,禽蛋类,箱鸡蛋,217.0,222.0,219.5,箱,,带蛋托净42斤,2026-07-31
肉禽蛋,禽蛋类,散鸡蛋,5.0,5.2,5.1,斤,,,2026-07-31
肉禽蛋,禽蛋类,生鸭蛋,6.0,7.0,6.5,斤,,,2026-07-31
肉禽蛋,禽蛋类,熟鸭蛋,6.8,8.0,7.4,斤,,,2026-07-31
肉禽蛋,禽蛋类,松花蛋,6.5,8.0,7.25,斤,,,2026-07-31
肉禽蛋,禽蛋类,鹅蛋,11.5,13.5,12.5,斤,,,2026-07-31
肉禽蛋,禽蛋类,鹌鹑蛋,5.5,6.5,6.0,斤,,,2026-07-31
肉禽蛋,禽蛋类,柴鸡蛋,4.7,9.0,6.85,斤,,,2026-07-31
肉禽蛋,禽蛋类,乌鸡蛋,7.3,8.5,7.9,斤,,,2026-07-31
肉禽蛋,禽蛋类,变蛋,0.75,1.0,0.88,个,,,2026-07-31
肉禽蛋,禽蛋类,鸵鸟蛋,65.0,70.0,67.5,个,,,2026-07-31
肉禽蛋,禽蛋类,鸽子蛋,2.4,2.5,2.45,个,,,2026-07-31
肉禽蛋,禽蛋类,活珠子,1.3,1.5,1.4,个,,,2026-07-31
肉禽蛋,禽蛋类,山鸡蛋,1.0,1.0,1.0,个,,,2026-07-31
肉禽蛋,禽蛋类,淘汰鸡,12.5,12.5,12.5,斤,,干净膛,2026-07-30
肉禽蛋,禽蛋类,淘汰鸡,11.5,11.5,11.5,斤,,净膛,2026-07-30
肉禽蛋,禽蛋类,仔鸡,6.5,6.5,6.5,斤,,净膛,2026-07-30
肉禽蛋,禽蛋类,肉鸡,6.5,6.5,6.5,斤,,,2026-07-30
肉禽蛋,禽蛋类,鸡胸,6.5,6.5,6.5,斤,,,2026-07-30
肉禽蛋,禽蛋类,鸡翅,11.0,12.0,11.5,斤,,,2026-07-30
肉禽蛋,禽蛋类,鸡翅尖,7.0,7.5,7.25,斤,,,2026-07-30
肉禽蛋,禽蛋类,鸡翅中,25.0,25.0,25.0,斤,,,2026-07-30
肉禽蛋,禽蛋类,鸡翅根,6.5,6.5,6.5,斤,,,2026-07-30
肉禽蛋,禽蛋类,鸡边腿,6.0,6.0,6.0,斤,,,2026-07-30
肉禽蛋,禽蛋类,鸡排腿,6.5,6.5,6.5,斤,,,2026-07-30
肉禽蛋,禽蛋类,鸡琵琶腿,6.5,6.5,6.5,斤,,,2026-07-30
肉禽蛋,禽蛋类,鸡胗,10.0,13.0,11.5,斤,,,2026-07-30
肉禽蛋,禽蛋类,鸡爪,17.0,17.0,17.0,斤,,,2026-07-30
肉禽蛋,禽蛋类,鸡心,5.0,5.0,5.0,斤,,,2026-07-30
肉禽蛋,禽蛋类,鸡肝,2.5,2.5,2.5,斤,,,2026-07-30
肉禽蛋,禽蛋类,鸡脖子,5.0,5.0,5.0,斤,,去皮,2026-07-30
肉禽蛋,禽蛋类,鸡头,2.5,4.0,3.25,斤,,,2026-07-30
肉禽蛋,禽蛋类,鸡油,5.0,5.0,5.0,斤,,,2026-07-30
肉禽蛋,禽蛋类,鸡架子,3.0,3.5,3.25,斤,,,2026-07-30
肉禽蛋,禽蛋类,白条乌鸡,10.5,11.0,10.75,斤,,净膛,2026-07-30
肉禽蛋,禽蛋类,黑爪公鸡,11.0,12.0,11.5,斤,,净膛,2026-07-30
肉禽蛋,禽蛋类,白条鹅,10.0,10.0,10.0,斤,,净膛,2026-07-30
肉禽蛋,禽蛋类,白条湖鸭,7.0,7.0,7.0,斤,,,2026-07-30
肉禽蛋,禽蛋类,鸭肠,6.5,7.5,7.0,斤,,,2026-07-30
肉禽蛋,禽蛋类,鸭肝,2.5,3.0,2.75,斤,,,2026-07-30
肉禽蛋,禽蛋类,鸭头,12.0,13.0,12.5,斤,,,2026-07-30
肉禽蛋,禽蛋类,鸭心,5.0,5.0,5.0,斤,,,2026-07-30
肉禽蛋,禽蛋类,鸭腿,4.5,5.0,4.75,斤,,,2026-07-30
肉禽蛋,禽蛋类,鸭胗,12.0,14.0,13.0,斤,,,2026-07-30
肉禽蛋,禽蛋类,鸭脖子,7.0,7.5,7.25,斤,,去皮,2026-07-30
肉禽蛋,禽蛋类,白条乳鸽,20.0,22.0,21.0,只,,,2026-07-30
肉禽蛋,禽蛋类,白条兔,14.0,15.0,14.5,斤,,冻,2026-07-30
肉禽蛋,禽蛋类,筐鸡蛋,204.0,210.0,207.0,筐,,净44斤,2026-07-30
肉禽蛋,禽蛋类,筐鸡蛋,4.64,4.77,4.71,斤,,,2026-07-30
肉禽蛋,禽蛋类,箱鸡蛋,220.0,225.0,222.5,箱,,带蛋托净42斤,2026-07-30
肉禽蛋,禽蛋类,散鸡蛋,5.2,5.3,5.25,斤,,,2026-07-30
肉禽蛋,禽蛋类,生鸭蛋,6.0,7.0,6.5,斤,,,2026-07-30
肉禽蛋,禽蛋类,熟鸭蛋,6.8,8.0,7.4,斤,,,2026-07-30
肉禽蛋,禽蛋类,松花蛋,6.5,8.0,7.25,斤,,,2026-07-30
肉禽蛋,禽蛋类,鹅蛋,11.5,13.5,12.5,斤,,,2026-07-30
肉禽蛋,禽蛋类,鹌鹑蛋,5.5,6.5,6.0,斤,,,2026-07-30
肉禽蛋,禽蛋类,柴鸡蛋,4.77,9.0,6.89,斤,,,2026-07-30
肉禽蛋,禽蛋类,乌鸡蛋,7.3,8.5,7.9,斤,,,2026-07-30
肉禽蛋,禽蛋类,变蛋,0.75,1.0,0.88,个,,,2026-07-30
肉禽蛋,禽蛋类,鸵鸟蛋,65.0,70.0,67.5,个,,,2026-07-30
肉禽蛋,禽蛋类,鸽子蛋,2.4,2.5,2.45,个,,,2026-07-30
肉禽蛋,禽蛋类,活珠子,1.3,1.5,1.4,个,,,2026-07-30
肉禽蛋,禽蛋类,山鸡蛋,1.0,1.0,1.0,个,,,2026-07-30
肉禽蛋,禽蛋类,淘汰鸡,12.5,12.5,12.5,斤,,干净膛,2026-07-29
肉禽蛋,禽蛋类,淘汰鸡,11.5,11.5,11.5,斤,,净膛,2026-07-29
肉禽蛋,禽蛋类,仔鸡,6.5,6.5,6.5,斤,,净膛,2026-07-29
肉禽蛋,禽蛋类,肉鸡,6.5,6.5,6.5,斤,,,2026-07-29
肉禽蛋,禽蛋类,鸡胸,6.5,6.5,6.5,斤,,,2026-07-29
肉禽蛋,禽蛋类,鸡翅,11.0,12.0,11.5,斤,,,2026-07-29
肉禽蛋,禽蛋类,鸡翅尖,7.0,7.5,7.25,斤,,,2026-07-29
肉禽蛋,禽蛋类,鸡翅中,25.0,25.0,25.0,斤,,,2026-07-29
肉禽蛋,禽蛋类,鸡翅根,6.5,6.5,6.5,斤,,,2026-07-29
肉禽蛋,禽蛋类,鸡边腿,6.0,6.0,6.0,斤,,,2026-07-29
肉禽蛋,禽蛋类,鸡排腿,6.5,6.5,6.5,斤,,,2026-07-29
肉禽蛋,禽蛋类,鸡琵琶腿,6.5,6.5,6.5,斤,,,2026-07-29
肉禽蛋,禽蛋类,鸡胗,10.0,13.0,11.5,斤,,,2026-07-29
肉禽蛋,禽蛋类,鸡爪,17.0,17.0,17.0,斤,,,2026-07-29
肉禽蛋,禽蛋类,鸡心,5.0,5.0,5.0,斤,,,2026-07-29
肉禽蛋,禽蛋类,鸡肝,2.5,2.5,2.5,斤,,,2026-07-29
肉禽蛋,禽蛋类,鸡脖子,5.0,5.0,5.0,斤,,去皮,2026-07-29
肉禽蛋,禽蛋类,鸡头,2.5,4.0,3.25,斤,,,2026-07-29
肉禽蛋,禽蛋类,鸡油,5.0,5.0,5.0,斤,,,2026-07-29
肉禽蛋,禽蛋类,鸡架子,3.0,3.5,3.25,斤,,,2026-07-29
肉禽蛋,禽蛋类,白条乌鸡,10.5,11.0,10.75,斤,,净膛,2026-07-29
肉禽蛋,禽蛋类,黑爪公鸡,11.0,12.0,11.5,斤,,净膛,2026-07-29
肉禽蛋,禽蛋类,白条鹅,10.0,10.0,10.0,斤,,净膛,2026-07-29
肉禽蛋,禽蛋类,白条湖鸭,7.0,7.0,7.0,斤,,,2026-07-29
肉禽蛋,禽蛋类,鸭肠,6.5,7.5,7.0,斤,,,2026-07-29
肉禽蛋,禽蛋类,鸭肝,2.5,3.0,2.75,斤,,,2026-07-29
肉禽蛋,禽蛋类,鸭头,12.0,13.0,12.5,斤,,,2026-07-29
肉禽蛋,禽蛋类,鸭心,5.0,5.0,5.0,斤,,,2026-07-29
肉禽蛋,禽蛋类,鸭腿,4.5,5.0,4.75,斤,,,2026-07-29
肉禽蛋,禽蛋类,鸭胗,12.0,14.0,13.0,斤,,,2026-07-29
肉禽蛋,禽蛋类,鸭脖子,7.0,7.5,7.25,斤,,去皮,2026-07-29
肉禽蛋,禽蛋类,白条乳鸽,20.0,22.0,21.0,只,,,2026-07-29
肉禽蛋,禽蛋类,白条兔,14.0,15.0,14.5,斤,,冻,2026-07-29
肉禽蛋,禽蛋类,筐鸡蛋,204.0,210.0,207.0,筐,,净44斤,2026-07-29
肉禽蛋,禽蛋类,筐鸡蛋,4.64,4.77,4.71,斤,,,2026-07-29
肉禽蛋,禽蛋类,箱鸡蛋,220.0,225.0,222.5,箱,,带蛋托净42斤,2026-07-29
肉禽蛋,禽蛋类,散鸡蛋,5.2,5.3,5.25,斤,,,2026-07-29
肉禽蛋,禽蛋类,生鸭蛋,6.0,7.0,6.5,斤,,,2026-07-29
肉禽蛋,禽蛋类,熟鸭蛋,6.8,8.0,7.4,斤,,,2026-07-29
肉禽蛋,禽蛋类,松花蛋,6.5,8.0,7.25,斤,,,2026-07-29
肉禽蛋,禽蛋类,鹅蛋,11.5,13.5,12.5,斤,,,2026-07-29
肉禽蛋,禽蛋类,鹌鹑蛋,5.5,6.5,6.0,斤,,,2026-07-29
肉禽蛋,禽蛋类,柴鸡蛋,4.77,9.0,6.89,斤,,,2026-07-29
肉禽蛋,禽蛋类,乌鸡蛋,7.3,8.5,7.9,斤,,,2026-07-29
肉禽蛋,禽蛋类,变蛋,0.75,1.0,0.88,个,,,2026-07-29
肉禽蛋,禽蛋类,鸵鸟蛋,65.0,65.0,65.0,个,,,2026-07-29
肉禽蛋,禽蛋类,鸽子蛋,2.4,2.5,2.45,个,,,2026-07-29
肉禽蛋,禽蛋类,活珠子,1.3,1.5,1.4,个,,,2026-07-29
肉禽蛋,禽蛋类,山鸡蛋,1.0,1.0,1.0,个,,,2026-07-29
肉禽蛋,禽蛋类,淘汰鸡,12.5,12.5,12.5,斤,,干净膛,2026-07-28
肉禽蛋,禽蛋类,淘汰鸡,11.5,11.5,11.5,斤,,净膛,2026-07-28
肉禽蛋,禽蛋类,仔鸡,6.5,6.5,6.5,斤,,净膛,2026-07-28
肉禽蛋,禽蛋类,肉鸡,6.5,6.5,6.5,斤,,,2026-07-28
肉禽蛋,禽蛋类,鸡胸,6.5,6.5,6.5,斤,,,2026-07-28
肉禽蛋,禽蛋类,鸡翅,11.0,12.0,11.5,斤,,,2026-07-28
肉禽蛋,禽蛋类,鸡翅尖,7.0,7.5,7.25,斤,,,2026-07-28
肉禽蛋,禽蛋类,鸡翅中,25.0,25.0,25.0,斤,,,2026-07-28
肉禽蛋,禽蛋类,鸡翅根,6.5,6.5,6.5,斤,,,2026-07-28
肉禽蛋,禽蛋类,鸡边腿,6.0,6.0,6.0,斤,,,2026-07-28
肉禽蛋,禽蛋类,鸡排腿,6.5,6.5,6.5,斤,,,2026-07-28
肉禽蛋,禽蛋类,鸡琵琶腿,6.5,6.5,6.5,斤,,,2026-07-28
肉禽蛋,禽蛋类,鸡胗,10.0,13.0,11.5,斤,,,2026-07-28
肉禽蛋,禽蛋类,鸡爪,17.0,17.0,17.0,斤,,,2026-07-28
肉禽蛋,禽蛋类,鸡心,5.0,5.0,5.0,斤,,,2026-07-28
肉禽蛋,禽蛋类,鸡肝,2.5,2.5,2.5,斤,,,2026-07-28
肉禽蛋,禽蛋类,鸡脖子,5.0,5.0,5.0,斤,,去皮,2026-07-28
肉禽蛋,禽蛋类,鸡头,2.5,4.0,3.25,斤,,,2026-07-28
肉禽蛋,禽蛋类,鸡油,5.0,5.0,5.0,斤,,,2026-07-28
肉禽蛋,禽蛋类,鸡架子,3.0,3.5,3.25,斤,,,2026-07-28
肉禽蛋,禽蛋类,白条乌鸡,10.5,11.0,10.75,斤,,净膛,2026-07-28
肉禽蛋,禽蛋类,黑爪公鸡,11.0,12.0,11.5,斤,,净膛,2026-07-28
肉禽蛋,禽蛋类,白条鹅,10.0,10.0,10.0,斤,,净膛,2026-07-28
肉禽蛋,禽蛋类,白条湖鸭,7.0,7.0,7.0,斤,,,2026-07-28
肉禽蛋,禽蛋类,鸭肠,6.5,7.5,7.0,斤,,,2026-07-28
肉禽蛋,禽蛋类,鸭肝,2.5,3.0,2.75,斤,,,2026-07-28
肉禽蛋,禽蛋类,鸭头,12.0,13.0,12.5,斤,,,2026-07-28
肉禽蛋,禽蛋类,鸭心,5.0,5.0,5.0,斤,,,2026-07-28
肉禽蛋,禽蛋类,鸭腿,4.5,5.0,4.75,斤,,,2026-07-28
肉禽蛋,禽蛋类,鸭胗,12.0,14.0,13.0,斤,,,2026-07-28
肉禽蛋,禽蛋类,鸭脖子,7.0,7.5,7.25,斤,,去皮,2026-07-28
肉禽蛋,禽蛋类,白条乳鸽,20.0,22.0,21.0,只,,,2026-07-28
肉禽蛋,禽蛋类,白条兔,14.0,15.0,14.5,斤,,冻,2026-07-28
肉禽蛋,禽蛋类,筐鸡蛋,204.0,210.0,207.0,筐,,净44斤,2026-07-28
肉禽蛋,禽蛋类,筐鸡蛋,4.64,4.77,4.71,斤,,,2026-07-28
肉禽蛋,禽蛋类,箱鸡蛋,220.0,225.0,222.5,箱,,带蛋托净42斤,2026-07-28
肉禽蛋,禽蛋类,散鸡蛋,5.2,5.3,5.25,斤,,,2026-07-28
肉禽蛋,禽蛋类,生鸭蛋,6.0,7.0,6.5,斤,,,2026-07-28
肉禽蛋,禽蛋类,熟鸭蛋,6.8,8.0,7.4,斤,,,2026-07-28
肉禽蛋,禽蛋类,松花蛋,6.5,8.0,7.25,斤,,,2026-07-28
肉禽蛋,禽蛋类,鹅蛋,11.5,13.5,12.5,斤,,,2026-07-28
肉禽蛋,禽蛋类,鹌鹑蛋,5.5,6.5,6.0,斤,,,2026-07-28
肉禽蛋,禽蛋类,柴鸡蛋,4.77,9.0,6.89,斤,,,2026-07-28
肉禽蛋,禽蛋类,乌鸡蛋,7.3,8.5,7.9,斤,,,2026-07-28
肉禽蛋,禽蛋类,变蛋,0.75,1.0,0.88,个,,,2026-07-28
肉禽蛋,禽蛋类,鸵鸟蛋,65.0,65.0,65.0,个,,,2026-07-28
肉禽蛋,禽蛋类,鸽子蛋,2.4,2.5,2.45,个,,,2026-07-28
肉禽蛋,禽蛋类,活珠子,1.3,1.5,1.4,个,,,2026-07-28
肉禽蛋,禽蛋类,山鸡蛋,1.0,1.0,1.0,个,,,2026-07-28
肉禽蛋,禽蛋类,淘汰鸡,12.5,13.0,12.75,斤,,干净膛,2026-07-27
肉禽蛋,禽蛋类,淘汰鸡,11.5,12.0,11.75,斤,,净膛,2026-07-27
肉禽蛋,禽蛋类,仔鸡,6.5,6.5,6.5,斤,,净膛,2026-07-27
肉禽蛋,禽蛋类,肉鸡,6.5,6.5,6.5,斤,,,2026-07-27
肉禽蛋,禽蛋类,鸡胸,6.5,6.5,6.5,斤,,,2026-07-27
肉禽蛋,禽蛋类,鸡翅,11.0,12.0,11.5,斤,,,2026-07-27
肉禽蛋,禽蛋类,鸡翅尖,7.0,7.5,7.25,斤,,,2026-07-27
肉禽蛋,禽蛋类,鸡翅中,25.0,25.0,25.0,斤,,,2026-07-27
肉禽蛋,禽蛋类,鸡翅根,6.5,6.5,6.5,斤,,,2026-07-27
肉禽蛋,禽蛋类,鸡边腿,6.0,6.0,6.0,斤,,,2026-07-27
肉禽蛋,禽蛋类,鸡排腿,6.5,6.5,6.5,斤,,,2026-07-27
肉禽蛋,禽蛋类,鸡琵琶腿,6.5,6.5,6.5,斤,,,2026-07-27
肉禽蛋,禽蛋类,鸡胗,10.0,13.0,11.5,斤,,,2026-07-27
肉禽蛋,禽蛋类,鸡爪,17.0,17.0,17.0,斤,,,2026-07-27
肉禽蛋,禽蛋类,鸡心,5.0,5.0,5.0,斤,,,2026-07-27
肉禽蛋,禽蛋类,鸡肝,2.5,2.5,2.5,斤,,,2026-07-27
肉禽蛋,禽蛋类,鸡脖子,5.0,5.0,5.0,斤,,去皮,2026-07-27
肉禽蛋,禽蛋类,鸡头,2.5,4.0,3.25,斤,,,2026-07-27
肉禽蛋,禽蛋类,鸡油,5.0,5.0,5.0,斤,,,2026-07-27
肉禽蛋,禽蛋类,鸡架子,3.0,3.5,3.25,斤,,,2026-07-27
肉禽蛋,禽蛋类,白条乌鸡,10.5,11.0,10.75,斤,,净膛,2026-07-27
肉禽蛋,禽蛋类,黑爪公鸡,11.0,12.0,11.5,斤,,净膛,2026-07-27
肉禽蛋,禽蛋类,白条鹅,10.0,10.0,10.0,斤,,净膛,2026-07-27
肉禽蛋,禽蛋类,白条湖鸭,7.0,7.0,7.0,斤,,,2026-07-27
肉禽蛋,禽蛋类,鸭肠,6.5,7.5,7.0,斤,,,2026-07-27
肉禽蛋,禽蛋类,鸭肝,2.5,3.0,2.75,斤,,,2026-07-27
肉禽蛋,禽蛋类,鸭头,12.0,13.0,12.5,斤,,,2026-07-27
肉禽蛋,禽蛋类,鸭心,5.0,5.0,5.0,斤,,,2026-07-27
肉禽蛋,禽蛋类,鸭腿,4.5,5.0,4.75,斤,,,2026-07-27
肉禽蛋,禽蛋类,鸭胗,12.0,14.0,13.0,斤,,,2026-07-27
肉禽蛋,禽蛋类,鸭脖子,7.0,7.5,7.25,斤,,去皮,2026-07-27
肉禽蛋,禽蛋类,白条乳鸽,20.0,22.0,21.0,只,,,2026-07-27
肉禽蛋,禽蛋类,白条兔,14.0,15.0,14.5,斤,,冻,2026-07-27
肉禽蛋,禽蛋类,筐鸡蛋,204.0,210.0,207.0,筐,,净44斤,2026-07-27
肉禽蛋,禽蛋类,筐鸡蛋,4.64,4.77,4.71,斤,,,2026-07-27
肉禽蛋,禽蛋类,箱鸡蛋,220.0,225.0,222.5,箱,,带蛋托净42斤,2026-07-27
肉禽蛋,禽蛋类,散鸡蛋,5.2,5.3,5.25,斤,,,2026-07-27
肉禽蛋,禽蛋类,生鸭蛋,6.0,7.0,6.5,斤,,,2026-07-27
肉禽蛋,禽蛋类,熟鸭蛋,6.8,8.0,7.4,斤,,,2026-07-27
肉禽蛋,禽蛋类,松花蛋,6.5,8.0,7.25,斤,,,2026-07-27
肉禽蛋,禽蛋类,鹅蛋,11.5,13.5,12.5,斤,,,2026-07-27
肉禽蛋,禽蛋类,鹌鹑蛋,5.5,6.5,6.0,斤,,,2026-07-27
肉禽蛋,禽蛋类,柴鸡蛋,4.77,9.0,6.89,斤,,,2026-07-27
肉禽蛋,禽蛋类,乌鸡蛋,7.3,8.5,7.9,斤,,,2026-07-27
肉禽蛋,禽蛋类,变蛋,0.75,1.0,0.88,个,,,2026-07-27
肉禽蛋,禽蛋类,鸵鸟蛋,65.0,65.0,65.0,个,,,2026-07-27
肉禽蛋,禽蛋类,鸽子蛋,2.4,2.5,2.45,个,,,2026-07-27
肉禽蛋,禽蛋类,活珠子,1.3,1.5,1.4,个,,,2026-07-27
肉禽蛋,禽蛋类,山鸡蛋,1.0,1.0,1.0,个,,,2026-07-27
肉禽蛋,禽蛋类,淘汰鸡,13.0,13.0,13.0,斤,,干净膛,2026-07-26
肉禽蛋,禽蛋类,淘汰鸡,12.0,12.0,12.0,斤,,净膛,2026-07-26
肉禽蛋,禽蛋类,仔鸡,6.5,6.5,6.5,斤,,净膛,2026-07-26
肉禽蛋,禽蛋类,肉鸡,6.5,6.5,6.5,斤,,,2026-07-26
肉禽蛋,禽蛋类,鸡胸,6.5,6.5,6.5,斤,,,2026-07-26
肉禽蛋,禽蛋类,鸡翅,11.0,12.0,11.5,斤,,,2026-07-26
肉禽蛋,禽蛋类,鸡翅尖,7.0,7.5,7.25,斤,,,2026-07-26
肉禽蛋,禽蛋类,鸡翅中,25.0,25.0,25.0,斤,,,2026-07-26
肉禽蛋,禽蛋类,鸡翅根,6.5,6.5,6.5,斤,,,2026-07-26
肉禽蛋,禽蛋类,鸡边腿,6.0,6.0,6.0,斤,,,2026-07-26
肉禽蛋,禽蛋类,鸡排腿,6.5,6.5,6.5,斤,,,2026-07-26
肉禽蛋,禽蛋类,鸡琵琶腿,6.5,6.5,6.5,斤,,,2026-07-26
肉禽蛋,禽蛋类,鸡胗,10.0,13.0,11.5,斤,,,2026-07-26
肉禽蛋,禽蛋类,鸡爪,17.0,17.0,17.0,斤,,,2026-07-26
肉禽蛋,禽蛋类,鸡心,5.0,5.0,5.0,斤,,,2026-07-26
肉禽蛋,禽蛋类,鸡肝,2.5,2.5,2.5,斤,,,2026-07-26
肉禽蛋,禽蛋类,鸡脖子,5.0,5.0,5.0,斤,,去皮,2026-07-26
肉禽蛋,禽蛋类,鸡头,2.5,4.0,3.25,斤,,,2026-07-26
肉禽蛋,禽蛋类,鸡油,5.0,5.0,5.0,斤,,,2026-07-26
肉禽蛋,禽蛋类,鸡架子,3.0,3.5,3.25,斤,,,2026-07-26
肉禽蛋,禽蛋类,白条乌鸡,10.5,11.0,10.75,斤,,净膛,2026-07-26
肉禽蛋,禽蛋类,黑爪公鸡,11.0,12.0,11.5,斤,,净膛,2026-07-26
肉禽蛋,禽蛋类,白条鹅,10.0,10.0,10.0,斤,,净膛,2026-07-26
肉禽蛋,禽蛋类,白条湖鸭,7.0,7.0,7.0,斤,,,2026-07-26
肉禽蛋,禽蛋类,鸭肠,6.5,7.5,7.0,斤,,,2026-07-26
肉禽蛋,禽蛋类,鸭肝,2.5,3.0,2.75,斤,,,2026-07-26
肉禽蛋,禽蛋类,鸭头,12.0,13.0,12.5,斤,,,2026-07-26
肉禽蛋,禽蛋类,鸭心,5.0,5.0,5.0,斤,,,2026-07-26
肉禽蛋,禽蛋类,鸭腿,4.5,5.0,4.75,斤,,,2026-07-26
肉禽蛋,禽蛋类,鸭胗,12.0,14.0,13.0,斤,,,2026-07-26
肉禽蛋,禽蛋类,鸭脖子,7.0,7.5,7.25,斤,,去皮,2026-07-26
肉禽蛋,禽蛋类,白条乳鸽,20.0,22.0,21.0,只,,,2026-07-26
肉禽蛋,禽蛋类,白条兔,14.0,15.0,14.5,斤,,冻,2026-07-26
肉禽蛋,禽蛋类,筐鸡蛋,204.0,210.0,207.0,筐,,净44斤,2026-07-26
肉禽蛋,禽蛋类,筐鸡蛋,4.64,4.77,4.71,斤,,,2026-07-26
肉禽蛋,禽蛋类,箱鸡蛋,220.0,225.0,222.5,箱,,带蛋托净42斤,2026-07-26
肉禽蛋,禽蛋类,散鸡蛋,5.3,5.5,5.4,斤,,,2026-07-26
肉禽蛋,禽蛋类,生鸭蛋,6.0,7.0,6.5,斤,,,2026-07-26
肉禽蛋,禽蛋类,熟鸭蛋,6.8,8.0,7.4,斤,,,2026-07-26
肉禽蛋,禽蛋类,松花蛋,6.5,8.0,7.25,斤,,,2026-07-26
肉禽蛋,禽蛋类,鹅蛋,12.0,14.0,13.0,斤,,,2026-07-26
肉禽蛋,禽蛋类,鹌鹑蛋,5.5,6.5,6.0,斤,,,2026-07-26
肉禽蛋,禽蛋类,柴鸡蛋,4.77,9.0,6.89,斤,,,2026-07-26
肉禽蛋,禽蛋类,乌鸡蛋,7.3,8.5,7.9,斤,,,2026-07-26
肉禽蛋,禽蛋类,变蛋,0.75,1.0,0.88,个,,,2026-07-26
肉禽蛋,禽蛋类,鸵鸟蛋,65.0,65.0,65.0,个,,,2026-07-26
肉禽蛋,禽蛋类,鸽子蛋,2.4,2.5,2.45,个,,,2026-07-26
肉禽蛋,禽蛋类,活珠子,1.3,1.5,1.4,个,,,2026-07-26
肉禽蛋,禽蛋类,山鸡蛋,1.0,1.2,1.1,个,,,2026-07-26
肉禽蛋,禽蛋类,淘汰鸡,13.0,13.0,13.0,斤,,干净膛,2026-07-25
肉禽蛋,禽蛋类,淘汰鸡,12.0,12.0,12.0,斤,,净膛,2026-07-25
肉禽蛋,禽蛋类,仔鸡,6.5,6.5,6.5,斤,,净膛,2026-07-25
肉禽蛋,禽蛋类,肉鸡,6.5,6.5,6.5,斤,,,2026-07-25
肉禽蛋,禽蛋类,鸡胸,6.5,6.5,6.5,斤,,,2026-07-25
肉禽蛋,禽蛋类,鸡翅,11.0,12.0,11.5,斤,,,2026-07-25
肉禽蛋,禽蛋类,鸡翅尖,7.0,7.5,7.25,斤,,,2026-07-25
肉禽蛋,禽蛋类,鸡翅中,25.0,25.0,25.0,斤,,,2026-07-25
肉禽蛋,禽蛋类,鸡翅根,6.5,6.5,6.5,斤,,,2026-07-25
肉禽蛋,禽蛋类,鸡边腿,6.0,6.0,6.0,斤,,,2026-07-25
肉禽蛋,禽蛋类,鸡排腿,6.5,6.5,6.5,斤,,,2026-07-25
肉禽蛋,禽蛋类,鸡琵琶腿,6.5,6.5,6.5,斤,,,2026-07-25
肉禽蛋,禽蛋类,鸡胗,10.0,13.0,11.5,斤,,,2026-07-25
肉禽蛋,禽蛋类,鸡爪,17.0,17.0,17.0,斤,,,2026-07-25
肉禽蛋,禽蛋类,鸡心,5.0,5.0,5.0,斤,,,2026-07-25
肉禽蛋,禽蛋类,鸡肝,2.5,2.5,2.5,斤,,,2026-07-25
肉禽蛋,禽蛋类,鸡脖子,5.0,5.0,5.0,斤,,去皮,2026-07-25
肉禽蛋,禽蛋类,鸡头,2.5,4.0,3.25,斤,,,2026-07-25
肉禽蛋,禽蛋类,鸡油,5.0,5.0,5.0,斤,,,2026-07-25
肉禽蛋,禽蛋类,鸡架子,3.0,3.5,3.25,斤,,,2026-07-25
肉禽蛋,禽蛋类,白条乌鸡,10.5,11.0,10.75,斤,,净膛,2026-07-25
肉禽蛋,禽蛋类,黑爪公鸡,11.0,12.0,11.5,斤,,净膛,2026-07-25
肉禽蛋,禽蛋类,白条鹅,10.0,10.0,10.0,斤,,净膛,2026-07-25
肉禽蛋,禽蛋类,白条湖鸭,7.0,7.0,7.0,斤,,,2026-07-25
肉禽蛋,禽蛋类,鸭肠,6.5,7.5,7.0,斤,,,2026-07-25
肉禽蛋,禽蛋类,鸭肝,2.5,3.0,2.75,斤,,,2026-07-25
肉禽蛋,禽蛋类,鸭头,12.0,13.0,12.5,斤,,,2026-07-25
肉禽蛋,禽蛋类,鸭心,5.0,5.0,5.0,斤,,,2026-07-25
肉禽蛋,禽蛋类,鸭腿,4.5,5.0,4.75,斤,,,2026-07-25
肉禽蛋,禽蛋类,鸭胗,12.0,14.0,13.0,斤,,,2026-07-25
肉禽蛋,禽蛋类,鸭脖子,7.0,7.5,7.25,斤,,去皮,2026-07-25
肉禽蛋,禽蛋类,白条乳鸽,20.0,22.0,21.0,只,,,2026-07-25
肉禽蛋,禽蛋类,白条兔,14.0,15.0,14.5,斤,,冻,2026-07-25
肉禽蛋,禽蛋类,筐鸡蛋,204.0,212.0,208.0,筐,,净44斤,2026-07-25
肉禽蛋,禽蛋类,筐鸡蛋,4.64,4.82,4.73,斤,,,2026-07-25
肉禽蛋,禽蛋类,箱鸡蛋,222.0,227.0,224.5,箱,,带蛋托净42斤,2026-07-25
肉禽蛋,禽蛋类,散鸡蛋,5.3,5.5,5.4,斤,,,2026-07-25
肉禽蛋,禽蛋类,生鸭蛋,6.0,7.0,6.5,斤,,,2026-07-25
肉禽蛋,禽蛋类,熟鸭蛋,6.8,8.0,7.4,斤,,,2026-07-25
肉禽蛋,禽蛋类,松花蛋,6.5,8.0,7.25,斤,,,2026-07-25
肉禽蛋,禽蛋类,鹅蛋,12.0,14.0,13.0,斤,,,2026-07-25
肉禽蛋,禽蛋类,鹌鹑蛋,5.5,6.5,6.0,斤,,,2026-07-25
肉禽蛋,禽蛋类,柴鸡蛋,4.82,9.0,6.91,斤,,,2026-07-25
肉禽蛋,禽蛋类,乌鸡蛋,7.3,8.5,7.9,斤,,,2026-07-25
肉禽蛋,禽蛋类,变蛋,0.75,1.0,0.88,个,,,2026-07-25
肉禽蛋,禽蛋类,鸵鸟蛋,65.0,65.0,65.0,个,,,2026-07-25
肉禽蛋,禽蛋类,鸽子蛋,2.4,2.5,2.45,个,,,2026-07-25
肉禽蛋,禽蛋类,活珠子,1.3,1.5,1.4,个,,,2026-07-25
肉禽蛋,禽蛋类,山鸡蛋,1.0,1.2,1.1,个,,,2026-07-25
肉禽蛋,禽蛋类,淘汰鸡,13.0,13.0,13.0,斤,,干净膛,2026-07-24
肉禽蛋,禽蛋类,淘汰鸡,12.0,12.0,12.0,斤,,净膛,2026-07-24
肉禽蛋,禽蛋类,仔鸡,6.5,6.5,6.5,斤,,净膛,2026-07-24
肉禽蛋,禽蛋类,肉鸡,6.5,6.5,6.5,斤,,,2026-07-24
肉禽蛋,禽蛋类,鸡胸,6.5,6.5,6.5,斤,,,2026-07-24
肉禽蛋,禽蛋类,鸡翅,11.0,12.0,11.5,斤,,,2026-07-24
肉禽蛋,禽蛋类,鸡翅尖,7.0,7.5,7.25,斤,,,2026-07-24
肉禽蛋,禽蛋类,鸡翅中,25.0,25.0,25.0,斤,,,2026-07-24
肉禽蛋,禽蛋类,鸡翅根,6.5,6.5,6.5,斤,,,2026-07-24
肉禽蛋,禽蛋类,鸡边腿,6.0,6.0,6.0,斤,,,2026-07-24
肉禽蛋,禽蛋类,鸡排腿,6.5,6.5,6.5,斤,,,2026-07-24
肉禽蛋,禽蛋类,鸡琵琶腿,6.5,6.5,6.5,斤,,,2026-07-24
肉禽蛋,禽蛋类,鸡胗,10.0,13.0,11.5,斤,,,2026-07-24
肉禽蛋,禽蛋类,鸡爪,17.0,17.0,17.0,斤,,,2026-07-24
肉禽蛋,禽蛋类,鸡心,5.0,5.0,5.0,斤,,,2026-07-24
肉禽蛋,禽蛋类,鸡肝,2.5,2.5,2.5,斤,,,2026-07-24
肉禽蛋,禽蛋类,鸡脖子,5.0,5.0,5.0,斤,,去皮,2026-07-24
肉禽蛋,禽蛋类,鸡头,2.5,4.0,3.25,斤,,,2026-07-24
肉禽蛋,禽蛋类,鸡油,5.0,5.0,5.0,斤,,,2026-07-24
肉禽蛋,禽蛋类,鸡架子,3.0,3.5,3.25,斤,,,2026-07-24
肉禽蛋,禽蛋类,白条乌鸡,10.5,11.0,10.75,斤,,净膛,2026-07-24
肉禽蛋,禽蛋类,黑爪公鸡,11.0,12.0,11.5,斤,,净膛,2026-07-24
肉禽蛋,禽蛋类,白条鹅,10.0,10.0,10.0,斤,,净膛,2026-07-24
肉禽蛋,禽蛋类,白条湖鸭,7.0,7.0,7.0,斤,,,2026-07-24
肉禽蛋,禽蛋类,鸭肠,6.5,7.5,7.0,斤,,,2026-07-24
肉禽蛋,禽蛋类,鸭肝,2.5,3.0,2.75,斤,,,2026-07-24
肉禽蛋,禽蛋类,鸭头,12.0,13.0,12.5,斤,,,2026-07-24
肉禽蛋,禽蛋类,鸭心,5.0,5.0,5.0,斤,,,2026-07-24
肉禽蛋,禽蛋类,鸭腿,4.5,5.0,4.75,斤,,,2026-07-24
肉禽蛋,禽蛋类,鸭胗,12.0,14.0,13.0,斤,,,2026-07-24
肉禽蛋,禽蛋类,鸭脖子,7.0,7.5,7.25,斤,,去皮,2026-07-24
肉禽蛋,禽蛋类,白条乳鸽,20.0,22.0,21.0,只,,,2026-07-24
肉禽蛋,禽蛋类,白条兔,14.0,15.0,14.5,斤,,冻,2026-07-24
肉禽蛋,禽蛋类,筐鸡蛋,209.0,217.0,213.0,筐,,净44斤,2026-07-24
肉禽蛋,禽蛋类,筐鸡蛋,4.75,4.93,4.84,斤,,,2026-07-24
肉禽蛋,禽蛋类,箱鸡蛋,227.0,232.0,229.5,箱,,带蛋托净42斤,2026-07-24
肉禽蛋,禽蛋类,散鸡蛋,5.3,5.5,5.4,斤,,,2026-07-24
肉禽蛋,禽蛋类,生鸭蛋,6.0,7.0,6.5,斤,,,2026-07-24
肉禽蛋,禽蛋类,熟鸭蛋,6.8,8.0,7.4,斤,,,2026-07-24
肉禽蛋,禽蛋类,松花蛋,6.5,8.0,7.25,斤,,,2026-07-24
肉禽蛋,禽蛋类,鹅蛋,12.0,14.0,13.0,斤,,,2026-07-24
肉禽蛋,禽蛋类,鹌鹑蛋,5.5,6.5,6.0,斤,,,2026-07-24
肉禽蛋,禽蛋类,柴鸡蛋,4.93,9.0,6.97,斤,,,2026-07-24
肉禽蛋,禽蛋类,乌鸡蛋,7.3,8.5,7.9,斤,,,2026-07-24
肉禽蛋,禽蛋类,变蛋,0.75,1.0,0.88,个,,,2026-07-24
肉禽蛋,禽蛋类,鸵鸟蛋,65.0,65.0,65.0,个,,,2026-07-24
肉禽蛋,禽蛋类,鸽子蛋,2.4,2.5,2.45,个,,,2026-07-24
肉禽蛋,禽蛋类,活珠子,1.3,1.5,1.4,个,,,2026-07-24
肉禽蛋,禽蛋类,山鸡蛋,1.0,1.2,1.1,个,,,2026-07-24
肉禽蛋,禽蛋类,淘汰鸡,13.0,13.0,13.0,斤,,干净膛,2026-07-23
肉禽蛋,禽蛋类,淘汰鸡,12.0,12.0,12.0,斤,,净膛,2026-07-23
肉禽蛋,禽蛋类,仔鸡,6.5,6.5,6.5,斤,,净膛,2026-07-23
肉禽蛋,禽蛋类,肉鸡,6.5,6.5,6.5,斤,,,2026-07-23
肉禽蛋,禽蛋类,鸡胸,6.5,6.5,6.5,斤,,,2026-07-23
肉禽蛋,禽蛋类,鸡翅,11.0,12.0,11.5,斤,,,2026-07-23
肉禽蛋,禽蛋类,鸡翅尖,7.0,7.5,7.25,斤,,,2026-07-23
肉禽蛋,禽蛋类,鸡翅中,25.0,25.0,25.0,斤,,,2026-07-23
肉禽蛋,禽蛋类,鸡翅根,6.5,6.5,6.5,斤,,,2026-07-23
肉禽蛋,禽蛋类,鸡边腿,6.0,6.0,6.0,斤,,,2026-07-23
肉禽蛋,禽蛋类,鸡排腿,6.5,6.5,6.5,斤,,,2026-07-23
肉禽蛋,禽蛋类,鸡琵琶腿,6.5,6.5,6.5,斤,,,2026-07-23
肉禽蛋,禽蛋类,鸡胗,10.0,13.0,11.5,斤,,,2026-07-23
肉禽蛋,禽蛋类,鸡爪,17.0,17.0,17.0,斤,,,2026-07-23
肉禽蛋,禽蛋类,鸡心,5.0,5.0,5.0,斤,,,2026-07-23
肉禽蛋,禽蛋类,鸡肝,2.5,2.5,2.5,斤,,,2026-07-23
肉禽蛋,禽蛋类,鸡脖子,5.0,5.0,5.0,斤,,去皮,2026-07-23
肉禽蛋,禽蛋类,鸡头,2.5,4.0,3.25,斤,,,2026-07-23
肉禽蛋,禽蛋类,鸡油,5.0,5.0,5.0,斤,,,2026-07-23
肉禽蛋,禽蛋类,鸡架子,3.0,3.5,3.25,斤,,,2026-07-23
肉禽蛋,禽蛋类,白条乌鸡,10.5,11.0,10.75,斤,,净膛,2026-07-23
肉禽蛋,禽蛋类,黑爪公鸡,11.0,12.0,11.5,斤,,净膛,2026-07-23
肉禽蛋,禽蛋类,白条鹅,10.0,10.0,10.0,斤,,净膛,2026-07-23
肉禽蛋,禽蛋类,白条湖鸭,7.0,7.0,7.0,斤,,,2026-07-23
肉禽蛋,禽蛋类,鸭肠,6.5,7.5,7.0,斤,,,2026-07-23
肉禽蛋,禽蛋类,鸭肝,2.5,3.0,2.75,斤,,,2026-07-23
肉禽蛋,禽蛋类,鸭头,12.0,13.0,12.5,斤,,,2026-07-23
肉禽蛋,禽蛋类,鸭心,5.0,5.0,5.0,斤,,,2026-07-23
肉禽蛋,禽蛋类,鸭腿,4.5,5.0,4.75,斤,,,2026-07-23
肉禽蛋,禽蛋类,鸭胗,12.0,14.0,13.0,斤,,,2026-07-23
肉禽蛋,禽蛋类,鸭脖子,7.0,7.5,7.25,斤,,去皮,2026-07-23
肉禽蛋,禽蛋类,白条乳鸽,20.0,22.0,21.0,只,,,2026-07-23
肉禽蛋,禽蛋类,白条兔,14.0,15.0,14.5,斤,,冻,2026-07-23
肉禽蛋,禽蛋类,筐鸡蛋,214.0,222.0,218.0,筐,,净44斤,2026-07-23
肉禽蛋,禽蛋类,筐鸡蛋,4.86,5.05,4.96,斤,,,2026-07-23
肉禽蛋,禽蛋类,箱鸡蛋,232.0,237.0,234.5,箱,,带蛋托净42斤,2026-07-23
肉禽蛋,禽蛋类,散鸡蛋,5.5,5.5,5.5,斤,,,2026-07-23
肉禽蛋,禽蛋类,生鸭蛋,6.0,7.0,6.5,斤,,,2026-07-23
肉禽蛋,禽蛋类,熟鸭蛋,6.8,8.0,7.4,斤,,,2026-07-23
肉禽蛋,禽蛋类,松花蛋,6.6,8.0,7.3,斤,,,2026-07-23
肉禽蛋,禽蛋类,鹅蛋,12.0,14.0,13.0,斤,,,2026-07-23
肉禽蛋,禽蛋类,鹌鹑蛋,5.0,6.5,5.75,斤,,,2026-07-23
肉禽蛋,禽蛋类,柴鸡蛋,5.09,9.0,7.05,斤,,,2026-07-23
肉禽蛋,禽蛋类,乌鸡蛋,7.3,8.5,7.9,斤,,,2026-07-23
肉禽蛋,禽蛋类,变蛋,0.75,1.0,0.88,个,,,2026-07-23
肉禽蛋,禽蛋类,鸵鸟蛋,65.0,70.0,67.5,个,,,2026-07-23
肉禽蛋,禽蛋类,鸽子蛋,2.5,2.5,2.5,个,,,2026-07-23
肉禽蛋,禽蛋类,活珠子,1.3,1.5,1.4,个,,,2026-07-23
肉禽蛋,禽蛋类,山鸡蛋,1.0,1.2,1.1,个,,,2026-07-23
肉禽蛋,禽蛋类,淘汰鸡,13.0,13.0,13.0,斤,,干净膛,2026-07-22
肉禽蛋,禽蛋类,淘汰鸡,12.0,12.0,12.0,斤,,净膛,2026-07-22
肉禽蛋,禽蛋类,仔鸡,6.5,6.5,6.5,斤,,净膛,2026-07-22
肉禽蛋,禽蛋类,肉鸡,6.5,6.5,6.5,斤,,,2026-07-22
肉禽蛋,禽蛋类,鸡胸,6.5,6.5,6.5,斤,,,2026-07-22
肉禽蛋,禽蛋类,鸡翅,11.0,12.0,11.5,斤,,,2026-07-22
肉禽蛋,禽蛋类,鸡翅尖,7.0,7.5,7.25,斤,,,2026-07-22
肉禽蛋,禽蛋类,鸡翅中,25.0,25.0,25.0,斤,,,2026-07-22
肉禽蛋,禽蛋类,鸡翅根,6.5,6.5,6.5,斤,,,2026-07-22
肉禽蛋,禽蛋类,鸡边腿,6.0,6.0,6.0,斤,,,2026-07-22
肉禽蛋,禽蛋类,鸡排腿,6.5,6.5,6.5,斤,,,2026-07-22
肉禽蛋,禽蛋类,鸡琵琶腿,6.5,6.5,6.5,斤,,,2026-07-22
肉禽蛋,禽蛋类,鸡胗,10.0,13.0,11.5,斤,,,2026-07-22
肉禽蛋,禽蛋类,鸡爪,17.0,17.0,17.0,斤,,,2026-07-22
肉禽蛋,禽蛋类,鸡心,5.0,5.0,5.0,斤,,,2026-07-22
肉禽蛋,禽蛋类,鸡肝,2.5,2.5,2.5,斤,,,2026-07-22
肉禽蛋,禽蛋类,鸡脖子,5.0,5.0,5.0,斤,,去皮,2026-07-22
肉禽蛋,禽蛋类,鸡头,2.5,4.0,3.25,斤,,,2026-07-22
肉禽蛋,禽蛋类,鸡油,5.0,5.0,5.0,斤,,,2026-07-22
肉禽蛋,禽蛋类,鸡架子,3.0,3.5,3.25,斤,,,2026-07-22
肉禽蛋,禽蛋类,白条乌鸡,10.5,11.0,10.75,斤,,净膛,2026-07-22
肉禽蛋,禽蛋类,黑爪公鸡,11.0,12.0,11.5,斤,,净膛,2026-07-22
肉禽蛋,禽蛋类,白条鹅,10.0,10.0,10.0,斤,,净膛,2026-07-22
肉禽蛋,禽蛋类,白条湖鸭,7.0,7.0,7.0,斤,,,2026-07-22
肉禽蛋,禽蛋类,鸭肠,6.5,7.5,7.0,斤,,,2026-07-22
肉禽蛋,禽蛋类,鸭肝,2.5,3.0,2.75,斤,,,2026-07-22
肉禽蛋,禽蛋类,鸭头,12.0,13.0,12.5,斤,,,2026-07-22
肉禽蛋,禽蛋类,鸭心,5.0,5.0,5.0,斤,,,2026-07-22
肉禽蛋,禽蛋类,鸭腿,4.5,5.0,4.75,斤,,,2026-07-22
肉禽蛋,禽蛋类,鸭胗,12.0,14.0,13.0,斤,,,2026-07-22
肉禽蛋,禽蛋类,鸭脖子,7.0,7.5,7.25,斤,,去皮,2026-07-22
肉禽蛋,禽蛋类,白条乳鸽,20.0,22.0,21.0,只,,,2026-07-22
肉禽蛋,禽蛋类,白条兔,14.0,15.0,14.5,斤,,冻,2026-07-22
肉禽蛋,禽蛋类,筐鸡蛋,219.0,224.0,221.5,筐,,净44斤,2026-07-22
肉禽蛋,禽蛋类,筐鸡蛋,4.98,5.09,5.04,斤,,,2026-07-22
肉禽蛋,禽蛋类,箱鸡蛋,234.0,239.0,236.5,箱,,带蛋托净42斤,2026-07-22
肉禽蛋,禽蛋类,散鸡蛋,5.5,5.5,5.5,斤,,,2026-07-22
肉禽蛋,禽蛋类,生鸭蛋,6.0,7.0,6.5,斤,,,2026-07-22
肉禽蛋,禽蛋类,熟鸭蛋,6.8,8.0,7.4,斤,,,2026-07-22
肉禽蛋,禽蛋类,松花蛋,6.6,8.0,7.3,斤,,,2026-07-22
肉禽蛋,禽蛋类,鹅蛋,12.0,14.0,13.0,斤,,,2026-07-22
肉禽蛋,禽蛋类,鹌鹑蛋,5.2,6.5,5.85,斤,,,2026-07-22
肉禽蛋,禽蛋类,柴鸡蛋,5.09,9.0,7.05,斤,,,2026-07-22
肉禽蛋,禽蛋类,乌鸡蛋,7.3,8.5,7.9,斤,,,2026-07-22
肉禽蛋,禽蛋类,变蛋,0.75,1.0,0.88,个,,,2026-07-22
肉禽蛋,禽蛋类,鸵鸟蛋,65.0,70.0,67.5,个,,,2026-07-22
肉禽蛋,禽蛋类,鸽子蛋,2.5,2.5,2.5,个,,,2026-07-22
肉禽蛋,禽蛋类,活珠子,1.3,1.5,1.4,个,,,2026-07-22
肉禽蛋,禽蛋类,山鸡蛋,1.0,1.2,1.1,个,,,2026-07-22
肉禽蛋,禽蛋类,淘汰鸡,13.0,13.0,13.0,斤,,干净膛,2026-07-21
肉禽蛋,禽蛋类,淘汰鸡,12.0,12.0,12.0,斤,,净膛,2026-07-21
肉禽蛋,禽蛋类,仔鸡,6.5,6.5,6.5,斤,,净膛,2026-07-21
肉禽蛋,禽蛋类,肉鸡,6.5,6.5,6.5,斤,,,2026-07-21
肉禽蛋,禽蛋类,鸡胸,6.5,6.5,6.5,斤,,,2026-07-21
肉禽蛋,禽蛋类,鸡翅,11.0,12.0,11.5,斤,,,2026-07-21
肉禽蛋,禽蛋类,鸡翅尖,7.0,7.5,7.25,斤,,,2026-07-21
肉禽蛋,禽蛋类,鸡翅中,25.0,25.0,25.0,斤,,,2026-07-21
肉禽蛋,禽蛋类,鸡翅根,6.5,6.5,6.5,斤,,,2026-07-21
肉禽蛋,禽蛋类,鸡边腿,6.0,6.0,6.0,斤,,,2026-07-21
肉禽蛋,禽蛋类,鸡排腿,6.5,6.5,6.5,斤,,,2026-07-21
肉禽蛋,禽蛋类,鸡琵琶腿,6.5,6.5,6.5,斤,,,2026-07-21
肉禽蛋,禽蛋类,鸡胗,10.0,13.0,11.5,斤,,,2026-07-21
肉禽蛋,禽蛋类,鸡爪,17.0,17.0,17.0,斤,,,2026-07-21
肉禽蛋,禽蛋类,鸡心,5.0,5.0,5.0,斤,,,2026-07-21
肉禽蛋,禽蛋类,鸡肝,2.5,2.5,2.5,斤,,,2026-07-21
肉禽蛋,禽蛋类,鸡脖子,5.0,5.0,5.0,斤,,去皮,2026-07-21
肉禽蛋,禽蛋类,鸡头,2.5,4.0,3.25,斤,,,2026-07-21
肉禽蛋,禽蛋类,鸡油,5.0,5.0,5.0,斤,,,2026-07-21
肉禽蛋,禽蛋类,鸡架子,3.0,3.5,3.25,斤,,,2026-07-21
肉禽蛋,禽蛋类,白条乌鸡,10.5,11.0,10.75,斤,,净膛,2026-07-21
肉禽蛋,禽蛋类,黑爪公鸡,11.0,12.0,11.5,斤,,净膛,2026-07-21
肉禽蛋,禽蛋类,白条鹅,10.0,10.0,10.0,斤,,净膛,2026-07-21
肉禽蛋,禽蛋类,白条湖鸭,7.0,7.0,7.0,斤,,,2026-07-21
肉禽蛋,禽蛋类,鸭肠,6.5,7.5,7.0,斤,,,2026-07-21
肉禽蛋,禽蛋类,鸭肝,2.5,3.0,2.75,斤,,,2026-07-21
肉禽蛋,禽蛋类,鸭头,12.0,13.0,12.5,斤,,,2026-07-21
肉禽蛋,禽蛋类,鸭心,5.0,5.0,5.0,斤,,,2026-07-21
肉禽蛋,禽蛋类,鸭腿,4.5,5.0,4.75,斤,,,2026-07-21
肉禽蛋,禽蛋类,鸭胗,12.0,14.0,13.0,斤,,,2026-07-21
肉禽蛋,禽蛋类,鸭脖子,7.0,7.5,7.25,斤,,去皮,2026-07-21
肉禽蛋,禽蛋类,白条乳鸽,20.0,22.0,21.0,只,,,2026-07-21
肉禽蛋,禽蛋类,白条兔,14.0,15.0,14.5,斤,,冻,2026-07-21
肉禽蛋,禽蛋类,筐鸡蛋,219.0,224.0,221.5,筐,,净44斤,2026-07-21
肉禽蛋,禽蛋类,筐鸡蛋,4.98,5.09,5.04,斤,,,2026-07-21
肉禽蛋,禽蛋类,箱鸡蛋,234.0,239.0,236.5,箱,,带蛋托净42斤,2026-07-21
肉禽蛋,禽蛋类,散鸡蛋,5.5,5.5,5.5,斤,,,2026-07-21
肉禽蛋,禽蛋类,生鸭蛋,6.0,7.0,6.5,斤,,,2026-07-21
肉禽蛋,禽蛋类,熟鸭蛋,6.8,8.0,7.4,斤,,,2026-07-21
肉禽蛋,禽蛋类,松花蛋,6.6,8.0,7.3,斤,,,2026-07-21
肉禽蛋,禽蛋类,鹅蛋,12.0,14.0,13.0,斤,,,2026-07-21
肉禽蛋,禽蛋类,鹌鹑蛋,5.2,6.5,5.85,斤,,,2026-07-21
肉禽蛋,禽蛋类,柴鸡蛋,5.09,9.0,7.05,斤,,,2026-07-21
肉禽蛋,禽蛋类,乌鸡蛋,7.3,8.5,7.9,斤,,,2026-07-21
肉禽蛋,禽蛋类,变蛋,0.75,1.0,0.88,个,,,2026-07-21
肉禽蛋,禽蛋类,鸵鸟蛋,65.0,70.0,67.5,个,,,2026-07-21
肉禽蛋,禽蛋类,鸽子蛋,2.5,2.5,2.5,个,,,2026-07-21
肉禽蛋,禽蛋类,活珠子,1.3,1.5,1.4,个,,,2026-07-21
肉禽蛋,禽蛋类,山鸡蛋,1.0,1.2,1.1,个,,,2026-07-21
肉禽蛋,禽蛋类,淘汰鸡,13.0,13.0,13.0,斤,,干净膛,2026-07-20
肉禽蛋,禽蛋类,淘汰鸡,12.0,12.0,12.0,斤,,净膛,2026-07-20
肉禽蛋,禽蛋类,仔鸡,6.5,6.5,6.5,斤,,净膛,2026-07-20
肉禽蛋,禽蛋类,肉鸡,6.5,6.5,6.5,斤,,,2026-07-20
肉禽蛋,禽蛋类,鸡胸,6.5,6.5,6.5,斤,,,2026-07-20
肉禽蛋,禽蛋类,鸡翅,11.0,12.0,11.5,斤,,,2026-07-20
肉禽蛋,禽蛋类,鸡翅尖,7.0,7.5,7.25,斤,,,2026-07-20
肉禽蛋,禽蛋类,鸡翅中,25.0,25.0,25.0,斤,,,2026-07-20
肉禽蛋,禽蛋类,鸡翅根,6.5,6.5,6.5,斤,,,2026-07-20
肉禽蛋,禽蛋类,鸡边腿,6.0,6.0,6.0,斤,,,2026-07-20
肉禽蛋,禽蛋类,鸡排腿,6.5,6.5,6.5,斤,,,2026-07-20
肉禽蛋,禽蛋类,鸡琵琶腿,6.5,6.5,6.5,斤,,,2026-07-20
肉禽蛋,禽蛋类,鸡胗,10.0,13.0,11.5,斤,,,2026-07-20
肉禽蛋,禽蛋类,鸡爪,17.0,17.0,17.0,斤,,,2026-07-20
肉禽蛋,禽蛋类,鸡心,5.0,5.0,5.0,斤,,,2026-07-20
肉禽蛋,禽蛋类,鸡肝,2.5,2.5,2.5,斤,,,2026-07-20
肉禽蛋,禽蛋类,鸡脖子,5.0,5.0,5.0,斤,,去皮,2026-07-20
肉禽蛋,禽蛋类,鸡头,2.5,4.0,3.25,斤,,,2026-07-20
肉禽蛋,禽蛋类,鸡油,5.0,5.0,5.0,斤,,,2026-07-20
肉禽蛋,禽蛋类,鸡架子,3.0,3.5,3.25,斤,,,2026-07-20
肉禽蛋,禽蛋类,白条乌鸡,10.5,11.0,10.75,斤,,净膛,2026-07-20
肉禽蛋,禽蛋类,黑爪公鸡,11.0,12.0,11.5,斤,,净膛,2026-07-20
肉禽蛋,禽蛋类,白条鹅,10.0,10.0,10.0,斤,,净膛,2026-07-20
肉禽蛋,禽蛋类,白条湖鸭,7.0,7.0,7.0,斤,,,2026-07-20
肉禽蛋,禽蛋类,鸭肠,6.5,7.5,7.0,斤,,,2026-07-20
肉禽蛋,禽蛋类,鸭肝,2.5,3.0,2.75,斤,,,2026-07-20
肉禽蛋,禽蛋类,鸭头,12.0,13.0,12.5,斤,,,2026-07-20
肉禽蛋,禽蛋类,鸭心,5.0,5.0,5.0,斤,,,2026-07-20
肉禽蛋,禽蛋类,鸭腿,4.5,5.0,4.75,斤,,,2026-07-20
肉禽蛋,禽蛋类,鸭胗,12.0,14.0,13.0,斤,,,2026-07-20
肉禽蛋,禽蛋类,鸭脖子,7.0,7.5,7.25,斤,,去皮,2026-07-20
肉禽蛋,禽蛋类,白条乳鸽,20.0,22.0,21.0,只,,,2026-07-20
肉禽蛋,禽蛋类,白条兔,14.0,15.0,14.5,斤,,冻,2026-07-20
肉禽蛋,禽蛋类,筐鸡蛋,214.0,219.0,216.5,筐,,净44斤,2026-07-20
肉禽蛋,禽蛋类,筐鸡蛋,4.86,4.98,4.92,斤,,,2026-07-20
肉禽蛋,禽蛋类,箱鸡蛋,229.0,234.0,231.5,箱,,带蛋托净42斤,2026-07-20
肉禽蛋,禽蛋类,散鸡蛋,5.5,5.5,5.5,斤,,,2026-07-20
肉禽蛋,禽蛋类,生鸭蛋,6.0,7.0,6.5,斤,,,2026-07-20
肉禽蛋,禽蛋类,熟鸭蛋,6.8,8.0,7.4,斤,,,2026-07-20
肉禽蛋,禽蛋类,松花蛋,6.6,8.0,7.3,斤,,,2026-07-20
肉禽蛋,禽蛋类,鹅蛋,12.0,14.0,13.0,斤,,,2026-07-20
肉禽蛋,禽蛋类,鹌鹑蛋,5.2,6.5,5.85,斤,,,2026-07-20
肉禽蛋,禽蛋类,柴鸡蛋,4.96,9.0,6.98,斤,,,2026-07-20
肉禽蛋,禽蛋类,乌鸡蛋,7.3,8.5,7.9,斤,,,2026-07-20
肉禽蛋,禽蛋类,变蛋,0.75,1.0,0.88,个,,,2026-07-20
肉禽蛋,禽蛋类,鸵鸟蛋,65.0,70.0,67.5,个,,,2026-07-20
肉禽蛋,禽蛋类,鸽子蛋,2.5,2.5,2.5,个,,,2026-07-20
肉禽蛋,禽蛋类,活珠子,1.3,1.5,1.4,个,,,2026-07-20
肉禽蛋,禽蛋类,山鸡蛋,1.0,1.2,1.1,个,,,2026-07-20
肉禽蛋,禽蛋类,淘汰鸡,13.0,13.0,13.0,斤,,干净膛,2026-07-19
肉禽蛋,禽蛋类,淘汰鸡,12.0,12.0,12.0,斤,,净膛,2026-07-19
肉禽蛋,禽蛋类,仔鸡,6.5,7.0,6.75,斤,,净膛,2026-07-19
肉禽蛋,禽蛋类,肉鸡,6.5,6.5,6.5,斤,,,2026-07-19
肉禽蛋,禽蛋类,鸡胸,6.5,6.5,6.5,斤,,,2026-07-19
肉禽蛋,禽蛋类,鸡翅,11.0,12.0,11.5,斤,,,2026-07-19
肉禽蛋,禽蛋类,鸡翅尖,7.0,7.5,7.25,斤,,,2026-07-19
肉禽蛋,禽蛋类,鸡翅中,25.0,25.0,25.0,斤,,,2026-07-19
肉禽蛋,禽蛋类,鸡翅根,6.5,6.5,6.5,斤,,,2026-07-19
肉禽蛋,禽蛋类,鸡边腿,6.0,6.0,6.0,斤,,,2026-07-19
肉禽蛋,禽蛋类,鸡排腿,6.5,6.5,6.5,斤,,,2026-07-19
肉禽蛋,禽蛋类,鸡琵琶腿,6.5,6.5,6.5,斤,,,2026-07-19
肉禽蛋,禽蛋类,鸡胗,10.0,13.0,11.5,斤,,,2026-07-19
肉禽蛋,禽蛋类,鸡爪,17.0,17.0,17.0,斤,,,2026-07-19
肉禽蛋,禽蛋类,鸡心,5.0,5.0,5.0,斤,,,2026-07-19
肉禽蛋,禽蛋类,鸡肝,2.5,2.5,2.5,斤,,,2026-07-19
肉禽蛋,禽蛋类,鸡脖子,5.0,5.0,5.0,斤,,去皮,2026-07-19
肉禽蛋,禽蛋类,鸡头,2.5,4.0,3.25,斤,,,2026-07-19
肉禽蛋,禽蛋类,鸡油,5.0,5.0,5.0,斤,,,2026-07-19
肉禽蛋,禽蛋类,鸡架子,3.0,3.5,3.25,斤,,,2026-07-19
肉禽蛋,禽蛋类,白条乌鸡,10.5,11.0,10.75,斤,,净膛,2026-07-19
肉禽蛋,禽蛋类,黑爪公鸡,11.0,12.0,11.5,斤,,净膛,2026-07-19
肉禽蛋,禽蛋类,白条鹅,10.0,10.0,10.0,斤,,净膛,2026-07-19
肉禽蛋,禽蛋类,白条湖鸭,7.0,7.0,7.0,斤,,,2026-07-19
肉禽蛋,禽蛋类,鸭肠,6.5,7.5,7.0,斤,,,2026-07-19
肉禽蛋,禽蛋类,鸭肝,2.5,3.0,2.75,斤,,,2026-07-19
肉禽蛋,禽蛋类,鸭头,12.0,13.0,12.5,斤,,,2026-07-19
肉禽蛋,禽蛋类,鸭心,5.0,5.0,5.0,斤,,,2026-07-19
肉禽蛋,禽蛋类,鸭腿,4.5,5.0,4.75,斤,,,2026-07-19
肉禽蛋,禽蛋类,鸭胗,12.0,14.0,13.0,斤,,,2026-07-19
肉禽蛋,禽蛋类,鸭脖子,7.0,7.5,7.25,斤,,去皮,2026-07-19
肉禽蛋,禽蛋类,白条乳鸽,20.0,22.0,21.0,只,,,2026-07-19
肉禽蛋,禽蛋类,白条兔,14.0,15.0,14.5,斤,,冻,2026-07-19
肉禽蛋,禽蛋类,筐鸡蛋,209.0,214.0,211.5,筐,,净44斤,2026-07-19
肉禽蛋,禽蛋类,筐鸡蛋,4.75,4.86,4.81,斤,,,2026-07-19
肉禽蛋,禽蛋类,箱鸡蛋,224.0,229.0,226.5,箱,,带蛋托净42斤,2026-07-19
肉禽蛋,禽蛋类,散鸡蛋,5.3,5.5,5.4,斤,,,2026-07-19
肉禽蛋,禽蛋类,生鸭蛋,6.0,7.0,6.5,斤,,,2026-07-19
肉禽蛋,禽蛋类,熟鸭蛋,6.8,8.0,7.4,斤,,,2026-07-19
肉禽蛋,禽蛋类,松花蛋,6.6,8.0,7.3,斤,,,2026-07-19
肉禽蛋,禽蛋类,鹅蛋,12.0,14.0,13.0,斤,,,2026-07-19
肉禽蛋,禽蛋类,鹌鹑蛋,5.2,6.5,5.85,斤,,,2026-07-19
肉禽蛋,禽蛋类,柴鸡蛋,4.86,9.0,6.93,斤,,,2026-07-19
肉禽蛋,禽蛋类,乌鸡蛋,7.5,8.5,8.0,斤,,,2026-07-19
肉禽蛋,禽蛋类,变蛋,0.7,1.0,0.85,个,,,2026-07-19
肉禽蛋,禽蛋类,鸵鸟蛋,65.0,70.0,67.5,个,,,2026-07-19
肉禽蛋,禽蛋类,鸽子蛋,2.4,2.5,2.45,个,,,2026-07-19
肉禽蛋,禽蛋类,活珠子,1.3,1.5,1.4,个,,,2026-07-19
肉禽蛋,禽蛋类,山鸡蛋,1.0,1.2,1.1,个,,,2026-07-19
肉禽蛋,禽蛋类,淘汰鸡,13.0,13.0,13.0,斤,,干净膛,2026-07-18
肉禽蛋,禽蛋类,淘汰鸡,12.0,12.0,12.0,斤,,净膛,2026-07-18
肉禽蛋,禽蛋类,仔鸡,6.5,7.0,6.75,斤,,净膛,2026-07-18
肉禽蛋,禽蛋类,肉鸡,6.5,6.5,6.5,斤,,,2026-07-18
肉禽蛋,禽蛋类,鸡胸,6.5,6.5,6.5,斤,,,2026-07-18
肉禽蛋,禽蛋类,鸡翅,11.0,12.0,11.5,斤,,,2026-07-18
肉禽蛋,禽蛋类,鸡翅尖,7.0,7.5,7.25,斤,,,2026-07-18
肉禽蛋,禽蛋类,鸡翅中,25.0,25.0,25.0,斤,,,2026-07-18
肉禽蛋,禽蛋类,鸡翅根,6.5,6.5,6.5,斤,,,2026-07-18
肉禽蛋,禽蛋类,鸡边腿,6.0,6.0,6.0,斤,,,2026-07-18
肉禽蛋,禽蛋类,鸡排腿,6.5,6.5,6.5,斤,,,2026-07-18
肉禽蛋,禽蛋类,鸡琵琶腿,6.5,6.5,6.5,斤,,,2026-07-18
肉禽蛋,禽蛋类,鸡胗,10.0,13.0,11.5,斤,,,2026-07-18
肉禽蛋,禽蛋类,鸡爪,17.0,17.0,17.0,斤,,,2026-07-18
肉禽蛋,禽蛋类,鸡心,5.0,5.0,5.0,斤,,,2026-07-18
肉禽蛋,禽蛋类,鸡肝,2.5,2.5,2.5,斤,,,2026-07-18
肉禽蛋,禽蛋类,鸡脖子,5.0,5.0,5.0,斤,,去皮,2026-07-18
肉禽蛋,禽蛋类,鸡头,2.5,4.0,3.25,斤,,,2026-07-18
肉禽蛋,禽蛋类,鸡油,5.0,5.0,5.0,斤,,,2026-07-18
肉禽蛋,禽蛋类,鸡架子,3.0,3.5,3.25,斤,,,2026-07-18
肉禽蛋,禽蛋类,白条乌鸡,10.5,11.0,10.75,斤,,净膛,2026-07-18
肉禽蛋,禽蛋类,黑爪公鸡,11.0,12.0,11.5,斤,,净膛,2026-07-18
肉禽蛋,禽蛋类,白条鹅,10.0,10.0,10.0,斤,,净膛,2026-07-18
肉禽蛋,禽蛋类,白条湖鸭,7.0,7.0,7.0,斤,,,2026-07-18
肉禽蛋,禽蛋类,鸭肠,6.5,7.5,7.0,斤,,,2026-07-18
肉禽蛋,禽蛋类,鸭肝,2.5,3.0,2.75,斤,,,2026-07-18
肉禽蛋,禽蛋类,鸭头,12.0,13.0,12.5,斤,,,2026-07-18
肉禽蛋,禽蛋类,鸭心,5.0,5.0,5.0,斤,,,2026-07-18
肉禽蛋,禽蛋类,鸭腿,4.5,5.0,4.75,斤,,,2026-07-18
肉禽蛋,禽蛋类,鸭胗,12.0,14.0,13.0,斤,,,2026-07-18
肉禽蛋,禽蛋类,鸭脖子,7.0,7.5,7.25,斤,,去皮,2026-07-18
肉禽蛋,禽蛋类,白条乳鸽,20.0,22.0,21.0,只,,,2026-07-18
肉禽蛋,禽蛋类,白条兔,14.0,15.0,14.5,斤,,冻,2026-07-18
肉禽蛋,禽蛋类,筐鸡蛋,209.0,214.0,211.5,筐,,净44斤,2026-07-18
肉禽蛋,禽蛋类,筐鸡蛋,4.75,4.86,4.81,斤,,,2026-07-18
肉禽蛋,禽蛋类,箱鸡蛋,224.0,229.0,226.5,箱,,带蛋托净42斤,2026-07-18
肉禽蛋,禽蛋类,散鸡蛋,5.3,5.5,5.4,斤,,,2026-07-18
肉禽蛋,禽蛋类,生鸭蛋,6.0,7.0,6.5,斤,,,2026-07-18
肉禽蛋,禽蛋类,熟鸭蛋,6.8,8.0,7.4,斤,,,2026-07-18
肉禽蛋,禽蛋类,松花蛋,6.6,8.0,7.3,斤,,,2026-07-18
肉禽蛋,禽蛋类,鹅蛋,12.0,14.0,13.0,斤,,,2026-07-18
肉禽蛋,禽蛋类,鹌鹑蛋,5.2,6.5,5.85,斤,,,2026-07-18
肉禽蛋,禽蛋类,柴鸡蛋,4.86,9.0,6.93,斤,,,2026-07-18
肉禽蛋,禽蛋类,乌鸡蛋,7.5,8.5,8.0,斤,,,2026-07-18
肉禽蛋,禽蛋类,变蛋,0.7,1.0,0.85,个,,,2026-07-18
肉禽蛋,禽蛋类,鸵鸟蛋,65.0,70.0,67.5,个,,,2026-07-18
肉禽蛋,禽蛋类,鸽子蛋,2.4,2.5,2.45,个,,,2026-07-18
肉禽蛋,禽蛋类,活珠子,1.3,1.5,1.4,个,,,2026-07-18
肉禽蛋,禽蛋类,山鸡蛋,1.0,1.2,1.1,个,,,2026-07-18
肉禽蛋,禽蛋类,淘汰鸡,13.0,13.0,13.0,斤,,干净膛,2026-07-17
肉禽蛋,禽蛋类,淘汰鸡,12.0,12.0,12.0,斤,,净膛,2026-07-17
肉禽蛋,禽蛋类,仔鸡,6.5,7.0,6.75,斤,,净膛,2026-07-17
肉禽蛋,禽蛋类,肉鸡,6.5,6.5,6.5,斤,,,2026-07-17
肉禽蛋,禽蛋类,鸡胸,6.5,6.5,6.5,斤,,,2026-07-17
肉禽蛋,禽蛋类,鸡翅,11.0,12.0,11.5,斤,,,2026-07-17
肉禽蛋,禽蛋类,鸡翅尖,7.0,7.5,7.25,斤,,,2026-07-17
肉禽蛋,禽蛋类,鸡翅中,25.0,25.0,25.0,斤,,,2026-07-17
肉禽蛋,禽蛋类,鸡翅根,6.5,6.5,6.5,斤,,,2026-07-17
肉禽蛋,禽蛋类,鸡边腿,6.0,6.0,6.0,斤,,,2026-07-17
肉禽蛋,禽蛋类,鸡排腿,6.5,6.5,6.5,斤,,,2026-07-17
肉禽蛋,禽蛋类,鸡琵琶腿,6.5,6.5,6.5,斤,,,2026-07-17
肉禽蛋,禽蛋类,鸡胗,10.0,13.0,11.5,斤,,,2026-07-17
肉禽蛋,禽蛋类,鸡爪,17.0,17.0,17.0,斤,,,2026-07-17
肉禽蛋,禽蛋类,鸡心,5.0,5.0,5.0,斤,,,2026-07-17
肉禽蛋,禽蛋类,鸡肝,2.5,2.5,2.5,斤,,,2026-07-17
肉禽蛋,禽蛋类,鸡脖子,5.0,5.0,5.0,斤,,去皮,2026-07-17
肉禽蛋,禽蛋类,鸡头,2.5,4.0,3.25,斤,,,2026-07-17
肉禽蛋,禽蛋类,鸡油,5.0,5.0,5.0,斤,,,2026-07-17
肉禽蛋,禽蛋类,鸡架子,3.0,3.5,3.25,斤,,,2026-07-17
肉禽蛋,禽蛋类,白条乌鸡,10.5,11.0,10.75,斤,,净膛,2026-07-17
肉禽蛋,禽蛋类,黑爪公鸡,11.0,12.0,11.5,斤,,净膛,2026-07-17
肉禽蛋,禽蛋类,白条鹅,10.0,10.0,10.0,斤,,净膛,2026-07-17
肉禽蛋,禽蛋类,白条湖鸭,7.0,7.0,7.0,斤,,,2026-07-17
肉禽蛋,禽蛋类,鸭肠,6.5,7.5,7.0,斤,,,2026-07-17
肉禽蛋,禽蛋类,鸭肝,2.5,3.0,2.75,斤,,,2026-07-17
肉禽蛋,禽蛋类,鸭头,12.0,13.0,12.5,斤,,,2026-07-17
肉禽蛋,禽蛋类,鸭心,5.0,5.0,5.0,斤,,,2026-07-17
肉禽蛋,禽蛋类,鸭腿,4.5,5.0,4.75,斤,,,2026-07-17
肉禽蛋,禽蛋类,鸭胗,12.0,14.0,13.0,斤,,,2026-07-17
肉禽蛋,禽蛋类,鸭脖子,7.0,7.5,7.25,斤,,去皮,2026-07-17
肉禽蛋,禽蛋类,白条乳鸽,20.0,22.0,21.0,只,,,2026-07-17
肉禽蛋,禽蛋类,白条兔,14.0,15.0,14.5,斤,,冻,2026-07-17
肉禽蛋,禽蛋类,筐鸡蛋,209.0,214.0,211.5,筐,,净44斤,2026-07-17
肉禽蛋,禽蛋类,筐鸡蛋,4.75,4.86,4.81,斤,,,2026-07-17
肉禽蛋,禽蛋类,箱鸡蛋,224.0,229.0,226.5,箱,,带蛋托净42斤,2026-07-17
肉禽蛋,禽蛋类,散鸡蛋,5.3,5.5,5.4,斤,,,2026-07-17
肉禽蛋,禽蛋类,生鸭蛋,6.0,7.0,6.5,斤,,,2026-07-17
肉禽蛋,禽蛋类,熟鸭蛋,6.8,8.0,7.4,斤,,,2026-07-17
肉禽蛋,禽蛋类,松花蛋,6.6,8.0,7.3,斤,,,2026-07-17
肉禽蛋,禽蛋类,鹅蛋,12.0,14.0,13.0,斤,,,2026-07-17
肉禽蛋,禽蛋类,鹌鹑蛋,5.2,6.5,5.85,斤,,,2026-07-17
肉禽蛋,禽蛋类,柴鸡蛋,4.86,9.0,6.93,斤,,,2026-07-17
肉禽蛋,禽蛋类,乌鸡蛋,7.5,8.5,8.0,斤,,,2026-07-17
肉禽蛋,禽蛋类,变蛋,0.7,1.0,0.85,个,,,2026-07-17
肉禽蛋,禽蛋类,鸵鸟蛋,65.0,70.0,67.5,个,,,2026-07-17
肉禽蛋,禽蛋类,鸽子蛋,2.4,2.5,2.45,个,,,2026-07-17
肉禽蛋,禽蛋类,活珠子,1.3,1.5,1.4,个,,,2026-07-17
肉禽蛋,禽蛋类,山鸡蛋,1.0,1.2,1.1,个,,,2026-07-17
肉禽蛋,禽蛋类,淘汰鸡,13.0,13.0,13.0,斤,,干净膛,2026-07-16
肉禽蛋,禽蛋类,淘汰鸡,12.0,12.0,12.0,斤,,净膛,2026-07-16
肉禽蛋,禽蛋类,仔鸡,6.5,7.0,6.75,斤,,净膛,2026-07-16
肉禽蛋,禽蛋类,肉鸡,6.5,6.5,6.5,斤,,,2026-07-16
肉禽蛋,禽蛋类,鸡胸,6.5,6.5,6.5,斤,,,2026-07-16
肉禽蛋,禽蛋类,鸡翅,11.0,12.0,11.5,斤,,,2026-07-16
肉禽蛋,禽蛋类,鸡翅尖,7.0,7.5,7.25,斤,,,2026-07-16
肉禽蛋,禽蛋类,鸡翅中,25.0,25.0,25.0,斤,,,2026-07-16
肉禽蛋,禽蛋类,鸡翅根,6.5,6.5,6.5,斤,,,2026-07-16
肉禽蛋,禽蛋类,鸡边腿,6.0,6.0,6.0,斤,,,2026-07-16
肉禽蛋,禽蛋类,鸡排腿,6.5,6.5,6.5,斤,,,2026-07-16
肉禽蛋,禽蛋类,鸡琵琶腿,6.5,6.5,6.5,斤,,,2026-07-16
肉禽蛋,禽蛋类,鸡胗,10.0,13.0,11.5,斤,,,2026-07-16
肉禽蛋,禽蛋类,鸡爪,17.0,17.0,17.0,斤,,,2026-07-16
肉禽蛋,禽蛋类,鸡心,5.0,5.0,5.0,斤,,,2026-07-16
肉禽蛋,禽蛋类,鸡肝,2.5,2.5,2.5,斤,,,2026-07-16
肉禽蛋,禽蛋类,鸡脖子,5.0,5.0,5.0,斤,,去皮,2026-07-16
肉禽蛋,禽蛋类,鸡头,2.5,4.0,3.25,斤,,,2026-07-16
肉禽蛋,禽蛋类,鸡油,5.0,5.0,5.0,斤,,,2026-07-16
肉禽蛋,禽蛋类,鸡架子,3.0,3.5,3.25,斤,,,2026-07-16
肉禽蛋,禽蛋类,白条乌鸡,10.5,11.0,10.75,斤,,净膛,2026-07-16
肉禽蛋,禽蛋类,黑爪公鸡,11.0,12.0,11.5,斤,,净膛,2026-07-16
肉禽蛋,禽蛋类,白条鹅,10.0,10.0,10.0,斤,,净膛,2026-07-16
肉禽蛋,禽蛋类,白条湖鸭,7.0,7.0,7.0,斤,,,2026-07-16
肉禽蛋,禽蛋类,鸭肠,6.5,7.5,7.0,斤,,,2026-07-16
肉禽蛋,禽蛋类,鸭肝,2.5,3.0,2.75,斤,,,2026-07-16
肉禽蛋,禽蛋类,鸭头,12.0,13.0,12.5,斤,,,2026-07-16
肉禽蛋,禽蛋类,鸭心,5.0,5.0,5.0,斤,,,2026-07-16
肉禽蛋,禽蛋类,鸭腿,4.5,5.0,4.75,斤,,,2026-07-16
肉禽蛋,禽蛋类,鸭胗,12.0,14.0,13.0,斤,,,2026-07-16
肉禽蛋,禽蛋类,鸭脖子,7.0,7.5,7.25,斤,,去皮,2026-07-16
肉禽蛋,禽蛋类,白条乳鸽,20.0,22.0,21.0,只,,,2026-07-16
肉禽蛋,禽蛋类,白条兔,14.0,15.0,14.5,斤,,冻,2026-07-16
肉禽蛋,禽蛋类,筐鸡蛋,209.0,214.0,211.5,筐,,净44斤,2026-07-16
肉禽蛋,禽蛋类,筐鸡蛋,4.75,4.86,4.81,斤,,,2026-07-16
肉禽蛋,禽蛋类,箱鸡蛋,224.0,229.0,226.5,箱,,带蛋托净42斤,2026-07-16
肉禽蛋,禽蛋类,散鸡蛋,5.3,5.5,5.4,斤,,,2026-07-16
肉禽蛋,禽蛋类,生鸭蛋,6.0,7.0,6.5,斤,,,2026-07-16
肉禽蛋,禽蛋类,熟鸭蛋,6.8,8.0,7.4,斤,,,2026-07-16
肉禽蛋,禽蛋类,松花蛋,6.6,8.0,7.3,斤,,,2026-07-16
肉禽蛋,禽蛋类,鹅蛋,12.0,14.0,13.0,斤,,,2026-07-16
肉禽蛋,禽蛋类,鹌鹑蛋,5.2,6.5,5.85,斤,,,2026-07-16
肉禽蛋,禽蛋类,柴鸡蛋,4.86,9.0,6.93,斤,,,2026-07-16
肉禽蛋,禽蛋类,乌鸡蛋,7.5,8.5,8.0,斤,,,2026-07-16
肉禽蛋,禽蛋类,变蛋,0.7,1.0,0.85,个,,,2026-07-16
肉禽蛋,禽蛋类,鸵鸟蛋,65.0,70.0,67.5,个,,,2026-07-16
肉禽蛋,禽蛋类,鸽子蛋,2.4,2.5,2.45,个,,,2026-07-16
肉禽蛋,禽蛋类,活珠子,1.3,1.5,1.4,个,,,2026-07-16
肉禽蛋,禽蛋类,山鸡蛋,1.0,1.2,1.1,个,,,2026-07-16
肉禽蛋,禽蛋类,淘汰鸡,13.0,13.0,13.0,斤,,干净膛,2026-07-15
肉禽蛋,禽蛋类,淘汰鸡,12.0,12.0,12.0,斤,,净膛,2026-07-15
肉禽蛋,禽蛋类,仔鸡,6.5,7.0,6.75,斤,,净膛,2026-07-15
肉禽蛋,禽蛋类,肉鸡,6.5,6.5,6.5,斤,,,2026-07-15
肉禽蛋,禽蛋类,鸡胸,6.5,6.5,6.5,斤,,,2026-07-15
肉禽蛋,禽蛋类,鸡翅,11.0,12.0,11.5,斤,,,2026-07-15
肉禽蛋,禽蛋类,鸡翅尖,7.0,7.0,7.0,斤,,,2026-07-15
肉禽蛋,禽蛋类,鸡翅中,25.0,25.0,25.0,斤,,,2026-07-15
肉禽蛋,禽蛋类,鸡翅根,6.5,6.5,6.5,斤,,,2026-07-15
肉禽蛋,禽蛋类,鸡边腿,6.0,6.0,6.0,斤,,,2026-07-15
肉禽蛋,禽蛋类,鸡排腿,6.5,6.5,6.5,斤,,,2026-07-15
肉禽蛋,禽蛋类,鸡琵琶腿,6.5,6.5,6.5,斤,,,2026-07-15
肉禽蛋,禽蛋类,鸡胗,10.0,13.0,11.5,斤,,,2026-07-15
肉禽蛋,禽蛋类,鸡爪,17.0,17.0,17.0,斤,,,2026-07-15
肉禽蛋,禽蛋类,鸡心,5.0,5.0,5.0,斤,,,2026-07-15
肉禽蛋,禽蛋类,鸡肝,2.5,2.5,2.5,斤,,,2026-07-15
肉禽蛋,禽蛋类,鸡脖子,5.0,5.0,5.0,斤,,去皮,2026-07-15
肉禽蛋,禽蛋类,鸡头,2.5,4.0,3.25,斤,,,2026-07-15
肉禽蛋,禽蛋类,鸡油,5.0,5.0,5.0,斤,,,2026-07-15
肉禽蛋,禽蛋类,鸡架子,3.0,3.5,3.25,斤,,,2026-07-15
肉禽蛋,禽蛋类,白条乌鸡,10.5,11.0,10.75,斤,,净膛,2026-07-15
肉禽蛋,禽蛋类,黑爪公鸡,11.0,12.0,11.5,斤,,净膛,2026-07-15
肉禽蛋,禽蛋类,白条鹅,10.0,10.0,10.0,斤,,净膛,2026-07-15
肉禽蛋,禽蛋类,白条湖鸭,7.0,7.0,7.0,斤,,,2026-07-15
肉禽蛋,禽蛋类,鸭肠,6.5,7.5,7.0,斤,,,2026-07-15
肉禽蛋,禽蛋类,鸭肝,2.5,3.0,2.75,斤,,,2026-07-15
肉禽蛋,禽蛋类,鸭头,12.0,13.0,12.5,斤,,,2026-07-15
肉禽蛋,禽蛋类,鸭心,5.0,5.0,5.0,斤,,,2026-07-15
肉禽蛋,禽蛋类,鸭腿,4.5,5.0,4.75,斤,,,2026-07-15
肉禽蛋,禽蛋类,鸭胗,12.0,14.0,13.0,斤,,,2026-07-15
肉禽蛋,禽蛋类,鸭脖子,7.0,7.5,7.25,斤,,去皮,2026-07-15
肉禽蛋,禽蛋类,白条乳鸽,20.0,22.0,21.0,只,,,2026-07-15
肉禽蛋,禽蛋类,白条兔,14.0,15.0,14.5,斤,,冻,2026-07-15
肉禽蛋,禽蛋类,筐鸡蛋,209.0,214.0,211.5,筐,,净44斤,2026-07-15
肉禽蛋,禽蛋类,筐鸡蛋,4.75,4.86,4.81,斤,,,2026-07-15
肉禽蛋,禽蛋类,箱鸡蛋,224.0,229.0,226.5,箱,,带蛋托净42斤,2026-07-15
肉禽蛋,禽蛋类,散鸡蛋,5.3,5.5,5.4,斤,,,2026-07-15
肉禽蛋,禽蛋类,生鸭蛋,6.0,7.0,6.5,斤,,,2026-07-15
肉禽蛋,禽蛋类,熟鸭蛋,6.8,8.0,7.4,斤,,,2026-07-15
肉禽蛋,禽蛋类,松花蛋,6.6,8.0,7.3,斤,,,2026-07-15
肉禽蛋,禽蛋类,鹅蛋,12.0,14.0,13.0,斤,,,2026-07-15
肉禽蛋,禽蛋类,鹌鹑蛋,5.2,6.5,5.85,斤,,,2026-07-15
肉禽蛋,禽蛋类,柴鸡蛋,4.86,9.0,6.93,斤,,,2026-07-15
肉禽蛋,禽蛋类,乌鸡蛋,7.5,8.5,8.0,斤,,,2026-07-15
肉禽蛋,禽蛋类,变蛋,0.7,1.0,0.85,个,,,2026-07-15
肉禽蛋,禽蛋类,鸵鸟蛋,65.0,70.0,67.5,个,,,2026-07-15
肉禽蛋,禽蛋类,鸽子蛋,2.4,2.5,2.45,个,,,2026-07-15
肉禽蛋,禽蛋类,活珠子,1.3,1.5,1.4,个,,,2026-07-15
肉禽蛋,禽蛋类,山鸡蛋,1.0,1.2,1.1,个,,,2026-07-15
肉禽蛋,禽蛋类,淘汰鸡,13.0,13.0,13.0,斤,,干净膛,2026-07-14
肉禽蛋,禽蛋类,淘汰鸡,12.0,12.0,12.0,斤,,净膛,2026-07-14
肉禽蛋,禽蛋类,仔鸡,6.5,7.0,6.75,斤,,净膛,2026-07-14
肉禽蛋,禽蛋类,肉鸡,6.5,6.5,6.5,斤,,,2026-07-14
肉禽蛋,禽蛋类,鸡胸,6.5,6.5,6.5,斤,,,2026-07-14
肉禽蛋,禽蛋类,鸡翅,12.0,12.0,12.0,斤,,,2026-07-14
肉禽蛋,禽蛋类,鸡翅尖,7.0,7.0,7.0,斤,,,2026-07-14
肉禽蛋,禽蛋类,鸡翅中,25.0,25.0,25.0,斤,,,2026-07-14
肉禽蛋,禽蛋类,鸡翅根,6.5,6.5,6.5,斤,,,2026-07-14
肉禽蛋,禽蛋类,鸡边腿,6.0,6.0,6.0,斤,,,2026-07-14
肉禽蛋,禽蛋类,鸡排腿,6.5,6.5,6.5,斤,,,2026-07-14
肉禽蛋,禽蛋类,鸡琵琶腿,6.5,6.5,6.5,斤,,,2026-07-14
肉禽蛋,禽蛋类,鸡胗,11.0,13.0,12.0,斤,,,2026-07-14
肉禽蛋,禽蛋类,鸡爪,17.0,17.0,17.0,斤,,,2026-07-14
肉禽蛋,禽蛋类,鸡心,5.0,5.0,5.0,斤,,,2026-07-14
肉禽蛋,禽蛋类,鸡肝,2.5,2.5,2.5,斤,,,2026-07-14
肉禽蛋,禽蛋类,鸡脖子,5.0,5.0,5.0,斤,,去皮,2026-07-14
肉禽蛋,禽蛋类,鸡头,2.5,3.5,3.0,斤,,,2026-07-14
肉禽蛋,禽蛋类,鸡油,5.0,5.0,5.0,斤,,,2026-07-14
肉禽蛋,禽蛋类,鸡架子,3.0,3.5,3.25,斤,,,2026-07-14
肉禽蛋,禽蛋类,白条乌鸡,10.5,11.0,10.75,斤,,净膛,2026-07-14
肉禽蛋,禽蛋类,黑爪公鸡,11.5,12.5,12.0,斤,,净膛,2026-07-14
肉禽蛋,禽蛋类,白条鹅,10.0,10.0,10.0,斤,,净膛,2026-07-14
肉禽蛋,禽蛋类,白条湖鸭,7.0,7.0,7.0,斤,,,2026-07-14
肉禽蛋,禽蛋类,鸭肠,6.5,7.5,7.0,斤,,,2026-07-14
肉禽蛋,禽蛋类,鸭肝,2.5,3.0,2.75,斤,,,2026-07-14
肉禽蛋,禽蛋类,鸭头,12.0,13.0,12.5,斤,,,2026-07-14
肉禽蛋,禽蛋类,鸭心,5.0,5.0,5.0,斤,,,2026-07-14
肉禽蛋,禽蛋类,鸭腿,4.5,5.0,4.75,斤,,,2026-07-14
肉禽蛋,禽蛋类,鸭胗,12.0,14.0,13.0,斤,,,2026-07-14
肉禽蛋,禽蛋类,鸭脖子,7.0,7.5,7.25,斤,,去皮,2026-07-14
肉禽蛋,禽蛋类,白条乳鸽,20.0,22.0,21.0,只,,,2026-07-14
肉禽蛋,禽蛋类,白条兔,14.0,15.0,14.5,斤,,冻,2026-07-14
肉禽蛋,禽蛋类,筐鸡蛋,209.0,214.0,211.5,筐,,净44斤,2026-07-14
肉禽蛋,禽蛋类,筐鸡蛋,4.75,4.86,4.81,斤,,,2026-07-14
肉禽蛋,禽蛋类,箱鸡蛋,224.0,229.0,226.5,箱,,带蛋托净42斤,2026-07-14
肉禽蛋,禽蛋类,散鸡蛋,5.3,5.5,5.4,斤,,,2026-07-14
肉禽蛋,禽蛋类,生鸭蛋,6.0,7.0,6.5,斤,,,2026-07-14
肉禽蛋,禽蛋类,熟鸭蛋,6.8,8.0,7.4,斤,,,2026-07-14
肉禽蛋,禽蛋类,松花蛋,6.6,8.0,7.3,斤,,,2026-07-14
肉禽蛋,禽蛋类,鹅蛋,12.0,14.0,13.0,斤,,,2026-07-14
肉禽蛋,禽蛋类,鹌鹑蛋,5.2,6.5,5.85,斤,,,2026-07-14
肉禽蛋,禽蛋类,柴鸡蛋,4.86,9.0,6.93,斤,,,2026-07-14
肉禽蛋,禽蛋类,乌鸡蛋,7.5,8.5,8.0,斤,,,2026-07-14
肉禽蛋,禽蛋类,变蛋,0.7,1.0,0.85,个,,,2026-07-14
肉禽蛋,禽蛋类,鸵鸟蛋,65.0,70.0,67.5,个,,,2026-07-14
肉禽蛋,禽蛋类,鸽子蛋,2.4,2.5,2.45,个,,,2026-07-14
肉禽蛋,禽蛋类,活珠子,1.3,1.5,1.4,个,,,2026-07-14
肉禽蛋,禽蛋类,山鸡蛋,1.0,1.2,1.1,个,,,2026-07-14
肉禽蛋,禽蛋类,淘汰鸡,13.0,13.0,13.0,斤,,干净膛,2026-07-13
肉禽蛋,禽蛋类,淘汰鸡,12.0,12.0,12.0,斤,,净膛,2026-07-13
肉禽蛋,禽蛋类,仔鸡,6.5,7.0,6.75,斤,,净膛,2026-07-13
肉禽蛋,禽蛋类,肉鸡,6.5,6.5,6.5,斤,,,2026-07-13
肉禽蛋,禽蛋类,鸡胸,6.5,6.5,6.5,斤,,,2026-07-13
肉禽蛋,禽蛋类,鸡翅,12.0,12.0,12.0,斤,,,2026-07-13
肉禽蛋,禽蛋类,鸡翅尖,7.0,7.0,7.0,斤,,,2026-07-13
肉禽蛋,禽蛋类,鸡翅中,25.0,25.0,25.0,斤,,,2026-07-13
肉禽蛋,禽蛋类,鸡翅根,6.5,6.5,6.5,斤,,,2026-07-13
肉禽蛋,禽蛋类,鸡边腿,6.0,6.0,6.0,斤,,,2026-07-13
肉禽蛋,禽蛋类,鸡排腿,6.5,6.5,6.5,斤,,,2026-07-13
肉禽蛋,禽蛋类,鸡琵琶腿,6.5,6.5,6.5,斤,,,2026-07-13
肉禽蛋,禽蛋类,鸡胗,11.0,13.0,12.0,斤,,,2026-07-13
肉禽蛋,禽蛋类,鸡爪,17.0,17.0,17.0,斤,,,2026-07-13
肉禽蛋,禽蛋类,鸡心,5.0,5.0,5.0,斤,,,2026-07-13
肉禽蛋,禽蛋类,鸡肝,2.5,2.5,2.5,斤,,,2026-07-13
肉禽蛋,禽蛋类,鸡脖子,5.0,5.0,5.0,斤,,去皮,2026-07-13
肉禽蛋,禽蛋类,鸡头,2.5,3.5,3.0,斤,,,2026-07-13
肉禽蛋,禽蛋类,鸡油,5.0,5.0,5.0,斤,,,2026-07-13
肉禽蛋,禽蛋类,鸡架子,3.0,3.5,3.25,斤,,,2026-07-13
肉禽蛋,禽蛋类,白条乌鸡,10.5,11.0,10.75,斤,,净膛,2026-07-13
肉禽蛋,禽蛋类,黑爪公鸡,11.5,12.5,12.0,斤,,净膛,2026-07-13
肉禽蛋,禽蛋类,白条鹅,10.0,10.0,10.0,斤,,净膛,2026-07-13
肉禽蛋,禽蛋类,白条湖鸭,7.0,7.0,7.0,斤,,,2026-07-13
肉禽蛋,禽蛋类,鸭肠,6.5,7.5,7.0,斤,,,2026-07-13
肉禽蛋,禽蛋类,鸭肝,2.5,3.0,2.75,斤,,,2026-07-13
肉禽蛋,禽蛋类,鸭头,12.0,13.0,12.5,斤,,,2026-07-13
肉禽蛋,禽蛋类,鸭心,5.0,5.0,5.0,斤,,,2026-07-13
肉禽蛋,禽蛋类,鸭腿,4.5,5.0,4.75,斤,,,2026-07-13
肉禽蛋,禽蛋类,鸭胗,12.0,14.0,13.0,斤,,,2026-07-13
肉禽蛋,禽蛋类,鸭脖子,7.0,7.5,7.25,斤,,去皮,2026-07-13
肉禽蛋,禽蛋类,白条乳鸽,20.0,22.0,21.0,只,,,2026-07-13
肉禽蛋,禽蛋类,白条兔,14.0,15.0,14.5,斤,,冻,2026-07-13
肉禽蛋,禽蛋类,筐鸡蛋,204.0,209.0,206.5,筐,,净44斤,2026-07-13
肉禽蛋,禽蛋类,筐鸡蛋,4.64,4.75,4.7,斤,,,2026-07-13
肉禽蛋,禽蛋类,箱鸡蛋,219.0,224.0,221.5,箱,,带蛋托净42斤,2026-07-13
肉禽蛋,禽蛋类,散鸡蛋,5.2,5.3,5.25,斤,,,2026-07-13
肉禽蛋,禽蛋类,生鸭蛋,6.0,7.0,6.5,斤,,,2026-07-13
肉禽蛋,禽蛋类,熟鸭蛋,6.8,8.0,7.4,斤,,,2026-07-13
肉禽蛋,禽蛋类,松花蛋,6.6,8.0,7.3,斤,,,2026-07-13
肉禽蛋,禽蛋类,鹅蛋,12.5,14.0,13.25,斤,,,2026-07-13
肉禽蛋,禽蛋类,鹌鹑蛋,5.2,6.5,5.85,斤,,,2026-07-13
肉禽蛋,禽蛋类,柴鸡蛋,4.75,9.0,6.88,斤,,,2026-07-13
肉禽蛋,禽蛋类,乌鸡蛋,7.8,8.5,8.15,斤,,,2026-07-13
肉禽蛋,禽蛋类,变蛋,0.7,1.0,0.85,个,,,2026-07-13
肉禽蛋,禽蛋类,鸵鸟蛋,65.0,70.0,67.5,个,,,2026-07-13
肉禽蛋,禽蛋类,鸽子蛋,2.4,2.5,2.45,个,,,2026-07-13
肉禽蛋,禽蛋类,活珠子,1.3,1.5,1.4,个,,,2026-07-13
肉禽蛋,禽蛋类,山鸡蛋,1.0,1.2,1.1,个,,,2026-07-13
肉禽蛋,禽蛋类,淘汰鸡,13.0,13.0,13.0,斤,,干净膛,2026-07-12
肉禽蛋,禽蛋类,淘汰鸡,12.0,12.0,12.0,斤,,净膛,2026-07-12
肉禽蛋,禽蛋类,仔鸡,6.5,7.0,6.75,斤,,净膛,2026-07-12
肉禽蛋,禽蛋类,肉鸡,6.5,6.5,6.5,斤,,,2026-07-12
肉禽蛋,禽蛋类,鸡胸,6.5,6.5,6.5,斤,,,2026-07-12
肉禽蛋,禽蛋类,鸡翅,12.0,12.0,12.0,斤,,,2026-07-12
肉禽蛋,禽蛋类,鸡翅尖,7.0,7.0,7.0,斤,,,2026-07-12
肉禽蛋,禽蛋类,鸡翅中,25.0,25.0,25.0,斤,,,2026-07-12
肉禽蛋,禽蛋类,鸡翅根,6.5,6.5,6.5,斤,,,2026-07-12
肉禽蛋,禽蛋类,鸡边腿,6.0,6.0,6.0,斤,,,2026-07-12
肉禽蛋,禽蛋类,鸡排腿,6.5,6.5,6.5,斤,,,2026-07-12
肉禽蛋,禽蛋类,鸡琵琶腿,6.5,6.5,6.5,斤,,,2026-07-12
肉禽蛋,禽蛋类,鸡胗,11.0,13.0,12.0,斤,,,2026-07-12
肉禽蛋,禽蛋类,鸡爪,17.0,17.0,17.0,斤,,,2026-07-12
肉禽蛋,禽蛋类,鸡心,5.0,5.0,5.0,斤,,,2026-07-12
肉禽蛋,禽蛋类,鸡肝,2.5,2.5,2.5,斤,,,2026-07-12
肉禽蛋,禽蛋类,鸡脖子,5.0,5.0,5.0,斤,,去皮,2026-07-12
肉禽蛋,禽蛋类,鸡头,2.5,3.5,3.0,斤,,,2026-07-12
肉禽蛋,禽蛋类,鸡油,5.0,5.0,5.0,斤,,,2026-07-12
肉禽蛋,禽蛋类,鸡架子,3.0,3.5,3.25,斤,,,2026-07-12
肉禽蛋,禽蛋类,白条乌鸡,11.0,11.0,11.0,斤,,净膛,2026-07-12
肉禽蛋,禽蛋类,黑爪公鸡,11.5,12.5,12.0,斤,,净膛,2026-07-12
肉禽蛋,禽蛋类,白条鹅,10.0,10.0,10.0,斤,,净膛,2026-07-12
肉禽蛋,禽蛋类,白条湖鸭,7.0,7.0,7.0,斤,,,2026-07-12
肉禽蛋,禽蛋类,鸭肠,6.5,7.5,7.0,斤,,,2026-07-12
肉禽蛋,禽蛋类,鸭肝,2.5,3.0,2.75,斤,,,2026-07-12
肉禽蛋,禽蛋类,鸭头,12.0,13.0,12.5,斤,,,2026-07-12
肉禽蛋,禽蛋类,鸭心,5.0,5.0,5.0,斤,,,2026-07-12
肉禽蛋,禽蛋类,鸭腿,4.5,5.0,4.75,斤,,,2026-07-12
肉禽蛋,禽蛋类,鸭胗,12.0,14.0,13.0,斤,,,2026-07-12
肉禽蛋,禽蛋类,鸭脖子,7.0,7.5,7.25,斤,,去皮,2026-07-12
肉禽蛋,禽蛋类,白条乳鸽,20.0,22.0,21.0,只,,,2026-07-12
肉禽蛋,禽蛋类,白条兔,14.0,15.0,14.5,斤,,冻,2026-07-12
肉禽蛋,禽蛋类,筐鸡蛋,199.0,204.0,201.5,筐,,净44斤,2026-07-12
肉禽蛋,禽蛋类,筐鸡蛋,4.52,4.64,4.58,斤,,,2026-07-12
肉禽蛋,禽蛋类,箱鸡蛋,214.0,219.0,216.5,箱,,带蛋托净42斤,2026-07-12
肉禽蛋,禽蛋类,散鸡蛋,5.0,5.0,5.0,斤,,,2026-07-12
肉禽蛋,禽蛋类,生鸭蛋,6.0,7.0,6.5,斤,,,2026-07-12
肉禽蛋,禽蛋类,熟鸭蛋,6.8,8.0,7.4,斤,,,2026-07-12
肉禽蛋,禽蛋类,松花蛋,6.6,8.0,7.3,斤,,,2026-07-12
肉禽蛋,禽蛋类,鹅蛋,13.0,15.0,14.0,斤,,,2026-07-12
肉禽蛋,禽蛋类,鹌鹑蛋,5.3,6.5,5.9,斤,,,2026-07-12
肉禽蛋,禽蛋类,柴鸡蛋,4.64,9.0,6.82,斤,,,2026-07-12
肉禽蛋,禽蛋类,乌鸡蛋,7.8,8.5,8.15,斤,,,2026-07-12
肉禽蛋,禽蛋类,变蛋,0.7,1.0,0.85,个,,,2026-07-12
肉禽蛋,禽蛋类,鸵鸟蛋,65.0,70.0,67.5,个,,,2026-07-12
肉禽蛋,禽蛋类,鸽子蛋,2.5,2.5,2.5,个,,,2026-07-12
肉禽蛋,禽蛋类,活珠子,1.3,1.5,1.4,个,,,2026-07-12
肉禽蛋,禽蛋类,山鸡蛋,1.0,1.2,1.1,个,,,2026-07-12
肉禽蛋,禽蛋类,淘汰鸡,13.0,13.0,13.0,斤,,干净膛,2026-07-11
肉禽蛋,禽蛋类,淘汰鸡,12.0,12.0,12.0,斤,,净膛,2026-07-11
肉禽蛋,禽蛋类,仔鸡,6.5,7.0,6.75,斤,,净膛,2026-07-11
肉禽蛋,禽蛋类,肉鸡,6.5,6.5,6.5,斤,,,2026-07-11
肉禽蛋,禽蛋类,鸡胸,6.5,6.5,6.5,斤,,,2026-07-11
肉禽蛋,禽蛋类,鸡翅,12.0,12.0,12.0,斤,,,2026-07-11
肉禽蛋,禽蛋类,鸡翅尖,7.0,7.0,7.0,斤,,,2026-07-11
肉禽蛋,禽蛋类,鸡翅中,25.0,25.0,25.0,斤,,,2026-07-11
肉禽蛋,禽蛋类,鸡翅根,6.5,6.5,6.5,斤,,,2026-07-11
肉禽蛋,禽蛋类,鸡边腿,6.0,6.0,6.0,斤,,,2026-07-11
肉禽蛋,禽蛋类,鸡排腿,6.5,6.5,6.5,斤,,,2026-07-11
肉禽蛋,禽蛋类,鸡琵琶腿,6.5,6.5,6.5,斤,,,2026-07-11
肉禽蛋,禽蛋类,鸡胗,11.0,13.0,12.0,斤,,,2026-07-11
肉禽蛋,禽蛋类,鸡爪,17.0,17.0,17.0,斤,,,2026-07-11
肉禽蛋,禽蛋类,鸡心,5.0,5.0,5.0,斤,,,2026-07-11
肉禽蛋,禽蛋类,鸡肝,2.5,2.5,2.5,斤,,,2026-07-11
肉禽蛋,禽蛋类,鸡脖子,5.0,5.0,5.0,斤,,去皮,2026-07-11
肉禽蛋,禽蛋类,鸡头,2.5,3.5,3.0,斤,,,2026-07-11
肉禽蛋,禽蛋类,鸡油,5.0,5.0,5.0,斤,,,2026-07-11
肉禽蛋,禽蛋类,鸡架子,3.0,3.5,3.25,斤,,,2026-07-11
肉禽蛋,禽蛋类,白条乌鸡,11.0,11.0,11.0,斤,,净膛,2026-07-11
肉禽蛋,禽蛋类,黑爪公鸡,11.5,12.5,12.0,斤,,净膛,2026-07-11
肉禽蛋,禽蛋类,白条鹅,10.0,10.0,10.0,斤,,净膛,2026-07-11
肉禽蛋,禽蛋类,白条湖鸭,7.0,7.0,7.0,斤,,,2026-07-11
肉禽蛋,禽蛋类,鸭肠,6.5,7.5,7.0,斤,,,2026-07-11
肉禽蛋,禽蛋类,鸭肝,2.5,3.0,2.75,斤,,,2026-07-11
肉禽蛋,禽蛋类,鸭头,12.0,13.0,12.5,斤,,,2026-07-11
肉禽蛋,禽蛋类,鸭心,5.0,5.0,5.0,斤,,,2026-07-11
肉禽蛋,禽蛋类,鸭腿,4.5,5.0,4.75,斤,,,2026-07-11
肉禽蛋,禽蛋类,鸭胗,12.0,14.0,13.0,斤,,,2026-07-11
肉禽蛋,禽蛋类,鸭脖子,7.0,7.5,7.25,斤,,去皮,2026-07-11
肉禽蛋,禽蛋类,白条乳鸽,20.0,22.0,21.0,只,,,2026-07-11
肉禽蛋,禽蛋类,白条兔,14.0,15.0,14.5,斤,,冻,2026-07-11
肉禽蛋,禽蛋类,筐鸡蛋,194.0,200.0,197.0,筐,,净44斤,2026-07-11
肉禽蛋,禽蛋类,筐鸡蛋,4.41,4.55,4.48,斤,,,2026-07-11
肉禽蛋,禽蛋类,箱鸡蛋,210.0,215.0,212.5,箱,,带蛋托净42斤,2026-07-11
肉禽蛋,禽蛋类,散鸡蛋,5.0,5.0,5.0,斤,,,2026-07-11
肉禽蛋,禽蛋类,生鸭蛋,6.0,7.0,6.5,斤,,,2026-07-11
肉禽蛋,禽蛋类,熟鸭蛋,6.8,8.0,7.4,斤,,,2026-07-11
肉禽蛋,禽蛋类,松花蛋,6.6,8.0,7.3,斤,,,2026-07-11
肉禽蛋,禽蛋类,鹅蛋,13.0,15.0,14.0,斤,,,2026-07-11
肉禽蛋,禽蛋类,鹌鹑蛋,5.3,6.5,5.9,斤,,,2026-07-11
肉禽蛋,禽蛋类,柴鸡蛋,4.55,9.0,6.78,斤,,,2026-07-11
肉禽蛋,禽蛋类,乌鸡蛋,7.8,8.5,8.15,斤,,,2026-07-11
肉禽蛋,禽蛋类,变蛋,0.7,1.0,0.85,个,,,2026-07-11
肉禽蛋,禽蛋类,鸵鸟蛋,65.0,70.0,67.5,个,,,2026-07-11
肉禽蛋,禽蛋类,鸽子蛋,2.5,2.5,2.5,个,,,2026-07-11
肉禽蛋,禽蛋类,活珠子,1.3,1.5,1.4,个,,,2026-07-11
肉禽蛋,禽蛋类,山鸡蛋,1.0,1.2,1.1,个,,,2026-07-11
肉禽蛋,禽蛋类,淘汰鸡,13.0,13.0,13.0,斤,,干净膛,2026-07-10
肉禽蛋,禽蛋类,淘汰鸡,12.0,12.0,12.0,斤,,净膛,2026-07-10
肉禽蛋,禽蛋类,仔鸡,6.5,7.0,6.75,斤,,净膛,2026-07-10
肉禽蛋,禽蛋类,肉鸡,6.5,6.5,6.5,斤,,,2026-07-10
肉禽蛋,禽蛋类,鸡胸,6.5,6.5,6.5,斤,,,2026-07-10
肉禽蛋,禽蛋类,鸡翅,12.0,12.0,12.0,斤,,,2026-07-10
肉禽蛋,禽蛋类,鸡翅尖,7.0,7.0,7.0,斤,,,2026-07-10
肉禽蛋,禽蛋类,鸡翅中,25.0,25.0,25.0,斤,,,2026-07-10
肉禽蛋,禽蛋类,鸡翅根,6.5,6.5,6.5,斤,,,2026-07-10
肉禽蛋,禽蛋类,鸡边腿,6.0,6.0,6.0,斤,,,2026-07-10
肉禽蛋,禽蛋类,鸡排腿,6.5,6.5,6.5,斤,,,2026-07-10
肉禽蛋,禽蛋类,鸡琵琶腿,6.5,6.5,6.5,斤,,,2026-07-10
肉禽蛋,禽蛋类,鸡胗,11.0,13.0,12.0,斤,,,2026-07-10
肉禽蛋,禽蛋类,鸡爪,17.0,17.0,17.0,斤,,,2026-07-10
肉禽蛋,禽蛋类,鸡心,5.0,5.0,5.0,斤,,,2026-07-10
肉禽蛋,禽蛋类,鸡肝,2.5,2.5,2.5,斤,,,2026-07-10
肉禽蛋,禽蛋类,鸡脖子,5.0,5.0,5.0,斤,,去皮,2026-07-10
肉禽蛋,禽蛋类,鸡头,2.5,3.5,3.0,斤,,,2026-07-10
肉禽蛋,禽蛋类,鸡油,5.0,5.0,5.0,斤,,,2026-07-10
肉禽蛋,禽蛋类,鸡架子,3.0,3.5,3.25,斤,,,2026-07-10
肉禽蛋,禽蛋类,白条乌鸡,11.0,11.0,11.0,斤,,净膛,2026-07-10
肉禽蛋,禽蛋类,黑爪公鸡,11.5,12.5,12.0,斤,,净膛,2026-07-10
肉禽蛋,禽蛋类,白条鹅,10.0,10.0,10.0,斤,,净膛,2026-07-10
肉禽蛋,禽蛋类,白条湖鸭,7.0,7.0,7.0,斤,,,2026-07-10
肉禽蛋,禽蛋类,鸭肠,6.5,7.5,7.0,斤,,,2026-07-10
肉禽蛋,禽蛋类,鸭肝,2.5,3.0,2.75,斤,,,2026-07-10
肉禽蛋,禽蛋类,鸭头,12.0,13.0,12.5,斤,,,2026-07-10
肉禽蛋,禽蛋类,鸭心,5.0,5.0,5.0,斤,,,2026-07-10
肉禽蛋,禽蛋类,鸭腿,4.5,5.0,4.75,斤,,,2026-07-10
肉禽蛋,禽蛋类,鸭胗,12.0,14.0,13.0,斤,,,2026-07-10
肉禽蛋,禽蛋类,鸭脖子,7.0,7.5,7.25,斤,,去皮,2026-07-10
肉禽蛋,禽蛋类,白条乳鸽,20.0,22.0,21.0,只,,,2026-07-10
肉禽蛋,禽蛋类,白条兔,14.0,15.0,14.5,斤,,冻,2026-07-10
肉禽蛋,禽蛋类,筐鸡蛋,194.0,200.0,197.0,筐,,净44斤,2026-07-10
肉禽蛋,禽蛋类,筐鸡蛋,4.41,4.55,4.48,斤,,,2026-07-10
肉禽蛋,禽蛋类,箱鸡蛋,210.0,215.0,212.5,箱,,带蛋托净42斤,2026-07-10
肉禽蛋,禽蛋类,散鸡蛋,5.0,5.0,5.0,斤,,,2026-07-10
肉禽蛋,禽蛋类,生鸭蛋,6.0,7.0,6.5,斤,,,2026-07-10
肉禽蛋,禽蛋类,熟鸭蛋,6.8,8.0,7.4,斤,,,2026-07-10
肉禽蛋,禽蛋类,松花蛋,6.6,8.0,7.3,斤,,,2026-07-10
肉禽蛋,禽蛋类,鹅蛋,13.0,15.0,14.0,斤,,,2026-07-10
肉禽蛋,禽蛋类,鹌鹑蛋,5.3,6.5,5.9,斤,,,2026-07-10
肉禽蛋,禽蛋类,柴鸡蛋,4.55,9.0,6.78,斤,,,2026-07-10
肉禽蛋,禽蛋类,乌鸡蛋,7.8,8.5,8.15,斤,,,2026-07-10
肉禽蛋,禽蛋类,变蛋,0.7,1.0,0.85,个,,,2026-07-10
肉禽蛋,禽蛋类,鸵鸟蛋,65.0,70.0,67.5,个,,,2026-07-10
肉禽蛋,禽蛋类,鸽子蛋,2.5,2.5,2.5,个,,,2026-07-10
肉禽蛋,禽蛋类,活珠子,1.3,1.5,1.4,个,,,2026-07-10
肉禽蛋,禽蛋类,山鸡蛋,1.0,1.2,1.1,个,,,2026-07-10
肉禽蛋,禽蛋类,淘汰鸡,13.0,13.0,13.0,斤,,干净膛,2026-07-09
肉禽蛋,禽蛋类,淘汰鸡,12.0,12.0,12.0,斤,,净膛,2026-07-09
肉禽蛋,禽蛋类,仔鸡,6.5,7.0,6.75,斤,,净膛,2026-07-09
肉禽蛋,禽蛋类,肉鸡,6.5,6.5,6.5,斤,,,2026-07-09
肉禽蛋,禽蛋类,鸡胸,6.5,6.5,6.5,斤,,,2026-07-09
肉禽蛋,禽蛋类,鸡翅,12.0,12.0,12.0,斤,,,2026-07-09
肉禽蛋,禽蛋类,鸡翅尖,7.0,7.0,7.0,斤,,,2026-07-09
肉禽蛋,禽蛋类,鸡翅中,25.0,25.0,25.0,斤,,,2026-07-09
肉禽蛋,禽蛋类,鸡翅根,6.5,6.5,6.5,斤,,,2026-07-09
肉禽蛋,禽蛋类,鸡边腿,6.0,6.0,6.0,斤,,,2026-07-09
肉禽蛋,禽蛋类,鸡排腿,6.5,6.5,6.5,斤,,,2026-07-09
肉禽蛋,禽蛋类,鸡琵琶腿,6.5,6.5,6.5,斤,,,2026-07-09
肉禽蛋,禽蛋类,鸡胗,11.0,13.0,12.0,斤,,,2026-07-09
肉禽蛋,禽蛋类,鸡爪,17.0,17.0,17.0,斤,,,2026-07-09
肉禽蛋,禽蛋类,鸡心,5.0,5.0,5.0,斤,,,2026-07-09
肉禽蛋,禽蛋类,鸡肝,2.5,2.5,2.5,斤,,,2026-07-09
肉禽蛋,禽蛋类,鸡脖子,5.0,5.0,5.0,斤,,去皮,2026-07-09
肉禽蛋,禽蛋类,鸡头,2.5,3.5,3.0,斤,,,2026-07-09
肉禽蛋,禽蛋类,鸡油,5.0,5.0,5.0,斤,,,2026-07-09
肉禽蛋,禽蛋类,鸡架子,3.0,3.5,3.25,斤,,,2026-07-09
肉禽蛋,禽蛋类,白条乌鸡,11.0,11.0,11.0,斤,,净膛,2026-07-09
肉禽蛋,禽蛋类,黑爪公鸡,11.5,12.5,12.0,斤,,净膛,2026-07-09
肉禽蛋,禽蛋类,白条鹅,10.0,10.0,10.0,斤,,净膛,2026-07-09
肉禽蛋,禽蛋类,白条湖鸭,7.0,7.0,7.0,斤,,,2026-07-09
肉禽蛋,禽蛋类,鸭肠,6.5,7.0,6.75,斤,,,2026-07-09
肉禽蛋,禽蛋类,鸭肝,2.5,3.0,2.75,斤,,,2026-07-09
肉禽蛋,禽蛋类,鸭头,12.5,13.0,12.75,斤,,,2026-07-09
肉禽蛋,禽蛋类,鸭心,5.0,5.0,5.0,斤,,,2026-07-09
肉禽蛋,禽蛋类,鸭腿,4.5,5.0,4.75,斤,,,2026-07-09
肉禽蛋,禽蛋类,鸭胗,12.5,14.5,13.5,斤,,,2026-07-09
肉禽蛋,禽蛋类,鸭脖子,7.0,7.5,7.25,斤,,去皮,2026-07-09
肉禽蛋,禽蛋类,白条乳鸽,20.0,23.0,21.5,只,,,2026-07-09
肉禽蛋,禽蛋类,白条兔,14.0,15.0,14.5,斤,,冻,2026-07-09
肉禽蛋,禽蛋类,筐鸡蛋,194.0,200.0,197.0,筐,,净44斤,2026-07-09
肉禽蛋,禽蛋类,筐鸡蛋,4.41,4.55,4.48,斤,,,2026-07-09
肉禽蛋,禽蛋类,箱鸡蛋,210.0,215.0,212.5,箱,,带蛋托净42斤,2026-07-09
肉禽蛋,禽蛋类,散鸡蛋,5.0,5.0,5.0,斤,,,2026-07-09
肉禽蛋,禽蛋类,生鸭蛋,6.0,7.0,6.5,斤,,,2026-07-09
肉禽蛋,禽蛋类,熟鸭蛋,6.8,8.0,7.4,斤,,,2026-07-09
肉禽蛋,禽蛋类,松花蛋,6.6,8.0,7.3,斤,,,2026-07-09
肉禽蛋,禽蛋类,鹅蛋,13.0,15.0,14.0,斤,,,2026-07-09
肉禽蛋,禽蛋类,鹌鹑蛋,5.3,6.5,5.9,斤,,,2026-07-09
肉禽蛋,禽蛋类,柴鸡蛋,4.55,9.0,6.78,斤,,,2026-07-09
肉禽蛋,禽蛋类,乌鸡蛋,7.6,8.5,8.05,斤,,,2026-07-09
肉禽蛋,禽蛋类,变蛋,0.7,1.0,0.85,个,,,2026-07-09
肉禽蛋,禽蛋类,鸵鸟蛋,65.0,70.0,67.5,个,,,2026-07-09
肉禽蛋,禽蛋类,鸽子蛋,2.5,2.5,2.5,个,,,2026-07-09
肉禽蛋,禽蛋类,活珠子,1.3,1.5,1.4,个,,,2026-07-09
肉禽蛋,禽蛋类,山鸡蛋,1.0,1.2,1.1,个,,,2026-07-09
肉禽蛋,禽蛋类,淘汰鸡,13.0,13.0,13.0,斤,,干净膛,2026-07-08
肉禽蛋,禽蛋类,淘汰鸡,12.0,12.0,12.0,斤,,净膛,2026-07-08
肉禽蛋,禽蛋类,仔鸡,6.5,7.0,6.75,斤,,净膛,2026-07-08
肉禽蛋,禽蛋类,肉鸡,6.5,6.5,6.5,斤,,,2026-07-08
肉禽蛋,禽蛋类,鸡胸,6.5,6.5,6.5,斤,,,2026-07-08
肉禽蛋,禽蛋类,鸡翅,12.0,12.0,12.0,斤,,,2026-07-08
肉禽蛋,禽蛋类,鸡翅尖,7.0,7.0,7.0,斤,,,2026-07-08
肉禽蛋,禽蛋类,鸡翅中,25.0,25.0,25.0,斤,,,2026-07-08
肉禽蛋,禽蛋类,鸡翅根,6.5,6.5,6.5,斤,,,2026-07-08
肉禽蛋,禽蛋类,鸡边腿,6.0,6.0,6.0,斤,,,2026-07-08
肉禽蛋,禽蛋类,鸡排腿,6.5,6.5,6.5,斤,,,2026-07-08
肉禽蛋,禽蛋类,鸡琵琶腿,6.5,6.5,6.5,斤,,,2026-07-08
肉禽蛋,禽蛋类,鸡胗,11.0,13.0,12.0,斤,,,2026-07-08
肉禽蛋,禽蛋类,鸡爪,17.0,17.0,17.0,斤,,,2026-07-08
肉禽蛋,禽蛋类,鸡心,5.0,5.0,5.0,斤,,,2026-07-08
肉禽蛋,禽蛋类,鸡肝,2.5,2.5,2.5,斤,,,2026-07-08
肉禽蛋,禽蛋类,鸡脖子,5.0,5.0,5.0,斤,,去皮,2026-07-08
肉禽蛋,禽蛋类,鸡头,2.5,3.5,3.0,斤,,,2026-07-08
肉禽蛋,禽蛋类,鸡油,5.0,5.0,5.0,斤,,,2026-07-08
肉禽蛋,禽蛋类,鸡架子,3.0,3.5,3.25,斤,,,2026-07-08
肉禽蛋,禽蛋类,白条乌鸡,11.0,11.0,11.0,斤,,净膛,2026-07-08
肉禽蛋,禽蛋类,黑爪公鸡,11.5,12.5,12.0,斤,,净膛,2026-07-08
肉禽蛋,禽蛋类,白条鹅,10.0,10.0,10.0,斤,,净膛,2026-07-08
肉禽蛋,禽蛋类,白条湖鸭,7.0,7.0,7.0,斤,,,2026-07-08
肉禽蛋,禽蛋类,鸭肠,6.5,7.0,6.75,斤,,,2026-07-08
肉禽蛋,禽蛋类,鸭肝,2.5,3.0,2.75,斤,,,2026-07-08
肉禽蛋,禽蛋类,鸭头,12.5,13.0,12.75,斤,,,2026-07-08
肉禽蛋,禽蛋类,鸭心,5.0,5.0,5.0,斤,,,2026-07-08
肉禽蛋,禽蛋类,鸭腿,4.5,5.0,4.75,斤,,,2026-07-08
肉禽蛋,禽蛋类,鸭胗,12.5,14.5,13.5,斤,,,2026-07-08
肉禽蛋,禽蛋类,鸭脖子,7.0,7.5,7.25,斤,,去皮,2026-07-08
肉禽蛋,禽蛋类,白条乳鸽,20.0,23.0,21.5,只,,,2026-07-08
肉禽蛋,禽蛋类,白条兔,14.0,15.0,14.5,斤,,冻,2026-07-08
肉禽蛋,禽蛋类,筐鸡蛋,198.0,203.0,200.5,筐,,净44斤,2026-07-08
肉禽蛋,禽蛋类,筐鸡蛋,4.5,4.61,4.56,斤,,,2026-07-08
肉禽蛋,禽蛋类,箱鸡蛋,213.0,218.0,215.5,箱,,带蛋托净42斤,2026-07-08
肉禽蛋,禽蛋类,散鸡蛋,5.0,5.0,5.0,斤,,,2026-07-08
肉禽蛋,禽蛋类,生鸭蛋,6.0,6.5,6.25,斤,,,2026-07-08
肉禽蛋,禽蛋类,熟鸭蛋,6.8,8.0,7.4,斤,,,2026-07-08
肉禽蛋,禽蛋类,松花蛋,6.6,8.0,7.3,斤,,,2026-07-08
肉禽蛋,禽蛋类,鹅蛋,13.0,15.0,14.0,斤,,,2026-07-08
肉禽蛋,禽蛋类,鹌鹑蛋,5.2,6.5,5.85,斤,,,2026-07-08
肉禽蛋,禽蛋类,柴鸡蛋,4.61,9.0,6.81,斤,,,2026-07-08
肉禽蛋,禽蛋类,乌鸡蛋,7.6,8.5,8.05,斤,,,2026-07-08
肉禽蛋,禽蛋类,变蛋,0.7,1.0,0.85,个,,,2026-07-08
肉禽蛋,禽蛋类,鸵鸟蛋,65.0,70.0,67.5,个,,,2026-07-08
肉禽蛋,禽蛋类,鸽子蛋,2.4,2.5,2.45,个,,,2026-07-08
肉禽蛋,禽蛋类,活珠子,1.3,1.5,1.4,个,,,2026-07-08
肉禽蛋,禽蛋类,山鸡蛋,1.0,1.2,1.1,个,,,2026-07-08
肉禽蛋,禽蛋类,淘汰鸡,12.5,13.0,12.75,斤,,干净膛,2026-07-07
肉禽蛋,禽蛋类,淘汰鸡,11.5,12.0,11.75,斤,,净膛,2026-07-07
肉禽蛋,禽蛋类,仔鸡,6.5,6.5,6.5,斤,,净膛,2026-07-07
肉禽蛋,禽蛋类,肉鸡,6.5,6.5,6.5,斤,,,2026-07-07
肉禽蛋,禽蛋类,鸡胸,6.5,6.5,6.5,斤,,,2026-07-07
肉禽蛋,禽蛋类,鸡翅,11.5,12.0,11.75,斤,,,2026-07-07
肉禽蛋,禽蛋类,鸡翅尖,7.0,7.0,7.0,斤,,,2026-07-07
肉禽蛋,禽蛋类,鸡翅中,25.0,25.0,25.0,斤,,,2026-07-07
肉禽蛋,禽蛋类,鸡翅根,6.5,6.5,6.5,斤,,,2026-07-07
肉禽蛋,禽蛋类,鸡边腿,5.8,6.0,5.9,斤,,,2026-07-07
肉禽蛋,禽蛋类,鸡排腿,6.5,6.5,6.5,斤,,,2026-07-07
肉禽蛋,禽蛋类,鸡琵琶腿,6.5,6.5,6.5,斤,,,2026-07-07
肉禽蛋,禽蛋类,鸡胗,11.0,13.0,12.0,斤,,,2026-07-07
肉禽蛋,禽蛋类,鸡爪,17.0,17.0,17.0,斤,,,2026-07-07
肉禽蛋,禽蛋类,鸡心,5.0,5.0,5.0,斤,,,2026-07-07
肉禽蛋,禽蛋类,鸡肝,2.5,2.5,2.5,斤,,,2026-07-07
肉禽蛋,禽蛋类,鸡脖子,5.0,5.0,5.0,斤,,去皮,2026-07-07
肉禽蛋,禽蛋类,鸡头,2.5,3.5,3.0,斤,,,2026-07-07
肉禽蛋,禽蛋类,鸡油,5.0,5.0,5.0,斤,,,2026-07-07
肉禽蛋,禽蛋类,鸡架子,3.0,3.5,3.25,斤,,,2026-07-07
肉禽蛋,禽蛋类,白条乌鸡,11.0,11.0,11.0,斤,,净膛,2026-07-07
肉禽蛋,禽蛋类,黑爪公鸡,11.0,12.0,11.5,斤,,净膛,2026-07-07
肉禽蛋,禽蛋类,白条鹅,10.0,10.0,10.0,斤,,净膛,2026-07-07
肉禽蛋,禽蛋类,白条湖鸭,7.0,7.0,7.0,斤,,,2026-07-07
肉禽蛋,禽蛋类,鸭肠,6.0,7.0,6.5,斤,,,2026-07-07
肉禽蛋,禽蛋类,鸭肝,2.5,3.0,2.75,斤,,,2026-07-07
肉禽蛋,禽蛋类,鸭头,13.0,13.5,13.25,斤,,,2026-07-07
肉禽蛋,禽蛋类,鸭心,5.0,5.0,5.0,斤,,,2026-07-07
肉禽蛋,禽蛋类,鸭腿,4.5,5.0,4.75,斤,,,2026-07-07
肉禽蛋,禽蛋类,鸭胗,12.5,14.5,13.5,斤,,,2026-07-07
肉禽蛋,禽蛋类,鸭脖子,7.0,7.5,7.25,斤,,去皮,2026-07-07
肉禽蛋,禽蛋类,白条乳鸽,20.0,23.0,21.5,只,,,2026-07-07
肉禽蛋,禽蛋类,白条兔,14.0,15.0,14.5,斤,,冻,2026-07-07
肉禽蛋,禽蛋类,筐鸡蛋,193.0,198.0,195.5,筐,,净44斤,2026-07-07
肉禽蛋,禽蛋类,筐鸡蛋,4.39,4.5,4.45,斤,,,2026-07-07
肉禽蛋,禽蛋类,箱鸡蛋,208.0,213.0,210.5,箱,,带蛋托净42斤,2026-07-07
肉禽蛋,禽蛋类,散鸡蛋,4.9,5.0,4.95,斤,,,2026-07-07
肉禽蛋,禽蛋类,生鸭蛋,6.0,6.5,6.25,斤,,,2026-07-07
肉禽蛋,禽蛋类,熟鸭蛋,6.8,8.0,7.4,斤,,,2026-07-07
肉禽蛋,禽蛋类,松花蛋,6.6,8.0,7.3,斤,,,2026-07-07
肉禽蛋,禽蛋类,鹅蛋,13.0,14.0,13.5,斤,,,2026-07-07
肉禽蛋,禽蛋类,鹌鹑蛋,5.2,6.5,5.85,斤,,,2026-07-07
肉禽蛋,禽蛋类,柴鸡蛋,4.5,9.0,6.75,斤,,,2026-07-07
肉禽蛋,禽蛋类,乌鸡蛋,7.6,8.5,8.05,斤,,,2026-07-07
肉禽蛋,禽蛋类,变蛋,0.7,1.0,0.85,个,,,2026-07-07
肉禽蛋,禽蛋类,鸵鸟蛋,65.0,70.0,67.5,个,,,2026-07-07
肉禽蛋,禽蛋类,鸽子蛋,2.4,2.5,2.45,个,,,2026-07-07
肉禽蛋,禽蛋类,活珠子,1.3,1.5,1.4,个,,,2026-07-07
肉禽蛋,禽蛋类,山鸡蛋,1.0,1.2,1.1,个,,,2026-07-07
肉禽蛋,禽蛋类,淘汰鸡,12.0,12.0,12.0,斤,,干净膛,2026-07-06
肉禽蛋,禽蛋类,淘汰鸡,11.0,11.0,11.0,斤,,净膛,2026-07-06
肉禽蛋,禽蛋类,仔鸡,6.5,6.5,6.5,斤,,净膛,2026-07-06
肉禽蛋,禽蛋类,肉鸡,6.5,6.5,6.5,斤,,,2026-07-06
肉禽蛋,禽蛋类,鸡胸,6.5,6.5,6.5,斤,,,2026-07-06
肉禽蛋,禽蛋类,鸡翅,11.5,12.0,11.75,斤,,,2026-07-06
肉禽蛋,禽蛋类,鸡翅尖,7.0,7.0,7.0,斤,,,2026-07-06
肉禽蛋,禽蛋类,鸡翅中,25.0,25.0,25.0,斤,,,2026-07-06
肉禽蛋,禽蛋类,鸡翅根,6.5,6.5,6.5,斤,,,2026-07-06
肉禽蛋,禽蛋类,鸡边腿,5.8,6.0,5.9,斤,,,2026-07-06
肉禽蛋,禽蛋类,鸡排腿,6.5,6.5,6.5,斤,,,2026-07-06
肉禽蛋,禽蛋类,鸡琵琶腿,6.5,6.5,6.5,斤,,,2026-07-06
肉禽蛋,禽蛋类,鸡胗,11.0,13.0,12.0,斤,,,2026-07-06
肉禽蛋,禽蛋类,鸡爪,17.0,17.0,17.0,斤,,,2026-07-06
肉禽蛋,禽蛋类,鸡心,5.0,5.0,5.0,斤,,,2026-07-06
肉禽蛋,禽蛋类,鸡肝,2.5,2.5,2.5,斤,,,2026-07-06
肉禽蛋,禽蛋类,鸡脖子,5.0,5.0,5.0,斤,,去皮,2026-07-06
肉禽蛋,禽蛋类,鸡头,2.5,3.5,3.0,斤,,,2026-07-06
肉禽蛋,禽蛋类,鸡油,5.0,5.0,5.0,斤,,,2026-07-06
肉禽蛋,禽蛋类,鸡架子,3.0,3.5,3.25,斤,,,2026-07-06
肉禽蛋,禽蛋类,白条乌鸡,11.0,11.0,11.0,斤,,净膛,2026-07-06
肉禽蛋,禽蛋类,黑爪公鸡,11.0,12.0,11.5,斤,,净膛,2026-07-06
肉禽蛋,禽蛋类,白条鹅,10.0,10.0,10.0,斤,,净膛,2026-07-06
肉禽蛋,禽蛋类,白条湖鸭,7.0,7.0,7.0,斤,,,2026-07-06
肉禽蛋,禽蛋类,鸭肠,6.0,7.0,6.5,斤,,,2026-07-06
肉禽蛋,禽蛋类,鸭肝,2.5,3.0,2.75,斤,,,2026-07-06
肉禽蛋,禽蛋类,鸭头,13.0,13.5,13.25,斤,,,2026-07-06
肉禽蛋,禽蛋类,鸭心,5.0,5.0,5.0,斤,,,2026-07-06
肉禽蛋,禽蛋类,鸭腿,4.5,5.0,4.75,斤,,,2026-07-06
肉禽蛋,禽蛋类,鸭胗,12.5,14.5,13.5,斤,,,2026-07-06
肉禽蛋,禽蛋类,鸭脖子,7.0,7.5,7.25,斤,,去皮,2026-07-06
肉禽蛋,禽蛋类,白条乳鸽,20.0,23.0,21.5,只,,,2026-07-06
肉禽蛋,禽蛋类,白条兔,14.0,15.0,14.5,斤,,冻,2026-07-06
肉禽蛋,禽蛋类,筐鸡蛋,188.0,193.0,190.5,筐,,净44斤,2026-07-06
肉禽蛋,禽蛋类,筐鸡蛋,4.27,4.39,4.33,斤,,,2026-07-06
肉禽蛋,禽蛋类,箱鸡蛋,203.0,208.0,205.5,箱,,带蛋托净42斤,2026-07-06
肉禽蛋,禽蛋类,散鸡蛋,4.8,5.0,4.9,斤,,,2026-07-06
肉禽蛋,禽蛋类,生鸭蛋,6.0,6.5,6.25,斤,,,2026-07-06
肉禽蛋,禽蛋类,熟鸭蛋,6.8,8.0,7.4,斤,,,2026-07-06
肉禽蛋,禽蛋类,松花蛋,6.6,8.0,7.3,斤,,,2026-07-06
肉禽蛋,禽蛋类,鹅蛋,13.0,14.0,13.5,斤,,,2026-07-06
肉禽蛋,禽蛋类,鹌鹑蛋,5.2,6.5,5.85,斤,,,2026-07-06
肉禽蛋,禽蛋类,柴鸡蛋,4.39,9.0,6.7,斤,,,2026-07-06
肉禽蛋,禽蛋类,乌鸡蛋,7.6,8.5,8.05,斤,,,2026-07-06
肉禽蛋,禽蛋类,变蛋,0.7,1.0,0.85,个,,,2026-07-06
肉禽蛋,禽蛋类,鸵鸟蛋,65.0,70.0,67.5,个,,,2026-07-06
肉禽蛋,禽蛋类,鸽子蛋,2.4,2.5,2.45,个,,,2026-07-06
肉禽蛋,禽蛋类,活珠子,1.3,1.5,1.4,个,,,2026-07-06
肉禽蛋,禽蛋类,山鸡蛋,1.0,1.2,1.1,个,,,2026-07-06
肉禽蛋,禽蛋类,淘汰鸡,12.0,12.0,12.0,斤,,干净膛,2026-07-05
肉禽蛋,禽蛋类,淘汰鸡,11.0,11.0,11.0,斤,,净膛,2026-07-05
肉禽蛋,禽蛋类,仔鸡,6.5,6.5,6.5,斤,,净膛,2026-07-05
肉禽蛋,禽蛋类,肉鸡,6.5,6.5,6.5,斤,,,2026-07-05
肉禽蛋,禽蛋类,鸡胸,6.5,6.5,6.5,斤,,,2026-07-05
肉禽蛋,禽蛋类,鸡翅,11.5,12.0,11.75,斤,,,2026-07-05
肉禽蛋,禽蛋类,鸡翅尖,7.0,7.0,7.0,斤,,,2026-07-05
肉禽蛋,禽蛋类,鸡翅中,25.0,25.0,25.0,斤,,,2026-07-05
肉禽蛋,禽蛋类,鸡翅根,6.5,6.5,6.5,斤,,,2026-07-05
肉禽蛋,禽蛋类,鸡边腿,5.8,6.0,5.9,斤,,,2026-07-05
肉禽蛋,禽蛋类,鸡排腿,6.5,6.5,6.5,斤,,,2026-07-05
肉禽蛋,禽蛋类,鸡琵琶腿,6.5,6.5,6.5,斤,,,2026-07-05
肉禽蛋,禽蛋类,鸡胗,10.0,13.0,11.5,斤,,,2026-07-05
肉禽蛋,禽蛋类,鸡爪,17.0,17.0,17.0,斤,,,2026-07-05
肉禽蛋,禽蛋类,鸡心,5.0,5.0,5.0,斤,,,2026-07-05
肉禽蛋,禽蛋类,鸡肝,2.5,2.5,2.5,斤,,,2026-07-05
肉禽蛋,禽蛋类,鸡脖子,5.0,5.0,5.0,斤,,去皮,2026-07-05
肉禽蛋,禽蛋类,鸡头,2.5,3.5,3.0,斤,,,2026-07-05
肉禽蛋,禽蛋类,鸡油,5.0,5.0,5.0,斤,,,2026-07-05
肉禽蛋,禽蛋类,鸡架子,3.0,3.5,3.25,斤,,,2026-07-05
肉禽蛋,禽蛋类,白条乌鸡,11.0,11.0,11.0,斤,,净膛,2026-07-05
肉禽蛋,禽蛋类,黑爪公鸡,11.0,12.0,11.5,斤,,净膛,2026-07-05
肉禽蛋,禽蛋类,白条鹅,10.0,10.0,10.0,斤,,净膛,2026-07-05
肉禽蛋,禽蛋类,白条湖鸭,7.0,7.0,7.0,斤,,,2026-07-05
肉禽蛋,禽蛋类,鸭肠,6.0,7.0,6.5,斤,,,2026-07-05
肉禽蛋,禽蛋类,鸭肝,2.5,3.0,2.75,斤,,,2026-07-05
肉禽蛋,禽蛋类,鸭头,13.0,13.5,13.25,斤,,,2026-07-05
肉禽蛋,禽蛋类,鸭心,5.0,5.0,5.0,斤,,,2026-07-05
肉禽蛋,禽蛋类,鸭腿,4.5,5.0,4.75,斤,,,2026-07-05
肉禽蛋,禽蛋类,鸭胗,12.5,14.5,13.5,斤,,,2026-07-05
肉禽蛋,禽蛋类,鸭脖子,7.0,7.5,7.25,斤,,去皮,2026-07-05
肉禽蛋,禽蛋类,白条乳鸽,20.0,23.0,21.5,只,,,2026-07-05
肉禽蛋,禽蛋类,白条兔,14.0,15.0,14.5,斤,,冻,2026-07-05
肉禽蛋,禽蛋类,筐鸡蛋,188.0,193.0,190.5,筐,,净44斤,2026-07-05
肉禽蛋,禽蛋类,筐鸡蛋,4.27,4.39,4.33,斤,,,2026-07-05
肉禽蛋,禽蛋类,箱鸡蛋,203.0,208.0,205.5,箱,,带蛋托净42斤,2026-07-05
肉禽蛋,禽蛋类,散鸡蛋,4.8,5.0,4.9,斤,,,2026-07-05
肉禽蛋,禽蛋类,生鸭蛋,6.0,6.5,6.25,斤,,,2026-07-05
肉禽蛋,禽蛋类,熟鸭蛋,6.8,8.0,7.4,斤,,,2026-07-05
肉禽蛋,禽蛋类,松花蛋,6.6,8.0,7.3,斤,,,2026-07-05
肉禽蛋,禽蛋类,鹅蛋,13.0,14.0,13.5,斤,,,2026-07-05
肉禽蛋,禽蛋类,鹌鹑蛋,5.2,6.5,5.85,斤,,,2026-07-05
肉禽蛋,禽蛋类,柴鸡蛋,4.39,9.0,6.7,斤,,,2026-07-05
肉禽蛋,禽蛋类,乌鸡蛋,7.7,8.5,8.1,斤,,,2026-07-05
肉禽蛋,禽蛋类,变蛋,0.7,1.0,0.85,个,,,2026-07-05
肉禽蛋,禽蛋类,鸵鸟蛋,65.0,70.0,67.5,个,,,2026-07-05
肉禽蛋,禽蛋类,鸽子蛋,2.4,2.5,2.45,个,,,2026-07-05
肉禽蛋,禽蛋类,活珠子,1.3,1.5,1.4,个,,,2026-07-05
肉禽蛋,禽蛋类,山鸡蛋,1.0,1.2,1.1,个,,,2026-07-05
肉禽蛋,禽蛋类,淘汰鸡,12.0,12.0,12.0,斤,,干净膛,2026-07-04
肉禽蛋,禽蛋类,淘汰鸡,11.0,11.0,11.0,斤,,净膛,2026-07-04
肉禽蛋,禽蛋类,仔鸡,6.5,6.5,6.5,斤,,净膛,2026-07-04
肉禽蛋,禽蛋类,肉鸡,6.5,6.5,6.5,斤,,,2026-07-04
肉禽蛋,禽蛋类,鸡胸,6.5,6.5,6.5,斤,,,2026-07-04
肉禽蛋,禽蛋类,鸡翅,11.5,12.0,11.75,斤,,,2026-07-04
肉禽蛋,禽蛋类,鸡翅尖,7.0,7.0,7.0,斤,,,2026-07-04
肉禽蛋,禽蛋类,鸡翅中,25.0,25.0,25.0,斤,,,2026-07-04
肉禽蛋,禽蛋类,鸡翅根,6.5,6.5,6.5,斤,,,2026-07-04
肉禽蛋,禽蛋类,鸡边腿,5.8,6.0,5.9,斤,,,2026-07-04
肉禽蛋,禽蛋类,鸡排腿,6.5,6.5,6.5,斤,,,2026-07-04
肉禽蛋,禽蛋类,鸡琵琶腿,6.5,6.5,6.5,斤,,,2026-07-04
肉禽蛋,禽蛋类,鸡胗,10.0,13.0,11.5,斤,,,2026-07-04
肉禽蛋,禽蛋类,鸡爪,17.0,17.0,17.0,斤,,,2026-07-04
肉禽蛋,禽蛋类,鸡心,5.0,5.0,5.0,斤,,,2026-07-04
肉禽蛋,禽蛋类,鸡肝,2.5,2.5,2.5,斤,,,2026-07-04
肉禽蛋,禽蛋类,鸡脖子,5.0,5.0,5.0,斤,,去皮,2026-07-04
肉禽蛋,禽蛋类,鸡头,2.5,3.5,3.0,斤,,,2026-07-04
肉禽蛋,禽蛋类,鸡油,5.0,5.0,5.0,斤,,,2026-07-04
肉禽蛋,禽蛋类,鸡架子,3.0,3.5,3.25,斤,,,2026-07-04
肉禽蛋,禽蛋类,白条乌鸡,11.0,11.0,11.0,斤,,净膛,2026-07-04
肉禽蛋,禽蛋类,黑爪公鸡,11.0,12.0,11.5,斤,,净膛,2026-07-04
肉禽蛋,禽蛋类,白条鹅,10.0,10.0,10.0,斤,,净膛,2026-07-04
肉禽蛋,禽蛋类,白条湖鸭,7.0,7.0,7.0,斤,,,2026-07-04
肉禽蛋,禽蛋类,鸭肠,6.0,7.0,6.5,斤,,,2026-07-04
肉禽蛋,禽蛋类,鸭肝,2.5,3.0,2.75,斤,,,2026-07-04
肉禽蛋,禽蛋类,鸭头,13.0,13.5,13.25,斤,,,2026-07-04
肉禽蛋,禽蛋类,鸭心,5.0,5.0,5.0,斤,,,2026-07-04
肉禽蛋,禽蛋类,鸭腿,4.5,5.0,4.75,斤,,,2026-07-04
肉禽蛋,禽蛋类,鸭胗,12.5,14.5,13.5,斤,,,2026-07-04
肉禽蛋,禽蛋类,鸭脖子,7.0,7.5,7.25,斤,,去皮,2026-07-04
肉禽蛋,禽蛋类,白条乳鸽,20.0,23.0,21.5,只,,,2026-07-04
肉禽蛋,禽蛋类,白条兔,14.0,15.0,14.5,斤,,冻,2026-07-04
肉禽蛋,禽蛋类,筐鸡蛋,188.0,193.0,190.5,筐,,净44斤,2026-07-04
肉禽蛋,禽蛋类,筐鸡蛋,4.27,4.39,4.33,斤,,,2026-07-04
肉禽蛋,禽蛋类,箱鸡蛋,203.0,208.0,205.5,箱,,带蛋托净42斤,2026-07-04
肉禽蛋,禽蛋类,散鸡蛋,4.8,5.0,4.9,斤,,,2026-07-04
肉禽蛋,禽蛋类,生鸭蛋,6.0,6.5,6.25,斤,,,2026-07-04
肉禽蛋,禽蛋类,熟鸭蛋,6.8,8.0,7.4,斤,,,2026-07-04
肉禽蛋,禽蛋类,松花蛋,6.6,8.0,7.3,斤,,,2026-07-04
肉禽蛋,禽蛋类,鹅蛋,13.0,14.0,13.5,斤,,,2026-07-04
肉禽蛋,禽蛋类,鹌鹑蛋,5.2,6.5,5.85,斤,,,2026-07-04
肉禽蛋,禽蛋类,柴鸡蛋,4.39,9.0,6.7,斤,,,2026-07-04
肉禽蛋,禽蛋类,乌鸡蛋,7.7,8.5,8.1,斤,,,2026-07-04
肉禽蛋,禽蛋类,变蛋,0.7,1.0,0.85,个,,,2026-07-04
肉禽蛋,禽蛋类,鸵鸟蛋,65.0,70.0,67.5,个,,,2026-07-04
肉禽蛋,禽蛋类,鸽子蛋,2.4,2.5,2.45,个,,,2026-07-04
肉禽蛋,禽蛋类,活珠子,1.3,1.5,1.4,个,,,2026-07-04
肉禽蛋,禽蛋类,山鸡蛋,1.0,1.2,1.1,个,,,2026-07-04
肉禽蛋,禽蛋类,淘汰鸡,12.0,12.0,12.0,斤,,干净膛,2026-07-03
肉禽蛋,禽蛋类,淘汰鸡,11.0,11.0,11.0,斤,,净膛,2026-07-03
肉禽蛋,禽蛋类,仔鸡,6.5,6.5,6.5,斤,,净膛,2026-07-03
肉禽蛋,禽蛋类,肉鸡,6.5,6.5,6.5,斤,,,2026-07-03
肉禽蛋,禽蛋类,鸡胸,6.5,6.5,6.5,斤,,,2026-07-03
肉禽蛋,禽蛋类,鸡翅,11.5,12.0,11.75,斤,,,2026-07-03
肉禽蛋,禽蛋类,鸡翅尖,7.0,7.0,7.0,斤,,,2026-07-03
肉禽蛋,禽蛋类,鸡翅中,25.0,25.0,25.0,斤,,,2026-07-03
肉禽蛋,禽蛋类,鸡翅根,6.5,6.5,6.5,斤,,,2026-07-03
肉禽蛋,禽蛋类,鸡边腿,5.8,6.0,5.9,斤,,,2026-07-03
肉禽蛋,禽蛋类,鸡排腿,6.5,6.5,6.5,斤,,,2026-07-03
肉禽蛋,禽蛋类,鸡琵琶腿,6.5,6.5,6.5,斤,,,2026-07-03
肉禽蛋,禽蛋类,鸡胗,10.0,13.0,11.5,斤,,,2026-07-03
肉禽蛋,禽蛋类,鸡爪,17.0,17.0,17.0,斤,,,2026-07-03
肉禽蛋,禽蛋类,鸡心,5.0,5.0,5.0,斤,,,2026-07-03
肉禽蛋,禽蛋类,鸡肝,2.5,2.5,2.5,斤,,,2026-07-03
肉禽蛋,禽蛋类,鸡脖子,5.0,5.0,5.0,斤,,去皮,2026-07-03
肉禽蛋,禽蛋类,鸡头,2.5,3.5,3.0,斤,,,2026-07-03
肉禽蛋,禽蛋类,鸡油,5.0,5.0,5.0,斤,,,2026-07-03
肉禽蛋,禽蛋类,鸡架子,3.0,3.5,3.25,斤,,,2026-07-03
肉禽蛋,禽蛋类,白条乌鸡,11.0,11.0,11.0,斤,,净膛,2026-07-03
肉禽蛋,禽蛋类,黑爪公鸡,11.0,12.0,11.5,斤,,净膛,2026-07-03
肉禽蛋,禽蛋类,白条鹅,10.0,10.0,10.0,斤,,净膛,2026-07-03
肉禽蛋,禽蛋类,白条湖鸭,7.0,7.0,7.0,斤,,,2026-07-03
肉禽蛋,禽蛋类,鸭肠,6.0,7.0,6.5,斤,,,2026-07-03
肉禽蛋,禽蛋类,鸭肝,2.5,3.0,2.75,斤,,,2026-07-03
肉禽蛋,禽蛋类,鸭头,13.0,13.5,13.25,斤,,,2026-07-03
肉禽蛋,禽蛋类,鸭心,5.0,5.0,5.0,斤,,,2026-07-03
肉禽蛋,禽蛋类,鸭腿,4.5,5.0,4.75,斤,,,2026-07-03
肉禽蛋,禽蛋类,鸭胗,12.5,14.5,13.5,斤,,,2026-07-03
肉禽蛋,禽蛋类,鸭脖子,7.0,7.5,7.25,斤,,去皮,2026-07-03
肉禽蛋,禽蛋类,白条乳鸽,20.0,23.0,21.5,只,,,2026-07-03
肉禽蛋,禽蛋类,白条兔,14.0,15.0,14.5,斤,,冻,2026-07-03
肉禽蛋,禽蛋类,筐鸡蛋,188.0,193.0,190.5,筐,,净44斤,2026-07-03
肉禽蛋,禽蛋类,筐鸡蛋,4.27,4.39,4.33,斤,,,2026-07-03
肉禽蛋,禽蛋类,箱鸡蛋,203.0,208.0,205.5,箱,,带蛋托净42斤,2026-07-03
肉禽蛋,禽蛋类,散鸡蛋,4.8,5.0,4.9,斤,,,2026-07-03
肉禽蛋,禽蛋类,生鸭蛋,6.0,6.5,6.25,斤,,,2026-07-03
肉禽蛋,禽蛋类,熟鸭蛋,6.8,8.0,7.4,斤,,,2026-07-03
肉禽蛋,禽蛋类,松花蛋,6.6,8.0,7.3,斤,,,2026-07-03
肉禽蛋,禽蛋类,鹅蛋,13.0,14.0,13.5,斤,,,2026-07-03
肉禽蛋,禽蛋类,鹌鹑蛋,5.2,6.5,5.85,斤,,,2026-07-03
肉禽蛋,禽蛋类,柴鸡蛋,4.39,9.0,6.7,斤,,,2026-07-03
肉禽蛋,禽蛋类,乌鸡蛋,7.7,8.5,8.1,斤,,,2026-07-03
肉禽蛋,禽蛋类,变蛋,0.7,1.0,0.85,个,,,2026-07-03
肉禽蛋,禽蛋类,鸵鸟蛋,65.0,70.0,67.5,个,,,2026-07-03
肉禽蛋,禽蛋类,鸽子蛋,2.4,2.5,2.45,个,,,2026-07-03
肉禽蛋,禽蛋类,活珠子,1.3,1.5,1.4,个,,,2026-07-03
肉禽蛋,禽蛋类,山鸡蛋,1.0,1.2,1.1,个,,,2026-07-03
肉禽蛋,禽蛋类,淘汰鸡,12.0,12.0,12.0,斤,,干净膛,2026-07-02
肉禽蛋,禽蛋类,淘汰鸡,11.0,11.0,11.0,斤,,净膛,2026-07-02
肉禽蛋,禽蛋类,仔鸡,6.5,6.5,6.5,斤,,净膛,2026-07-02
肉禽蛋,禽蛋类,肉鸡,6.5,6.5,6.5,斤,,,2026-07-02
肉禽蛋,禽蛋类,鸡胸,6.5,6.5,6.5,斤,,,2026-07-02
肉禽蛋,禽蛋类,鸡翅,11.5,12.0,11.75,斤,,,2026-07-02
肉禽蛋,禽蛋类,鸡翅尖,7.0,7.0,7.0,斤,,,2026-07-02
肉禽蛋,禽蛋类,鸡翅中,25.0,25.0,25.0,斤,,,2026-07-02
肉禽蛋,禽蛋类,鸡翅根,6.5,6.5,6.5,斤,,,2026-07-02
肉禽蛋,禽蛋类,鸡边腿,5.8,6.0,5.9,斤,,,2026-07-02
肉禽蛋,禽蛋类,鸡排腿,6.5,6.5,6.5,斤,,,2026-07-02
肉禽蛋,禽蛋类,鸡琵琶腿,6.5,6.5,6.5,斤,,,2026-07-02
肉禽蛋,禽蛋类,鸡胗,10.0,13.0,11.5,斤,,,2026-07-02
肉禽蛋,禽蛋类,鸡爪,17.0,17.0,17.0,斤,,,2026-07-02
肉禽蛋,禽蛋类,鸡心,5.0,5.0,5.0,斤,,,2026-07-02
肉禽蛋,禽蛋类,鸡肝,2.5,2.5,2.5,斤,,,2026-07-02
肉禽蛋,禽蛋类,鸡脖子,5.0,5.0,5.0,斤,,去皮,2026-07-02
肉禽蛋,禽蛋类,鸡头,2.5,3.5,3.0,斤,,,2026-07-02
肉禽蛋,禽蛋类,鸡油,5.0,5.0,5.0,斤,,,2026-07-02
肉禽蛋,禽蛋类,鸡架子,3.0,3.5,3.25,斤,,,2026-07-02
肉禽蛋,禽蛋类,白条乌鸡,11.0,11.0,11.0,斤,,净膛,2026-07-02
肉禽蛋,禽蛋类,黑爪公鸡,11.0,12.0,11.5,斤,,净膛,2026-07-02
肉禽蛋,禽蛋类,白条鹅,10.0,10.0,10.0,斤,,净膛,2026-07-02
肉禽蛋,禽蛋类,白条湖鸭,7.0,7.0,7.0,斤,,,2026-07-02
肉禽蛋,禽蛋类,鸭肠,6.0,7.0,6.5,斤,,,2026-07-02
肉禽蛋,禽蛋类,鸭肝,2.5,3.0,2.75,斤,,,2026-07-02
肉禽蛋,禽蛋类,鸭头,13.0,13.5,13.25,斤,,,2026-07-02
肉禽蛋,禽蛋类,鸭心,5.0,5.0,5.0,斤,,,2026-07-02
肉禽蛋,禽蛋类,鸭腿,4.5,5.0,4.75,斤,,,2026-07-02
肉禽蛋,禽蛋类,鸭胗,12.5,14.5,13.5,斤,,,2026-07-02
肉禽蛋,禽蛋类,鸭脖子,7.0,7.5,7.25,斤,,去皮,2026-07-02
肉禽蛋,禽蛋类,白条乳鸽,20.0,23.0,21.5,只,,,2026-07-02
肉禽蛋,禽蛋类,白条兔,14.0,15.0,14.5,斤,,冻,2026-07-02
肉禽蛋,禽蛋类,筐鸡蛋,188.0,193.0,190.5,筐,,净44斤,2026-07-02
肉禽蛋,禽蛋类,筐鸡蛋,4.27,4.39,4.33,斤,,,2026-07-02
肉禽蛋,禽蛋类,箱鸡蛋,203.0,208.0,205.5,箱,,带蛋托净42斤,2026-07-02
肉禽蛋,禽蛋类,散鸡蛋,4.8,5.0,4.9,斤,,,2026-07-02
肉禽蛋,禽蛋类,生鸭蛋,6.0,6.5,6.25,斤,,,2026-07-02
肉禽蛋,禽蛋类,熟鸭蛋,6.8,8.0,7.4,斤,,,2026-07-02
肉禽蛋,禽蛋类,松花蛋,6.5,8.0,7.25,斤,,,2026-07-02
肉禽蛋,禽蛋类,鹅蛋,13.0,14.0,13.5,斤,,,2026-07-02
肉禽蛋,禽蛋类,鹌鹑蛋,5.1,6.5,5.8,斤,,,2026-07-02
肉禽蛋,禽蛋类,柴鸡蛋,4.39,9.0,6.7,斤,,,2026-07-02
肉禽蛋,禽蛋类,乌鸡蛋,7.5,8.5,8.0,斤,,,2026-07-02
肉禽蛋,禽蛋类,变蛋,0.7,1.0,0.85,个,,,2026-07-02
肉禽蛋,禽蛋类,鸵鸟蛋,65.0,70.0,67.5,个,,,2026-07-02
肉禽蛋,禽蛋类,鸽子蛋,2.4,2.5,2.45,个,,,2026-07-02
肉禽蛋,禽蛋类,活珠子,1.3,1.5,1.4,个,,,2026-07-02
肉禽蛋,禽蛋类,山鸡蛋,1.0,1.2,1.1,个,,,2026-07-02
肉禽蛋,禽蛋类,淘汰鸡,12.0,12.0,12.0,斤,,干净膛,2026-07-01
肉禽蛋,禽蛋类,淘汰鸡,11.0,11.0,11.0,斤,,净膛,2026-07-01
肉禽蛋,禽蛋类,仔鸡,6.5,6.5,6.5,斤,,净膛,2026-07-01
肉禽蛋,禽蛋类,肉鸡,6.5,6.5,6.5,斤,,,2026-07-01
肉禽蛋,禽蛋类,鸡胸,6.5,6.5,6.5,斤,,,2026-07-01
肉禽蛋,禽蛋类,鸡翅,11.5,12.0,11.75,斤,,,2026-07-01
肉禽蛋,禽蛋类,鸡翅尖,7.0,7.0,7.0,斤,,,2026-07-01
肉禽蛋,禽蛋类,鸡翅中,25.0,25.0,25.0,斤,,,2026-07-01
肉禽蛋,禽蛋类,鸡翅根,6.5,6.5,6.5,斤,,,2026-07-01
肉禽蛋,禽蛋类,鸡边腿,5.8,6.0,5.9,斤,,,2026-07-01
肉禽蛋,禽蛋类,鸡排腿,6.5,6.5,6.5,斤,,,2026-07-01
肉禽蛋,禽蛋类,鸡琵琶腿,6.5,6.5,6.5,斤,,,2026-07-01
肉禽蛋,禽蛋类,鸡胗,11.0,13.0,12.0,斤,,,2026-07-01
肉禽蛋,禽蛋类,鸡爪,17.0,17.0,17.0,斤,,,2026-07-01
肉禽蛋,禽蛋类,鸡心,5.0,5.0,5.0,斤,,,2026-07-01
肉禽蛋,禽蛋类,鸡肝,2.5,2.5,2.5,斤,,,2026-07-01
肉禽蛋,禽蛋类,鸡脖子,5.0,5.0,5.0,斤,,去皮,2026-07-01
肉禽蛋,禽蛋类,鸡头,2.5,3.5,3.0,斤,,,2026-07-01
肉禽蛋,禽蛋类,鸡油,5.0,5.0,5.0,斤,,,2026-07-01
肉禽蛋,禽蛋类,鸡架子,3.0,3.0,3.0,斤,,,2026-07-01
肉禽蛋,禽蛋类,白条乌鸡,11.0,11.0,11.0,斤,,净膛,2026-07-01
肉禽蛋,禽蛋类,黑爪公鸡,11.0,12.0,11.5,斤,,净膛,2026-07-01
肉禽蛋,禽蛋类,白条鹅,10.0,10.0,10.0,斤,,净膛,2026-07-01
肉禽蛋,禽蛋类,白条湖鸭,7.0,7.0,7.0,斤,,,2026-07-01
肉禽蛋,禽蛋类,鸭肠,6.0,7.0,6.5,斤,,,2026-07-01
肉禽蛋,禽蛋类,鸭肝,2.5,3.0,2.75,斤,,,2026-07-01
肉禽蛋,禽蛋类,鸭头,13.0,13.5,13.25,斤,,,2026-07-01
肉禽蛋,禽蛋类,鸭心,5.0,5.0,5.0,斤,,,2026-07-01
肉禽蛋,禽蛋类,鸭腿,4.5,5.0,4.75,斤,,,2026-07-01
肉禽蛋,禽蛋类,鸭胗,12.5,14.5,13.5,斤,,,2026-07-01
肉禽蛋,禽蛋类,鸭脖子,7.0,7.5,7.25,斤,,去皮,2026-07-01
肉禽蛋,禽蛋类,白条乳鸽,20.0,23.0,21.5,只,,,2026-07-01
肉禽蛋,禽蛋类,白条兔,14.0,15.0,14.5,斤,,冻,2026-07-01
肉禽蛋,禽蛋类,筐鸡蛋,183.0,188.0,185.5,筐,,净44斤,2026-07-01
肉禽蛋,禽蛋类,筐鸡蛋,4.16,4.27,4.22,斤,,,2026-07-01
肉禽蛋,禽蛋类,箱鸡蛋,198.0,203.0,200.5,箱,,带蛋托净42斤,2026-07-01
肉禽蛋,禽蛋类,散鸡蛋,4.7,4.8,4.75,斤,,,2026-07-01
肉禽蛋,禽蛋类,生鸭蛋,6.0,6.5,6.25,斤,,,2026-07-01
肉禽蛋,禽蛋类,熟鸭蛋,6.8,8.0,7.4,斤,,,2026-07-01
肉禽蛋,禽蛋类,松花蛋,6.5,8.0,7.25,斤,,,2026-07-01
肉禽蛋,禽蛋类,鹅蛋,13.0,14.0,13.5,斤,,,2026-07-01
肉禽蛋,禽蛋类,鹌鹑蛋,5.1,6.5,5.8,斤,,,2026-07-01
肉禽蛋,禽蛋类,柴鸡蛋,4.27,9.0,6.64,斤,,,2026-07-01
肉禽蛋,禽蛋类,乌鸡蛋,7.5,8.5,8.0,斤,,,2026-07-01
肉禽蛋,禽蛋类,变蛋,0.7,1.0,0.85,个,,,2026-07-01
肉禽蛋,禽蛋类,鸵鸟蛋,65.0,70.0,67.5,个,,,2026-07-01
肉禽蛋,禽蛋类,鸽子蛋,2.4,2.5,2.45,个,,,2026-07-01
肉禽蛋,禽蛋类,活珠子,1.3,1.5,1.4,个,,,2026-07-01
肉禽蛋,禽蛋类,山鸡蛋,1.0,1.0,1.0,个,,,2026-07-01
肉禽蛋,禽蛋类,淘汰鸡,12.0,12.0,12.0,斤,,干净膛,2026-06-30
肉禽蛋,禽蛋类,淘汰鸡,11.0,11.0,11.0,斤,,净膛,2026-06-30
肉禽蛋,禽蛋类,仔鸡,6.5,6.5,6.5,斤,,净膛,2026-06-30
肉禽蛋,禽蛋类,肉鸡,6.5,6.5,6.5,斤,,,2026-06-30
肉禽蛋,禽蛋类,鸡胸,6.5,6.5,6.5,斤,,,2026-06-30
肉禽蛋,禽蛋类,鸡翅,11.5,12.0,11.75,斤,,,2026-06-30
肉禽蛋,禽蛋类,鸡翅尖,7.0,7.0,7.0,斤,,,2026-06-30
肉禽蛋,禽蛋类,鸡翅中,25.0,25.0,25.0,斤,,,2026-06-30
肉禽蛋,禽蛋类,鸡翅根,6.5,6.5,6.5,斤,,,2026-06-30
肉禽蛋,禽蛋类,鸡边腿,5.8,6.0,5.9,斤,,,2026-06-30
肉禽蛋,禽蛋类,鸡排腿,6.5,6.5,6.5,斤,,,2026-06-30
肉禽蛋,禽蛋类,鸡琵琶腿,6.5,6.5,6.5,斤,,,2026-06-30
肉禽蛋,禽蛋类,鸡胗,11.0,14.0,12.5,斤,,,2026-06-30
肉禽蛋,禽蛋类,鸡爪,17.0,17.0,17.0,斤,,,2026-06-30
肉禽蛋,禽蛋类,鸡心,5.0,5.0,5.0,斤,,,2026-06-30
肉禽蛋,禽蛋类,鸡肝,2.5,2.5,2.5,斤,,,2026-06-30
肉禽蛋,禽蛋类,鸡脖子,5.0,5.0,5.0,斤,,去皮,2026-06-30
肉禽蛋,禽蛋类,鸡头,2.5,3.5,3.0,斤,,,2026-06-30
肉禽蛋,禽蛋类,鸡油,5.0,5.0,5.0,斤,,,2026-06-30
肉禽蛋,禽蛋类,鸡架子,3.0,3.0,3.0,斤,,,2026-06-30
肉禽蛋,禽蛋类,白条乌鸡,11.0,11.0,11.0,斤,,净膛,2026-06-30
肉禽蛋,禽蛋类,黑爪公鸡,11.0,12.0,11.5,斤,,净膛,2026-06-30
肉禽蛋,禽蛋类,白条鹅,10.0,10.0,10.0,斤,,净膛,2026-06-30
肉禽蛋,禽蛋类,白条湖鸭,7.0,7.0,7.0,斤,,,2026-06-30
肉禽蛋,禽蛋类,鸭肠,6.0,7.0,6.5,斤,,,2026-06-30
肉禽蛋,禽蛋类,鸭肝,2.5,3.0,2.75,斤,,,2026-06-30
肉禽蛋,禽蛋类,鸭头,13.0,13.5,13.25,斤,,,2026-06-30
肉禽蛋,禽蛋类,鸭心,5.0,5.0,5.0,斤,,,2026-06-30
肉禽蛋,禽蛋类,鸭腿,4.5,5.0,4.75,斤,,,2026-06-30
肉禽蛋,禽蛋类,鸭胗,12.5,14.5,13.5,斤,,,2026-06-30
肉禽蛋,禽蛋类,鸭脖子,7.0,7.5,7.25,斤,,去皮,2026-06-30
肉禽蛋,禽蛋类,白条乳鸽,20.0,23.0,21.5,只,,,2026-06-30
肉禽蛋,禽蛋类,白条兔,14.0,15.0,14.5,斤,,冻,2026-06-30
肉禽蛋,禽蛋类,筐鸡蛋,178.0,183.0,180.5,筐,,净44斤,2026-06-30
肉禽蛋,禽蛋类,筐鸡蛋,4.05,4.16,4.11,斤,,,2026-06-30
肉禽蛋,禽蛋类,箱鸡蛋,193.0,198.0,195.5,箱,,带蛋托净42斤,2026-06-30
肉禽蛋,禽蛋类,散鸡蛋,4.7,4.8,4.75,斤,,,2026-06-30
肉禽蛋,禽蛋类,生鸭蛋,6.0,6.5,6.25,斤,,,2026-06-30
肉禽蛋,禽蛋类,熟鸭蛋,6.8,8.0,7.4,斤,,,2026-06-30
肉禽蛋,禽蛋类,松花蛋,6.5,8.0,7.25,斤,,,2026-06-30
肉禽蛋,禽蛋类,鹅蛋,13.0,14.0,13.5,斤,,,2026-06-30
肉禽蛋,禽蛋类,鹌鹑蛋,5.2,6.5,5.85,斤,,,2026-06-30
肉禽蛋,禽蛋类,柴鸡蛋,4.16,9.0,6.58,斤,,,2026-06-30
肉禽蛋,禽蛋类,乌鸡蛋,7.5,8.5,8.0,斤,,,2026-06-30
肉禽蛋,禽蛋类,变蛋,0.7,1.0,0.85,个,,,2026-06-30
肉禽蛋,禽蛋类,鸵鸟蛋,65.0,70.0,67.5,个,,,2026-06-30
肉禽蛋,禽蛋类,鸽子蛋,2.5,2.5,2.5,个,,,2026-06-30
肉禽蛋,禽蛋类,活珠子,1.3,1.5,1.4,个,,,2026-06-30
肉禽蛋,禽蛋类,山鸡蛋,1.0,1.0,1.0,个,,,2026-06-30
肉禽蛋,禽蛋类,淘汰鸡,12.0,12.0,12.0,斤,,干净膛,2026-06-29
肉禽蛋,禽蛋类,淘汰鸡,11.0,11.0,11.0,斤,,净膛,2026-06-29
肉禽蛋,禽蛋类,仔鸡,6.5,6.5,6.5,斤,,净膛,2026-06-29
肉禽蛋,禽蛋类,肉鸡,6.5,6.5,6.5,斤,,,2026-06-29
肉禽蛋,禽蛋类,鸡胸,6.5,6.5,6.5,斤,,,2026-06-29
肉禽蛋,禽蛋类,鸡翅,11.5,12.0,11.75,斤,,,2026-06-29
肉禽蛋,禽蛋类,鸡翅尖,7.0,7.0,7.0,斤,,,2026-06-29
肉禽蛋,禽蛋类,鸡翅中,25.0,25.0,25.0,斤,,,2026-06-29
肉禽蛋,禽蛋类,鸡翅根,6.5,6.5,6.5,斤,,,2026-06-29
肉禽蛋,禽蛋类,鸡边腿,5.8,6.0,5.9,斤,,,2026-06-29
肉禽蛋,禽蛋类,鸡排腿,6.5,6.5,6.5,斤,,,2026-06-29
肉禽蛋,禽蛋类,鸡琵琶腿,6.5,6.5,6.5,斤,,,2026-06-29
肉禽蛋,禽蛋类,鸡胗,11.0,14.0,12.5,斤,,,2026-06-29
肉禽蛋,禽蛋类,鸡爪,17.0,17.0,17.0,斤,,,2026-06-29
肉禽蛋,禽蛋类,鸡心,5.0,5.0,5.0,斤,,,2026-06-29
肉禽蛋,禽蛋类,鸡肝,2.5,2.5,2.5,斤,,,2026-06-29
肉禽蛋,禽蛋类,鸡脖子,5.0,5.0,5.0,斤,,去皮,2026-06-29
肉禽蛋,禽蛋类,鸡头,2.5,3.5,3.0,斤,,,2026-06-29
肉禽蛋,禽蛋类,鸡油,5.0,5.0,5.0,斤,,,2026-06-29
肉禽蛋,禽蛋类,鸡架子,3.0,3.0,3.0,斤,,,2026-06-29
肉禽蛋,禽蛋类,白条乌鸡,11.0,11.0,11.0,斤,,净膛,2026-06-29
肉禽蛋,禽蛋类,黑爪公鸡,11.0,12.0,11.5,斤,,净膛,2026-06-29
肉禽蛋,禽蛋类,白条鹅,10.0,10.0,10.0,斤,,净膛,2026-06-29
肉禽蛋,禽蛋类,白条湖鸭,7.0,7.0,7.0,斤,,,2026-06-29
肉禽蛋,禽蛋类,鸭肠,6.0,7.0,6.5,斤,,,2026-06-29
肉禽蛋,禽蛋类,鸭肝,2.5,3.0,2.75,斤,,,2026-06-29
肉禽蛋,禽蛋类,鸭头,13.0,13.5,13.25,斤,,,2026-06-29
肉禽蛋,禽蛋类,鸭心,5.0,5.0,5.0,斤,,,2026-06-29
肉禽蛋,禽蛋类,鸭腿,4.5,5.0,4.75,斤,,,2026-06-29
肉禽蛋,禽蛋类,鸭胗,12.5,14.5,13.5,斤,,,2026-06-29
肉禽蛋,禽蛋类,鸭脖子,7.0,7.5,7.25,斤,,去皮,2026-06-29
肉禽蛋,禽蛋类,白条乳鸽,20.0,23.0,21.5,只,,,2026-06-29
肉禽蛋,禽蛋类,白条兔,14.0,15.0,14.5,斤,,冻,2026-06-29
肉禽蛋,禽蛋类,筐鸡蛋,178.0,186.0,182.0,筐,,净44斤,2026-06-29
肉禽蛋,禽蛋类,筐鸡蛋,4.05,4.23,4.14,斤,,,2026-06-29
肉禽蛋,禽蛋类,箱鸡蛋,196.0,201.0,198.5,箱,,带蛋托净42斤,2026-06-29
肉禽蛋,禽蛋类,散鸡蛋,4.7,5.0,4.85,斤,,,2026-06-29
肉禽蛋,禽蛋类,生鸭蛋,6.0,6.5,6.25,斤,,,2026-06-29
肉禽蛋,禽蛋类,熟鸭蛋,6.8,8.0,7.4,斤,,,2026-06-29
肉禽蛋,禽蛋类,松花蛋,6.5,8.0,7.25,斤,,,2026-06-29
肉禽蛋,禽蛋类,鹅蛋,13.0,14.0,13.5,斤,,,2026-06-29
肉禽蛋,禽蛋类,鹌鹑蛋,5.3,6.5,5.9,斤,,,2026-06-29
肉禽蛋,禽蛋类,柴鸡蛋,4.23,9.0,6.62,斤,,,2026-06-29
肉禽蛋,禽蛋类,乌鸡蛋,7.5,8.5,8.0,斤,,,2026-06-29
肉禽蛋,禽蛋类,变蛋,0.7,1.0,0.85,个,,,2026-06-29
肉禽蛋,禽蛋类,鸵鸟蛋,65.0,70.0,67.5,个,,,2026-06-29
肉禽蛋,禽蛋类,鸽子蛋,2.4,2.5,2.45,个,,,2026-06-29
肉禽蛋,禽蛋类,活珠子,1.3,1.5,1.4,个,,,2026-06-29
肉禽蛋,禽蛋类,山鸡蛋,1.0,1.0,1.0,个,,,2026-06-29
肉禽蛋,禽蛋类,淘汰鸡,12.0,12.0,12.0,斤,,干净膛,2026-06-28
肉禽蛋,禽蛋类,淘汰鸡,11.0,11.0,11.0,斤,,净膛,2026-06-28
肉禽蛋,禽蛋类,仔鸡,6.5,6.5,6.5,斤,,净膛,2026-06-28
肉禽蛋,禽蛋类,肉鸡,6.5,6.8,6.65,斤,,,2026-06-28
肉禽蛋,禽蛋类,鸡胸,6.5,6.5,6.5,斤,,,2026-06-28
肉禽蛋,禽蛋类,鸡翅,11.5,12.0,11.75,斤,,,2026-06-28
肉禽蛋,禽蛋类,鸡翅尖,7.0,7.0,7.0,斤,,,2026-06-28
肉禽蛋,禽蛋类,鸡翅中,25.0,25.0,25.0,斤,,,2026-06-28
肉禽蛋,禽蛋类,鸡翅根,6.5,6.5,6.5,斤,,,2026-06-28
肉禽蛋,禽蛋类,鸡边腿,5.8,6.0,5.9,斤,,,2026-06-28
肉禽蛋,禽蛋类,鸡排腿,6.5,6.5,6.5,斤,,,2026-06-28
肉禽蛋,禽蛋类,鸡琵琶腿,6.5,6.5,6.5,斤,,,2026-06-28
肉禽蛋,禽蛋类,鸡胗,11.0,14.0,12.5,斤,,,2026-06-28
肉禽蛋,禽蛋类,鸡爪,17.0,17.0,17.0,斤,,,2026-06-28
肉禽蛋,禽蛋类,鸡心,5.0,5.0,5.0,斤,,,2026-06-28
肉禽蛋,禽蛋类,鸡肝,2.5,2.5,2.5,斤,,,2026-06-28
肉禽蛋,禽蛋类,鸡脖子,5.0,5.0,5.0,斤,,去皮,2026-06-28
肉禽蛋,禽蛋类,鸡头,2.5,3.5,3.0,斤,,,2026-06-28
肉禽蛋,禽蛋类,鸡油,5.0,5.0,5.0,斤,,,2026-06-28
肉禽蛋,禽蛋类,鸡架子,3.0,3.0,3.0,斤,,,2026-06-28
肉禽蛋,禽蛋类,白条乌鸡,11.0,11.0,11.0,斤,,净膛,2026-06-28
肉禽蛋,禽蛋类,黑爪公鸡,11.0,12.0,11.5,斤,,净膛,2026-06-28
肉禽蛋,禽蛋类,白条鹅,10.0,10.0,10.0,斤,,净膛,2026-06-28
肉禽蛋,禽蛋类,白条湖鸭,7.0,7.0,7.0,斤,,,2026-06-28
肉禽蛋,禽蛋类,鸭肠,6.0,7.0,6.5,斤,,,2026-06-28
肉禽蛋,禽蛋类,鸭肝,2.5,3.0,2.75,斤,,,2026-06-28
肉禽蛋,禽蛋类,鸭头,13.0,13.5,13.25,斤,,,2026-06-28
肉禽蛋,禽蛋类,鸭心,5.0,5.0,5.0,斤,,,2026-06-28
肉禽蛋,禽蛋类,鸭腿,4.5,5.0,4.75,斤,,,2026-06-28
肉禽蛋,禽蛋类,鸭胗,12.5,14.5,13.5,斤,,,2026-06-28
肉禽蛋,禽蛋类,鸭脖子,7.0,7.5,7.25,斤,,去皮,2026-06-28
肉禽蛋,禽蛋类,白条乳鸽,20.0,23.0,21.5,只,,,2026-06-28
肉禽蛋,禽蛋类,白条兔,14.0,15.0,14.5,斤,,冻,2026-06-28
肉禽蛋,禽蛋类,筐鸡蛋,184.0,190.0,187.0,筐,,净44斤,2026-06-28
肉禽蛋,禽蛋类,筐鸡蛋,4.18,4.32,4.25,斤,,,2026-06-28
肉禽蛋,禽蛋类,箱鸡蛋,200.0,205.0,202.5,箱,,带蛋托净42斤,2026-06-28
肉禽蛋,禽蛋类,散鸡蛋,5.0,5.0,5.0,斤,,,2026-06-28
肉禽蛋,禽蛋类,生鸭蛋,6.0,6.5,6.25,斤,,,2026-06-28
肉禽蛋,禽蛋类,熟鸭蛋,6.8,8.0,7.4,斤,,,2026-06-28
肉禽蛋,禽蛋类,松花蛋,6.5,8.0,7.25,斤,,,2026-06-28
肉禽蛋,禽蛋类,鹅蛋,13.0,14.0,13.5,斤,,,2026-06-28
肉禽蛋,禽蛋类,鹌鹑蛋,5.6,7.0,6.3,斤,,,2026-06-28
肉禽蛋,禽蛋类,柴鸡蛋,4.32,9.0,6.66,斤,,,2026-06-28
肉禽蛋,禽蛋类,乌鸡蛋,7.5,8.5,8.0,斤,,,2026-06-28
肉禽蛋,禽蛋类,变蛋,0.7,1.0,0.85,个,,,2026-06-28
肉禽蛋,禽蛋类,鸵鸟蛋,65.0,70.0,67.5,个,,,2026-06-28
肉禽蛋,禽蛋类,鸽子蛋,2.4,2.5,2.45,个,,,2026-06-28
肉禽蛋,禽蛋类,活珠子,1.3,1.5,1.4,个,,,2026-06-28
肉禽蛋,禽蛋类,山鸡蛋,1.0,1.0,1.0,个,,,2026-06-28
肉禽蛋,禽蛋类,淘汰鸡,12.0,12.0,12.0,斤,,干净膛,2026-06-27
肉禽蛋,禽蛋类,淘汰鸡,11.0,11.0,11.0,斤,,净膛,2026-06-27
肉禽蛋,禽蛋类,仔鸡,6.5,6.5,6.5,斤,,净膛,2026-06-27
肉禽蛋,禽蛋类,肉鸡,6.5,6.8,6.65,斤,,,2026-06-27
肉禽蛋,禽蛋类,鸡胸,6.5,6.5,6.5,斤,,,2026-06-27
肉禽蛋,禽蛋类,鸡翅,11.5,12.0,11.75,斤,,,2026-06-27
肉禽蛋,禽蛋类,鸡翅尖,7.0,7.0,7.0,斤,,,2026-06-27
肉禽蛋,禽蛋类,鸡翅中,25.0,25.0,25.0,斤,,,2026-06-27
肉禽蛋,禽蛋类,鸡翅根,6.5,6.5,6.5,斤,,,2026-06-27
肉禽蛋,禽蛋类,鸡边腿,5.8,6.0,5.9,斤,,,2026-06-27
肉禽蛋,禽蛋类,鸡排腿,6.5,6.5,6.5,斤,,,2026-06-27
肉禽蛋,禽蛋类,鸡琵琶腿,6.5,6.5,6.5,斤,,,2026-06-27
肉禽蛋,禽蛋类,鸡胗,11.0,14.0,12.5,斤,,,2026-06-27
肉禽蛋,禽蛋类,鸡爪,17.0,17.0,17.0,斤,,,2026-06-27
肉禽蛋,禽蛋类,鸡心,5.0,5.0,5.0,斤,,,2026-06-27
肉禽蛋,禽蛋类,鸡肝,2.5,2.5,2.5,斤,,,2026-06-27
肉禽蛋,禽蛋类,鸡脖子,5.0,5.0,5.0,斤,,去皮,2026-06-27
肉禽蛋,禽蛋类,鸡头,2.5,3.5,3.0,斤,,,2026-06-27
肉禽蛋,禽蛋类,鸡油,5.0,5.0,5.0,斤,,,2026-06-27
肉禽蛋,禽蛋类,鸡架子,3.0,3.0,3.0,斤,,,2026-06-27
肉禽蛋,禽蛋类,白条乌鸡,11.0,11.0,11.0,斤,,净膛,2026-06-27
肉禽蛋,禽蛋类,黑爪公鸡,11.0,12.0,11.5,斤,,净膛,2026-06-27
肉禽蛋,禽蛋类,白条鹅,10.0,10.0,10.0,斤,,净膛,2026-06-27
肉禽蛋,禽蛋类,白条湖鸭,7.0,7.0,7.0,斤,,,2026-06-27
肉禽蛋,禽蛋类,鸭肠,6.0,7.0,6.5,斤,,,2026-06-27
肉禽蛋,禽蛋类,鸭肝,2.5,3.0,2.75,斤,,,2026-06-27
肉禽蛋,禽蛋类,鸭头,13.0,13.5,13.25,斤,,,2026-06-27
肉禽蛋,禽蛋类,鸭心,5.0,5.0,5.0,斤,,,2026-06-27
肉禽蛋,禽蛋类,鸭腿,4.5,5.0,4.75,斤,,,2026-06-27
肉禽蛋,禽蛋类,鸭胗,12.5,14.5,13.5,斤,,,2026-06-27
肉禽蛋,禽蛋类,鸭脖子,7.0,7.5,7.25,斤,,去皮,2026-06-27
肉禽蛋,禽蛋类,白条乳鸽,20.0,23.0,21.5,只,,,2026-06-27
肉禽蛋,禽蛋类,白条兔,14.0,15.0,14.5,斤,,冻,2026-06-27
肉禽蛋,禽蛋类,筐鸡蛋,188.0,193.0,190.5,筐,,净44斤,2026-06-27
肉禽蛋,禽蛋类,筐鸡蛋,4.27,4.39,4.33,斤,,,2026-06-27
肉禽蛋,禽蛋类,箱鸡蛋,203.0,208.0,205.5,箱,,带蛋托净42斤,2026-06-27
肉禽蛋,禽蛋类,散鸡蛋,5.0,5.0,5.0,斤,,,2026-06-27
肉禽蛋,禽蛋类,生鸭蛋,6.0,6.5,6.25,斤,,,2026-06-27
肉禽蛋,禽蛋类,熟鸭蛋,6.8,8.0,7.4,斤,,,2026-06-27
肉禽蛋,禽蛋类,松花蛋,6.5,8.0,7.25,斤,,,2026-06-27
肉禽蛋,禽蛋类,鹅蛋,13.0,14.0,13.5,斤,,,2026-06-27
肉禽蛋,禽蛋类,鹌鹑蛋,5.6,7.0,6.3,斤,,,2026-06-27
肉禽蛋,禽蛋类,柴鸡蛋,4.43,9.0,6.72,斤,,,2026-06-27
肉禽蛋,禽蛋类,乌鸡蛋,7.5,8.5,8.0,斤,,,2026-06-27
肉禽蛋,禽蛋类,变蛋,0.7,1.0,0.85,个,,,2026-06-27
肉禽蛋,禽蛋类,鸵鸟蛋,65.0,70.0,67.5,个,,,2026-06-27
肉禽蛋,禽蛋类,鸽子蛋,2.4,2.5,2.45,个,,,2026-06-27
肉禽蛋,禽蛋类,活珠子,1.3,1.5,1.4,个,,,2026-06-27
肉禽蛋,禽蛋类,山鸡蛋,1.0,1.0,1.0,个,,,2026-06-27
肉禽蛋,禽蛋类,淘汰鸡,12.0,12.0,12.0,斤,,干净膛,2026-06-26
肉禽蛋,禽蛋类,淘汰鸡,11.0,11.0,11.0,斤,,净膛,2026-06-26
肉禽蛋,禽蛋类,仔鸡,6.5,6.5,6.5,斤,,净膛,2026-06-26
肉禽蛋,禽蛋类,肉鸡,6.5,6.8,6.65,斤,,,2026-06-26
肉禽蛋,禽蛋类,鸡胸,6.5,6.5,6.5,斤,,,2026-06-26
肉禽蛋,禽蛋类,鸡翅,11.5,12.0,11.75,斤,,,2026-06-26
肉禽蛋,禽蛋类,鸡翅尖,7.0,7.0,7.0,斤,,,2026-06-26
肉禽蛋,禽蛋类,鸡翅中,25.0,25.0,25.0,斤,,,2026-06-26
肉禽蛋,禽蛋类,鸡翅根,6.5,6.5,6.5,斤,,,2026-06-26
肉禽蛋,禽蛋类,鸡边腿,5.8,6.0,5.9,斤,,,2026-06-26
肉禽蛋,禽蛋类,鸡排腿,6.5,6.5,6.5,斤,,,2026-06-26
肉禽蛋,禽蛋类,鸡琵琶腿,6.5,6.5,6.5,斤,,,2026-06-26
肉禽蛋,禽蛋类,鸡胗,11.0,14.0,12.5,斤,,,2026-06-26
肉禽蛋,禽蛋类,鸡爪,17.0,17.0,17.0,斤,,,2026-06-26
肉禽蛋,禽蛋类,鸡心,5.0,5.0,5.0,斤,,,2026-06-26
肉禽蛋,禽蛋类,鸡肝,2.5,2.5,2.5,斤,,,2026-06-26
肉禽蛋,禽蛋类,鸡脖子,5.0,5.0,5.0,斤,,去皮,2026-06-26
肉禽蛋,禽蛋类,鸡头,2.5,3.5,3.0,斤,,,2026-06-26
肉禽蛋,禽蛋类,鸡油,5.0,5.0,5.0,斤,,,2026-06-26
肉禽蛋,禽蛋类,鸡架子,3.0,3.0,3.0,斤,,,2026-06-26
肉禽蛋,禽蛋类,白条乌鸡,11.0,11.0,11.0,斤,,净膛,2026-06-26
肉禽蛋,禽蛋类,黑爪公鸡,11.0,12.0,11.5,斤,,净膛,2026-06-26
肉禽蛋,禽蛋类,白条鹅,10.0,10.0,10.0,斤,,净膛,2026-06-26
肉禽蛋,禽蛋类,白条湖鸭,7.0,7.0,7.0,斤,,,2026-06-26
肉禽蛋,禽蛋类,鸭肠,6.0,7.0,6.5,斤,,,2026-06-26
肉禽蛋,禽蛋类,鸭肝,2.5,3.0,2.75,斤,,,2026-06-26
肉禽蛋,禽蛋类,鸭头,13.0,13.5,13.25,斤,,,2026-06-26
肉禽蛋,禽蛋类,鸭心,5.0,5.0,5.0,斤,,,2026-06-26
肉禽蛋,禽蛋类,鸭腿,4.5,5.0,4.75,斤,,,2026-06-26
肉禽蛋,禽蛋类,鸭胗,12.5,14.5,13.5,斤,,,2026-06-26
肉禽蛋,禽蛋类,鸭脖子,7.0,7.5,7.25,斤,,去皮,2026-06-26
肉禽蛋,禽蛋类,白条乳鸽,20.0,23.0,21.5,只,,,2026-06-26
肉禽蛋,禽蛋类,白条兔,14.0,15.0,14.5,斤,,冻,2026-06-26
肉禽蛋,禽蛋类,筐鸡蛋,188.0,195.0,191.5,筐,,净44斤,2026-06-26
肉禽蛋,禽蛋类,筐鸡蛋,4.27,4.43,4.35,斤,,,2026-06-26
肉禽蛋,禽蛋类,箱鸡蛋,205.0,210.0,207.5,箱,,带蛋托净42斤,2026-06-26
肉禽蛋,禽蛋类,散鸡蛋,5.0,5.0,5.0,斤,,,2026-06-26
肉禽蛋,禽蛋类,生鸭蛋,6.0,6.5,6.25,斤,,,2026-06-26
肉禽蛋,禽蛋类,熟鸭蛋,6.8,8.0,7.4,斤,,,2026-06-26
肉禽蛋,禽蛋类,松花蛋,6.5,8.0,7.25,斤,,,2026-06-26
肉禽蛋,禽蛋类,鹅蛋,13.0,14.0,13.5,斤,,,2026-06-26
肉禽蛋,禽蛋类,鹌鹑蛋,5.6,7.0,6.3,斤,,,2026-06-26
肉禽蛋,禽蛋类,柴鸡蛋,4.43,9.0,6.72,斤,,,2026-06-26
肉禽蛋,禽蛋类,乌鸡蛋,7.5,8.5,8.0,斤,,,2026-06-26
肉禽蛋,禽蛋类,变蛋,0.7,1.0,0.85,个,,,2026-06-26
肉禽蛋,禽蛋类,鸵鸟蛋,65.0,70.0,67.5,个,,,2026-06-26
肉禽蛋,禽蛋类,鸽子蛋,2.4,2.5,2.45,个,,,2026-06-26
肉禽蛋,禽蛋类,活珠子,1.3,1.5,1.4,个,,,2026-06-26
肉禽蛋,禽蛋类,山鸡蛋,1.0,1.0,1.0,个,,,2026-06-26
肉禽蛋,禽蛋类,淘汰鸡,12.0,12.0,12.0,斤,,干净膛,2026-06-25
肉禽蛋,禽蛋类,淘汰鸡,11.0,11.0,11.0,斤,,净膛,2026-06-25
肉禽蛋,禽蛋类,仔鸡,6.5,6.5,6.5,斤,,净膛,2026-06-25
肉禽蛋,禽蛋类,肉鸡,6.5,6.8,6.65,斤,,,2026-06-25
肉禽蛋,禽蛋类,鸡胸,6.5,6.5,6.5,斤,,,2026-06-25
肉禽蛋,禽蛋类,鸡翅,11.5,12.0,11.75,斤,,,2026-06-25
肉禽蛋,禽蛋类,鸡翅尖,7.0,7.0,7.0,斤,,,2026-06-25
肉禽蛋,禽蛋类,鸡翅中,25.0,25.0,25.0,斤,,,2026-06-25
肉禽蛋,禽蛋类,鸡翅根,6.5,6.5,6.5,斤,,,2026-06-25
肉禽蛋,禽蛋类,鸡边腿,6.0,6.0,6.0,斤,,,2026-06-25
肉禽蛋,禽蛋类,鸡排腿,6.5,6.5,6.5,斤,,,2026-06-25
肉禽蛋,禽蛋类,鸡琵琶腿,6.5,6.5,6.5,斤,,,2026-06-25
肉禽蛋,禽蛋类,鸡胗,11.0,14.0,12.5,斤,,,2026-06-25
肉禽蛋,禽蛋类,鸡爪,17.0,17.0,17.0,斤,,,2026-06-25
肉禽蛋,禽蛋类,鸡心,5.0,5.0,5.0,斤,,,2026-06-25
肉禽蛋,禽蛋类,鸡肝,2.5,2.5,2.5,斤,,,2026-06-25
肉禽蛋,禽蛋类,鸡脖子,5.0,5.0,5.0,斤,,去皮,2026-06-25
肉禽蛋,禽蛋类,鸡头,2.5,3.0,2.75,斤,,,2026-06-25
肉禽蛋,禽蛋类,鸡油,5.0,5.0,5.0,斤,,,2026-06-25
肉禽蛋,禽蛋类,鸡架子,3.0,3.0,3.0,斤,,,2026-06-25
肉禽蛋,禽蛋类,白条乌鸡,11.0,11.0,11.0,斤,,净膛,2026-06-25
肉禽蛋,禽蛋类,黑爪公鸡,11.0,12.0,11.5,斤,,净膛,2026-06-25
肉禽蛋,禽蛋类,白条鹅,10.0,10.0,10.0,斤,,净膛,2026-06-25
肉禽蛋,禽蛋类,白条湖鸭,7.0,7.0,7.0,斤,,,2026-06-25
肉禽蛋,禽蛋类,鸭肠,6.0,7.0,6.5,斤,,,2026-06-25
肉禽蛋,禽蛋类,鸭肝,2.5,3.0,2.75,斤,,,2026-06-25
肉禽蛋,禽蛋类,鸭头,13.0,13.5,13.25,斤,,,2026-06-25
肉禽蛋,禽蛋类,鸭心,5.0,5.0,5.0,斤,,,2026-06-25
肉禽蛋,禽蛋类,鸭腿,4.5,5.0,4.75,斤,,,2026-06-25
肉禽蛋,禽蛋类,鸭胗,12.5,14.5,13.5,斤,,,2026-06-25
肉禽蛋,禽蛋类,鸭脖子,7.0,7.5,7.25,斤,,去皮,2026-06-25
肉禽蛋,禽蛋类,白条乳鸽,20.0,23.0,21.5,只,,,2026-06-25
肉禽蛋,禽蛋类,白条兔,14.0,15.0,14.5,斤,,冻,2026-06-25
肉禽蛋,禽蛋类,筐鸡蛋,193.0,200.0,196.5,筐,,净44斤,2026-06-25
肉禽蛋,禽蛋类,筐鸡蛋,4.39,4.55,4.47,斤,,,2026-06-25
肉禽蛋,禽蛋类,箱鸡蛋,210.0,215.0,212.5,箱,,带蛋托净42斤,2026-06-25
肉禽蛋,禽蛋类,散鸡蛋,5.0,5.2,5.1,斤,,,2026-06-25
肉禽蛋,禽蛋类,生鸭蛋,6.0,6.5,6.25,斤,,,2026-06-25
肉禽蛋,禽蛋类,熟鸭蛋,6.8,8.0,7.4,斤,,,2026-06-25
肉禽蛋,禽蛋类,松花蛋,6.5,8.0,7.25,斤,,,2026-06-25
肉禽蛋,禽蛋类,鹅蛋,12.5,13.0,12.75,斤,,,2026-06-25
肉禽蛋,禽蛋类,鹌鹑蛋,5.7,7.0,6.35,斤,,,2026-06-25
肉禽蛋,禽蛋类,柴鸡蛋,4.55,9.0,6.78,斤,,,2026-06-25
肉禽蛋,禽蛋类,乌鸡蛋,7.5,8.5,8.0,斤,,,2026-06-25
肉禽蛋,禽蛋类,变蛋,0.7,1.0,0.85,个,,,2026-06-25
肉禽蛋,禽蛋类,鸵鸟蛋,65.0,70.0,67.5,个,,,2026-06-25
肉禽蛋,禽蛋类,鸽子蛋,2.4,2.5,2.45,个,,,2026-06-25
肉禽蛋,禽蛋类,活珠子,1.3,1.5,1.4,个,,,2026-06-25
肉禽蛋,禽蛋类,山鸡蛋,1.0,1.0,1.0,个,,,2026-06-25
肉禽蛋,禽蛋类,淘汰鸡,12.0,12.0,12.0,斤,,干净膛,2026-06-24
肉禽蛋,禽蛋类,淘汰鸡,11.0,11.0,11.0,斤,,净膛,2026-06-24
肉禽蛋,禽蛋类,仔鸡,6.5,6.5,6.5,斤,,净膛,2026-06-24
肉禽蛋,禽蛋类,肉鸡,6.5,6.8,6.65,斤,,,2026-06-24
肉禽蛋,禽蛋类,鸡胸,6.5,6.5,6.5,斤,,,2026-06-24
肉禽蛋,禽蛋类,鸡翅,11.5,12.0,11.75,斤,,,2026-06-24
肉禽蛋,禽蛋类,鸡翅尖,7.0,7.0,7.0,斤,,,2026-06-24
肉禽蛋,禽蛋类,鸡翅中,25.0,25.0,25.0,斤,,,2026-06-24
肉禽蛋,禽蛋类,鸡翅根,6.5,6.5,6.5,斤,,,2026-06-24
肉禽蛋,禽蛋类,鸡边腿,6.0,6.0,6.0,斤,,,2026-06-24
肉禽蛋,禽蛋类,鸡排腿,6.5,6.5,6.5,斤,,,2026-06-24
肉禽蛋,禽蛋类,鸡琵琶腿,6.5,6.5,6.5,斤,,,2026-06-24
肉禽蛋,禽蛋类,鸡胗,11.0,14.0,12.5,斤,,,2026-06-24
肉禽蛋,禽蛋类,鸡爪,17.0,17.0,17.0,斤,,,2026-06-24
肉禽蛋,禽蛋类,鸡心,5.0,5.0,5.0,斤,,,2026-06-24
肉禽蛋,禽蛋类,鸡肝,2.5,2.5,2.5,斤,,,2026-06-24
肉禽蛋,禽蛋类,鸡脖子,5.0,5.0,5.0,斤,,去皮,2026-06-24
肉禽蛋,禽蛋类,鸡头,2.5,3.0,2.75,斤,,,2026-06-24
肉禽蛋,禽蛋类,鸡油,5.0,5.0,5.0,斤,,,2026-06-24
肉禽蛋,禽蛋类,鸡架子,3.0,3.0,3.0,斤,,,2026-06-24
肉禽蛋,禽蛋类,白条乌鸡,11.0,11.0,11.0,斤,,净膛,2026-06-24
肉禽蛋,禽蛋类,黑爪公鸡,11.0,12.0,11.5,斤,,净膛,2026-06-24
肉禽蛋,禽蛋类,白条鹅,10.0,10.0,10.0,斤,,净膛,2026-06-24
肉禽蛋,禽蛋类,白条湖鸭,7.0,7.0,7.0,斤,,,2026-06-24
肉禽蛋,禽蛋类,鸭肠,6.0,7.0,6.5,斤,,,2026-06-24
肉禽蛋,禽蛋类,鸭肝,2.5,3.0,2.75,斤,,,2026-06-24
肉禽蛋,禽蛋类,鸭头,13.0,13.5,13.25,斤,,,2026-06-24
肉禽蛋,禽蛋类,鸭心,5.0,5.0,5.0,斤,,,2026-06-24
肉禽蛋,禽蛋类,鸭腿,4.5,5.0,4.75,斤,,,2026-06-24
肉禽蛋,禽蛋类,鸭胗,12.5,14.5,13.5,斤,,,2026-06-24
肉禽蛋,禽蛋类,鸭脖子,7.0,7.5,7.25,斤,,去皮,2026-06-24
肉禽蛋,禽蛋类,白条乳鸽,20.0,23.0,21.5,只,,,2026-06-24
肉禽蛋,禽蛋类,白条兔,14.0,15.0,14.5,斤,,冻,2026-06-24
肉禽蛋,禽蛋类,筐鸡蛋,199.0,207.0,203.0,筐,,净44斤,2026-06-24
肉禽蛋,禽蛋类,筐鸡蛋,4.52,4.7,4.61,斤,,,2026-06-24
肉禽蛋,禽蛋类,箱鸡蛋,217.0,222.0,219.5,箱,,带蛋托净42斤,2026-06-24
肉禽蛋,禽蛋类,散鸡蛋,5.2,5.3,5.25,斤,,,2026-06-24
肉禽蛋,禽蛋类,生鸭蛋,6.0,6.5,6.25,斤,,,2026-06-24
肉禽蛋,禽蛋类,熟鸭蛋,6.8,8.0,7.4,斤,,,2026-06-24
肉禽蛋,禽蛋类,松花蛋,6.5,8.0,7.25,斤,,,2026-06-24
肉禽蛋,禽蛋类,鹅蛋,12.0,13.0,12.5,斤,,,2026-06-24
肉禽蛋,禽蛋类,鹌鹑蛋,6.0,7.0,6.5,斤,,,2026-06-24
肉禽蛋,禽蛋类,柴鸡蛋,4.7,9.0,6.85,斤,,,2026-06-24
肉禽蛋,禽蛋类,乌鸡蛋,7.5,8.5,8.0,斤,,,2026-06-24
肉禽蛋,禽蛋类,变蛋,0.7,1.0,0.85,个,,,2026-06-24
肉禽蛋,禽蛋类,鸵鸟蛋,65.0,70.0,67.5,个,,,2026-06-24
肉禽蛋,禽蛋类,鸽子蛋,2.3,2.5,2.4,个,,,2026-06-24
肉禽蛋,禽蛋类,活珠子,1.3,1.5,1.4,个,,,2026-06-24
肉禽蛋,禽蛋类,山鸡蛋,1.0,1.0,1.0,个,,,2026-06-24
肉禽蛋,禽蛋类,淘汰鸡,12.0,12.0,12.0,斤,,干净膛,2026-06-23
肉禽蛋,禽蛋类,淘汰鸡,11.0,11.0,11.0,斤,,净膛,2026-06-23
肉禽蛋,禽蛋类,仔鸡,6.5,6.5,6.5,斤,,净膛,2026-06-23
肉禽蛋,禽蛋类,肉鸡,6.5,6.8,6.65,斤,,,2026-06-23
肉禽蛋,禽蛋类,鸡胸,6.5,6.5,6.5,斤,,,2026-06-23
肉禽蛋,禽蛋类,鸡翅,11.5,12.0,11.75,斤,,,2026-06-23
肉禽蛋,禽蛋类,鸡翅尖,7.0,7.0,7.0,斤,,,2026-06-23
肉禽蛋,禽蛋类,鸡翅中,25.0,25.0,25.0,斤,,,2026-06-23
肉禽蛋,禽蛋类,鸡翅根,6.5,6.5,6.5,斤,,,2026-06-23
肉禽蛋,禽蛋类,鸡边腿,6.0,6.0,6.0,斤,,,2026-06-23
肉禽蛋,禽蛋类,鸡排腿,6.5,6.5,6.5,斤,,,2026-06-23
肉禽蛋,禽蛋类,鸡琵琶腿,6.5,6.5,6.5,斤,,,2026-06-23
肉禽蛋,禽蛋类,鸡胗,11.0,14.0,12.5,斤,,,2026-06-23
肉禽蛋,禽蛋类,鸡爪,17.0,17.0,17.0,斤,,,2026-06-23
肉禽蛋,禽蛋类,鸡心,5.0,5.0,5.0,斤,,,2026-06-23
肉禽蛋,禽蛋类,鸡肝,2.5,2.5,2.5,斤,,,2026-06-23
肉禽蛋,禽蛋类,鸡脖子,5.0,5.0,5.0,斤,,去皮,2026-06-23
肉禽蛋,禽蛋类,鸡头,2.5,3.0,2.75,斤,,,2026-06-23
肉禽蛋,禽蛋类,鸡油,5.0,5.0,5.0,斤,,,2026-06-23
肉禽蛋,禽蛋类,鸡架子,3.0,3.0,3.0,斤,,,2026-06-23
肉禽蛋,禽蛋类,白条乌鸡,11.0,11.0,11.0,斤,,净膛,2026-06-23
肉禽蛋,禽蛋类,黑爪公鸡,11.0,12.0,11.5,斤,,净膛,2026-06-23
肉禽蛋,禽蛋类,白条鹅,10.0,10.0,10.0,斤,,净膛,2026-06-23
肉禽蛋,禽蛋类,白条湖鸭,7.0,7.0,7.0,斤,,,2026-06-23
肉禽蛋,禽蛋类,鸭肠,6.0,7.0,6.5,斤,,,2026-06-23
肉禽蛋,禽蛋类,鸭肝,2.5,3.0,2.75,斤,,,2026-06-23
肉禽蛋,禽蛋类,鸭头,13.0,13.5,13.25,斤,,,2026-06-23
肉禽蛋,禽蛋类,鸭心,5.0,5.0,5.0,斤,,,2026-06-23
肉禽蛋,禽蛋类,鸭腿,4.5,5.0,4.75,斤,,,2026-06-23
肉禽蛋,禽蛋类,鸭胗,12.5,14.5,13.5,斤,,,2026-06-23
肉禽蛋,禽蛋类,鸭脖子,7.0,7.5,7.25,斤,,去皮,2026-06-23
肉禽蛋,禽蛋类,白条乳鸽,20.0,23.0,21.5,只,,,2026-06-23
肉禽蛋,禽蛋类,白条兔,14.0,15.0,14.5,斤,,冻,2026-06-23
肉禽蛋,禽蛋类,筐鸡蛋,205.0,210.0,207.5,筐,,净44斤,2026-06-23
肉禽蛋,禽蛋类,筐鸡蛋,4.66,4.77,4.72,斤,,,2026-06-23
肉禽蛋,禽蛋类,箱鸡蛋,220.0,225.0,222.5,箱,,带蛋托净42斤,2026-06-23
肉禽蛋,禽蛋类,散鸡蛋,5.3,5.4,5.35,斤,,,2026-06-23
肉禽蛋,禽蛋类,生鸭蛋,6.0,6.5,6.25,斤,,,2026-06-23
肉禽蛋,禽蛋类,熟鸭蛋,6.8,8.0,7.4,斤,,,2026-06-23
肉禽蛋,禽蛋类,松花蛋,6.5,8.0,7.25,斤,,,2026-06-23
肉禽蛋,禽蛋类,鹅蛋,12.0,13.0,12.5,斤,,,2026-06-23
肉禽蛋,禽蛋类,鹌鹑蛋,6.0,7.0,6.5,斤,,,2026-06-23
肉禽蛋,禽蛋类,柴鸡蛋,4.77,9.5,7.14,斤,,,2026-06-23
肉禽蛋,禽蛋类,乌鸡蛋,7.5,8.5,8.0,斤,,,2026-06-23
肉禽蛋,禽蛋类,变蛋,0.7,1.0,0.85,个,,,2026-06-23
肉禽蛋,禽蛋类,鸵鸟蛋,65.0,75.0,70.0,个,,,2026-06-23
肉禽蛋,禽蛋类,鸽子蛋,2.3,2.5,2.4,个,,,2026-06-23
肉禽蛋,禽蛋类,活珠子,1.3,1.5,1.4,个,,,2026-06-23
肉禽蛋,禽蛋类,山鸡蛋,1.0,1.0,1.0,个,,,2026-06-23
肉禽蛋,禽蛋类,淘汰鸡,12.0,12.0,12.0,斤,,干净膛,2026-06-22
肉禽蛋,禽蛋类,淘汰鸡,11.0,11.0,11.0,斤,,净膛,2026-06-22
肉禽蛋,禽蛋类,仔鸡,6.5,6.5,6.5,斤,,净膛,2026-06-22
肉禽蛋,禽蛋类,肉鸡,6.5,6.8,6.65,斤,,,2026-06-22
肉禽蛋,禽蛋类,鸡胸,6.5,6.5,6.5,斤,,,2026-06-22
肉禽蛋,禽蛋类,鸡翅,11.5,12.0,11.75,斤,,,2026-06-22
肉禽蛋,禽蛋类,鸡翅尖,7.0,7.0,7.0,斤,,,2026-06-22
肉禽蛋,禽蛋类,鸡翅中,25.0,25.0,25.0,斤,,,2026-06-22
肉禽蛋,禽蛋类,鸡翅根,6.5,7.0,6.75,斤,,,2026-06-22
肉禽蛋,禽蛋类,鸡边腿,6.0,6.0,6.0,斤,,,2026-06-22
肉禽蛋,禽蛋类,鸡排腿,6.5,7.0,6.75,斤,,,2026-06-22
肉禽蛋,禽蛋类,鸡琵琶腿,6.5,7.0,6.75,斤,,,2026-06-22
肉禽蛋,禽蛋类,鸡胗,11.0,14.0,12.5,斤,,,2026-06-22
肉禽蛋,禽蛋类,鸡爪,17.0,17.0,17.0,斤,,,2026-06-22
肉禽蛋,禽蛋类,鸡心,5.0,5.0,5.0,斤,,,2026-06-22
肉禽蛋,禽蛋类,鸡肝,2.5,2.5,2.5,斤,,,2026-06-22
肉禽蛋,禽蛋类,鸡脖子,5.0,5.0,5.0,斤,,去皮,2026-06-22
肉禽蛋,禽蛋类,鸡头,2.5,3.0,2.75,斤,,,2026-06-22
肉禽蛋,禽蛋类,鸡油,5.0,5.0,5.0,斤,,,2026-06-22
肉禽蛋,禽蛋类,鸡架子,3.0,3.0,3.0,斤,,,2026-06-22
肉禽蛋,禽蛋类,白条乌鸡,11.0,11.0,11.0,斤,,净膛,2026-06-22
肉禽蛋,禽蛋类,黑爪公鸡,11.0,12.0,11.5,斤,,净膛,2026-06-22
肉禽蛋,禽蛋类,白条鹅,10.0,10.0,10.0,斤,,净膛,2026-06-22
肉禽蛋,禽蛋类,白条湖鸭,7.0,7.0,7.0,斤,,,2026-06-22
肉禽蛋,禽蛋类,鸭肠,6.0,7.0,6.5,斤,,,2026-06-22
肉禽蛋,禽蛋类,鸭肝,2.5,3.0,2.75,斤,,,2026-06-22
肉禽蛋,禽蛋类,鸭头,13.0,13.5,13.25,斤,,,2026-06-22
肉禽蛋,禽蛋类,鸭心,5.0,5.0,5.0,斤,,,2026-06-22
肉禽蛋,禽蛋类,鸭腿,4.5,5.0,4.75,斤,,,2026-06-22
肉禽蛋,禽蛋类,鸭胗,12.5,14.5,13.5,斤,,,2026-06-22
肉禽蛋,禽蛋类,鸭脖子,7.0,7.5,7.25,斤,,去皮,2026-06-22
肉禽蛋,禽蛋类,白条乳鸽,20.0,23.0,21.5,只,,,2026-06-22
肉禽蛋,禽蛋类,白条兔,14.5,15.0,14.75,斤,,冻,2026-06-22
肉禽蛋,禽蛋类,筐鸡蛋,205.0,210.0,207.5,筐,,净44斤,2026-06-22
肉禽蛋,禽蛋类,筐鸡蛋,4.66,4.77,4.72,斤,,,2026-06-22
肉禽蛋,禽蛋类,箱鸡蛋,220.0,225.0,222.5,箱,,带蛋托净42斤,2026-06-22
肉禽蛋,禽蛋类,散鸡蛋,5.3,5.4,5.35,斤,,,2026-06-22
肉禽蛋,禽蛋类,生鸭蛋,6.0,6.5,6.25,斤,,,2026-06-22
肉禽蛋,禽蛋类,熟鸭蛋,6.8,8.0,7.4,斤,,,2026-06-22
肉禽蛋,禽蛋类,松花蛋,6.5,8.0,7.25,斤,,,2026-06-22
肉禽蛋,禽蛋类,鹅蛋,12.0,13.0,12.5,斤,,,2026-06-22
肉禽蛋,禽蛋类,鹌鹑蛋,6.0,7.0,6.5,斤,,,2026-06-22
肉禽蛋,禽蛋类,柴鸡蛋,4.77,10.0,7.39,斤,,,2026-06-22
肉禽蛋,禽蛋类,乌鸡蛋,7.5,8.5,8.0,斤,,,2026-06-22
肉禽蛋,禽蛋类,变蛋,0.7,1.0,0.85,个,,,2026-06-22
肉禽蛋,禽蛋类,鸵鸟蛋,65.0,80.0,72.5,个,,,2026-06-22
肉禽蛋,禽蛋类,鸽子蛋,2.3,2.5,2.4,个,,,2026-06-22
肉禽蛋,禽蛋类,活珠子,1.3,1.5,1.4,个,,,2026-06-22
肉禽蛋,禽蛋类,山鸡蛋,1.0,1.0,1.0,个,,,2026-06-22
肉禽蛋,禽蛋类,淘汰鸡,12.0,12.0,12.0,斤,,干净膛,2026-06-21
肉禽蛋,禽蛋类,淘汰鸡,11.0,11.0,11.0,斤,,净膛,2026-06-21
肉禽蛋,禽蛋类,仔鸡,6.5,6.5,6.5,斤,,净膛,2026-06-21
肉禽蛋,禽蛋类,肉鸡,6.5,6.8,6.65,斤,,,2026-06-21
肉禽蛋,禽蛋类,鸡胸,6.5,6.5,6.5,斤,,,2026-06-21
肉禽蛋,禽蛋类,鸡翅,11.5,12.0,11.75,斤,,,2026-06-21
肉禽蛋,禽蛋类,鸡翅尖,7.0,7.0,7.0,斤,,,2026-06-21
肉禽蛋,禽蛋类,鸡翅中,25.0,25.0,25.0,斤,,,2026-06-21
肉禽蛋,禽蛋类,鸡翅根,6.5,7.0,6.75,斤,,,2026-06-21
肉禽蛋,禽蛋类,鸡边腿,6.0,6.0,6.0,斤,,,2026-06-21
肉禽蛋,禽蛋类,鸡排腿,6.5,7.0,6.75,斤,,,2026-06-21
肉禽蛋,禽蛋类,鸡琵琶腿,6.5,7.0,6.75,斤,,,2026-06-21
肉禽蛋,禽蛋类,鸡胗,11.0,14.0,12.5,斤,,,2026-06-21
肉禽蛋,禽蛋类,鸡爪,17.0,17.0,17.0,斤,,,2026-06-21
肉禽蛋,禽蛋类,鸡心,5.0,5.0,5.0,斤,,,2026-06-21
肉禽蛋,禽蛋类,鸡肝,2.5,2.5,2.5,斤,,,2026-06-21
肉禽蛋,禽蛋类,鸡脖子,5.0,5.0,5.0,斤,,去皮,2026-06-21
肉禽蛋,禽蛋类,鸡头,2.5,3.0,2.75,斤,,,2026-06-21
肉禽蛋,禽蛋类,鸡油,5.0,5.0,5.0,斤,,,2026-06-21
肉禽蛋,禽蛋类,鸡架子,3.0,3.0,3.0,斤,,,2026-06-21
肉禽蛋,禽蛋类,白条乌鸡,11.0,11.0,11.0,斤,,净膛,2026-06-21
肉禽蛋,禽蛋类,黑爪公鸡,11.0,12.0,11.5,斤,,净膛,2026-06-21
肉禽蛋,禽蛋类,白条鹅,10.0,10.0,10.0,斤,,净膛,2026-06-21
肉禽蛋,禽蛋类,白条湖鸭,7.0,7.0,7.0,斤,,,2026-06-21
肉禽蛋,禽蛋类,鸭肠,6.0,7.0,6.5,斤,,,2026-06-21
肉禽蛋,禽蛋类,鸭肝,2.5,3.0,2.75,斤,,,2026-06-21
肉禽蛋,禽蛋类,鸭头,13.0,13.5,13.25,斤,,,2026-06-21
肉禽蛋,禽蛋类,鸭心,5.0,5.0,5.0,斤,,,2026-06-21
肉禽蛋,禽蛋类,鸭腿,4.5,5.0,4.75,斤,,,2026-06-21
肉禽蛋,禽蛋类,鸭胗,12.5,14.5,13.5,斤,,,2026-06-21
肉禽蛋,禽蛋类,鸭脖子,7.0,7.5,7.25,斤,,去皮,2026-06-21
肉禽蛋,禽蛋类,白条乳鸽,20.0,23.0,21.5,只,,,2026-06-21
肉禽蛋,禽蛋类,白条兔,14.5,15.0,14.75,斤,,冻,2026-06-21
肉禽蛋,禽蛋类,筐鸡蛋,205.0,210.0,207.5,筐,,净44斤,2026-06-21
肉禽蛋,禽蛋类,筐鸡蛋,4.66,4.77,4.72,斤,,,2026-06-21
肉禽蛋,禽蛋类,箱鸡蛋,220.0,225.0,222.5,箱,,带蛋托净42斤,2026-06-21
肉禽蛋,禽蛋类,散鸡蛋,5.4,5.5,5.45,斤,,,2026-06-21
肉禽蛋,禽蛋类,生鸭蛋,6.0,6.5,6.25,斤,,,2026-06-21
肉禽蛋,禽蛋类,熟鸭蛋,6.8,8.0,7.4,斤,,,2026-06-21
肉禽蛋,禽蛋类,松花蛋,6.5,8.0,7.25,斤,,,2026-06-21
肉禽蛋,禽蛋类,鹅蛋,11.5,13.0,12.25,斤,,,2026-06-21
肉禽蛋,禽蛋类,鹌鹑蛋,6.0,7.0,6.5,斤,,,2026-06-21
肉禽蛋,禽蛋类,柴鸡蛋,4.77,10.0,7.39,斤,,,2026-06-21
肉禽蛋,禽蛋类,乌鸡蛋,7.5,8.5,8.0,斤,,,2026-06-21
肉禽蛋,禽蛋类,变蛋,0.7,1.0,0.85,个,,,2026-06-21
肉禽蛋,禽蛋类,鸵鸟蛋,65.0,80.0,72.5,个,,,2026-06-21
肉禽蛋,禽蛋类,鸽子蛋,2.4,2.5,2.45,个,,,2026-06-21
肉禽蛋,禽蛋类,活珠子,1.3,1.5,1.4,个,,,2026-06-21
肉禽蛋,禽蛋类,山鸡蛋,1.0,1.0,1.0,个,,,2026-06-21
肉禽蛋,禽蛋类,淘汰鸡,12.0,12.0,12.0,斤,,干净膛,2026-06-20
肉禽蛋,禽蛋类,淘汰鸡,11.0,11.0,11.0,斤,,净膛,2026-06-20
肉禽蛋,禽蛋类,仔鸡,6.5,6.5,6.5,斤,,净膛,2026-06-20
肉禽蛋,禽蛋类,肉鸡,6.5,6.8,6.65,斤,,,2026-06-20
肉禽蛋,禽蛋类,鸡胸,6.5,6.5,6.5,斤,,,2026-06-20
肉禽蛋,禽蛋类,鸡翅,11.5,12.0,11.75,斤,,,2026-06-20
肉禽蛋,禽蛋类,鸡翅尖,7.0,7.0,7.0,斤,,,2026-06-20
肉禽蛋,禽蛋类,鸡翅中,25.0,25.0,25.0,斤,,,2026-06-20
肉禽蛋,禽蛋类,鸡翅根,6.5,7.0,6.75,斤,,,2026-06-20
肉禽蛋,禽蛋类,鸡边腿,6.0,6.0,6.0,斤,,,2026-06-20
肉禽蛋,禽蛋类,鸡排腿,6.5,7.0,6.75,斤,,,2026-06-20
肉禽蛋,禽蛋类,鸡琵琶腿,6.5,7.0,6.75,斤,,,2026-06-20
肉禽蛋,禽蛋类,鸡胗,11.0,14.0,12.5,斤,,,2026-06-20
肉禽蛋,禽蛋类,鸡爪,17.0,17.0,17.0,斤,,,2026-06-20
肉禽蛋,禽蛋类,鸡心,5.0,5.0,5.0,斤,,,2026-06-20
肉禽蛋,禽蛋类,鸡肝,2.5,2.5,2.5,斤,,,2026-06-20
肉禽蛋,禽蛋类,鸡脖子,5.0,5.0,5.0,斤,,去皮,2026-06-20
肉禽蛋,禽蛋类,鸡头,2.5,3.0,2.75,斤,,,2026-06-20
肉禽蛋,禽蛋类,鸡油,5.0,5.0,5.0,斤,,,2026-06-20
肉禽蛋,禽蛋类,鸡架子,3.0,3.0,3.0,斤,,,2026-06-20
肉禽蛋,禽蛋类,白条乌鸡,11.0,11.0,11.0,斤,,净膛,2026-06-20
肉禽蛋,禽蛋类,黑爪公鸡,11.0,12.0,11.5,斤,,净膛,2026-06-20
肉禽蛋,禽蛋类,白条鹅,10.0,10.0,10.0,斤,,净膛,2026-06-20
肉禽蛋,禽蛋类,白条湖鸭,7.0,7.0,7.0,斤,,,2026-06-20
肉禽蛋,禽蛋类,鸭肠,6.0,7.0,6.5,斤,,,2026-06-20
肉禽蛋,禽蛋类,鸭肝,2.5,3.0,2.75,斤,,,2026-06-20
肉禽蛋,禽蛋类,鸭头,13.0,13.5,13.25,斤,,,2026-06-20
肉禽蛋,禽蛋类,鸭心,5.0,5.0,5.0,斤,,,2026-06-20
肉禽蛋,禽蛋类,鸭腿,4.5,5.0,4.75,斤,,,2026-06-20
肉禽蛋,禽蛋类,鸭胗,12.5,14.5,13.5,斤,,,2026-06-20
肉禽蛋,禽蛋类,鸭脖子,7.0,7.5,7.25,斤,,去皮,2026-06-20
肉禽蛋,禽蛋类,白条乳鸽,20.0,23.0,21.5,只,,,2026-06-20
肉禽蛋,禽蛋类,白条兔,14.5,15.0,14.75,斤,,冻,2026-06-20
肉禽蛋,禽蛋类,筐鸡蛋,205.0,212.0,208.5,筐,,净44斤,2026-06-20
肉禽蛋,禽蛋类,筐鸡蛋,4.66,4.82,4.74,斤,,,2026-06-20
肉禽蛋,禽蛋类,箱鸡蛋,222.0,227.0,224.5,箱,,带蛋托净42斤,2026-06-20
肉禽蛋,禽蛋类,散鸡蛋,5.4,5.5,5.45,斤,,,2026-06-20
肉禽蛋,禽蛋类,生鸭蛋,6.0,6.5,6.25,斤,,,2026-06-20
肉禽蛋,禽蛋类,熟鸭蛋,6.8,8.0,7.4,斤,,,2026-06-20
肉禽蛋,禽蛋类,松花蛋,6.5,8.0,7.25,斤,,,2026-06-20
肉禽蛋,禽蛋类,鹅蛋,11.5,13.0,12.25,斤,,,2026-06-20
肉禽蛋,禽蛋类,鹌鹑蛋,6.0,7.0,6.5,斤,,,2026-06-20
肉禽蛋,禽蛋类,柴鸡蛋,4.82,10.0,7.41,斤,,,2026-06-20
肉禽蛋,禽蛋类,乌鸡蛋,7.5,8.5,8.0,斤,,,2026-06-20
肉禽蛋,禽蛋类,变蛋,0.7,1.0,0.85,个,,,2026-06-20
肉禽蛋,禽蛋类,鸵鸟蛋,65.0,80.0,72.5,个,,,2026-06-20
肉禽蛋,禽蛋类,鸽子蛋,2.4,2.5,2.45,个,,,2026-06-20
肉禽蛋,禽蛋类,活珠子,1.3,1.5,1.4,个,,,2026-06-20
肉禽蛋,禽蛋类,山鸡蛋,1.0,1.0,1.0,个,,,2026-06-20
肉禽蛋,禽蛋类,淘汰鸡,12.0,12.0,12.0,斤,,干净膛,2026-06-19
肉禽蛋,禽蛋类,淘汰鸡,11.0,11.0,11.0,斤,,净膛,2026-06-19
肉禽蛋,禽蛋类,仔鸡,6.5,6.5,6.5,斤,,净膛,2026-06-19
肉禽蛋,禽蛋类,肉鸡,6.5,6.8,6.65,斤,,,2026-06-19
肉禽蛋,禽蛋类,鸡胸,6.5,6.5,6.5,斤,,,2026-06-19
肉禽蛋,禽蛋类,鸡翅,11.5,12.0,11.75,斤,,,2026-06-19
肉禽蛋,禽蛋类,鸡翅尖,7.0,7.0,7.0,斤,,,2026-06-19
肉禽蛋,禽蛋类,鸡翅中,25.0,25.0,25.0,斤,,,2026-06-19
肉禽蛋,禽蛋类,鸡翅根,6.5,7.0,6.75,斤,,,2026-06-19
肉禽蛋,禽蛋类,鸡边腿,6.0,6.0,6.0,斤,,,2026-06-19
肉禽蛋,禽蛋类,鸡排腿,6.5,7.0,6.75,斤,,,2026-06-19
肉禽蛋,禽蛋类,鸡琵琶腿,6.5,7.0,6.75,斤,,,2026-06-19
肉禽蛋,禽蛋类,鸡胗,11.0,14.0,12.5,斤,,,2026-06-19
肉禽蛋,禽蛋类,鸡爪,17.0,17.0,17.0,斤,,,2026-06-19
肉禽蛋,禽蛋类,鸡心,5.0,5.0,5.0,斤,,,2026-06-19
肉禽蛋,禽蛋类,鸡肝,2.5,2.5,2.5,斤,,,2026-06-19
肉禽蛋,禽蛋类,鸡脖子,5.0,5.0,5.0,斤,,去皮,2026-06-19
肉禽蛋,禽蛋类,鸡头,2.5,3.0,2.75,斤,,,2026-06-19
肉禽蛋,禽蛋类,鸡油,5.0,5.0,5.0,斤,,,2026-06-19
肉禽蛋,禽蛋类,鸡架子,3.0,3.0,3.0,斤,,,2026-06-19
肉禽蛋,禽蛋类,白条乌鸡,11.0,11.0,11.0,斤,,净膛,2026-06-19
肉禽蛋,禽蛋类,黑爪公鸡,11.0,12.0,11.5,斤,,净膛,2026-06-19
肉禽蛋,禽蛋类,白条鹅,10.0,10.0,10.0,斤,,净膛,2026-06-19
肉禽蛋,禽蛋类,白条湖鸭,7.0,7.0,7.0,斤,,,2026-06-19
肉禽蛋,禽蛋类,鸭肠,6.0,7.0,6.5,斤,,,2026-06-19
肉禽蛋,禽蛋类,鸭肝,2.5,3.0,2.75,斤,,,2026-06-19
肉禽蛋,禽蛋类,鸭头,13.0,13.5,13.25,斤,,,2026-06-19
肉禽蛋,禽蛋类,鸭心,5.0,5.0,5.0,斤,,,2026-06-19
肉禽蛋,禽蛋类,鸭腿,4.5,5.0,4.75,斤,,,2026-06-19
肉禽蛋,禽蛋类,鸭胗,12.5,14.5,13.5,斤,,,2026-06-19
肉禽蛋,禽蛋类,鸭脖子,7.0,7.5,7.25,斤,,去皮,2026-06-19
肉禽蛋,禽蛋类,白条乳鸽,20.0,23.0,21.5,只,,,2026-06-19
肉禽蛋,禽蛋类,白条兔,14.5,15.0,14.75,斤,,冻,2026-06-19
肉禽蛋,禽蛋类,筐鸡蛋,210.0,217.0,213.5,筐,,净44斤,2026-06-19
肉禽蛋,禽蛋类,筐鸡蛋,4.77,4.93,4.85,斤,,,2026-06-19
肉禽蛋,禽蛋类,箱鸡蛋,227.0,232.0,229.5,箱,,带蛋托净42斤,2026-06-19
肉禽蛋,禽蛋类,散鸡蛋,5.4,5.5,5.45,斤,,,2026-06-19
肉禽蛋,禽蛋类,生鸭蛋,6.0,6.5,6.25,斤,,,2026-06-19
肉禽蛋,禽蛋类,熟鸭蛋,6.8,8.0,7.4,斤,,,2026-06-19
肉禽蛋,禽蛋类,松花蛋,6.5,8.0,7.25,斤,,,2026-06-19
肉禽蛋,禽蛋类,鹅蛋,11.5,13.0,12.25,斤,,,2026-06-19
肉禽蛋,禽蛋类,鹌鹑蛋,6.0,7.0,6.5,斤,,,2026-06-19
肉禽蛋,禽蛋类,柴鸡蛋,4.93,10.0,7.47,斤,,,2026-06-19
肉禽蛋,禽蛋类,乌鸡蛋,7.5,8.5,8.0,斤,,,2026-06-19
肉禽蛋,禽蛋类,变蛋,0.7,1.0,0.85,个,,,2026-06-19
肉禽蛋,禽蛋类,鸵鸟蛋,65.0,80.0,72.5,个,,,2026-06-19
肉禽蛋,禽蛋类,鸽子蛋,2.4,2.5,2.45,个,,,2026-06-19
肉禽蛋,禽蛋类,活珠子,1.3,1.5,1.4,个,,,2026-06-19
肉禽蛋,禽蛋类,山鸡蛋,1.0,1.0,1.0,个,,,2026-06-19
